skin_name,date,price,volume,listings
AK-47 | Case Hardened (Field-Tested),2025-09-21,1608.5,0,0
AK-47 | Case Hardened (Field-Tested),2025-09-22,1608.5,0,0
AK-47 | Case Hardened (Field-Tested),2025-09-23,1607.5,0,0
AK-47 | Case Hardened (Field-Tested),2025-09-24,1605.0,0,0
AK-47 | Case Hardened (Field-Tested),2025-09-25,1607.8,0,0
AK-47 | Case Hardened (Field-Tested),2025-09-26,1607.3,0,0
AK-47 | Case Hardened (Field-Tested),2025-09-27,1601.98,0,0
AK-47 | Case Hardened (Field-Tested),2025-09-28,1600.0,0,0
AK-47 | Case Hardened (Field-Tested),2025-09-29,1607.3,0,0
AK-47 | Case Hardened (Field-Tested),2025-09-30,1607.3,0,0
AK-47 | Case Hardened (Field-Tested),2025-10-01,1610.0,0,0
AK-47 | Case Hardened (Field-Tested),2025-10-02,1599.0,0,0
AK-47 | Case Hardened (Field-Tested),2025-10-03,1603.9,0,0
AK-47 | Case Hardened (Field-Tested),2025-10-04,1599.1,0,0
AK-47 | Case Hardened (Field-Tested),2025-10-05,1598.5,0,0
AK-47 | Case Hardened (Field-Tested),2025-10-06,1598.5,0,0
AK-47 | Case Hardened (Field-Tested),2025-10-07,1600.0,0,0
AK-47 | Case Hardened (Field-Tested),2025-10-08,1596.33,0,0
AK-47 | Case Hardened (Field-Tested),2025-10-09,1590.0,0,0
AK-47 | Case Hardened (Field-Tested),2025-10-10,1586.0,0,0
AK-47 | Case Hardened (Field-Tested),2025-10-11,1605.0,0,0
AK-47 | Case Hardened (Field-Tested),2025-10-12,1615.0,0,0
AK-47 | Case Hardened (Field-Tested),2025-10-13,1622.0,0,0
AK-47 | Case Hardened (Field-Tested),2025-10-14,1620.0,0,0
AK-47 | Case Hardened (Field-Tested),2025-10-15,1620.0,0,0
AK-47 | Case Hardened (Field-Tested),2025-10-16,1620.0,0,0
AK-47 | Case Hardened (Field-Tested),2025-10-17,1618.0,0,0
AK-47 | Case Hardened (Field-Tested),2025-10-18,1615.0,0,0
AK-47 | Case Hardened (Field-Tested),2025-10-19,1600.0,0,0
AK-47 | Case Hardened (Field-Tested),2025-10-20,1600.0,0,0
AK-47 | Case Hardened (Field-Tested),2025-10-21,1599.5,0,0
AK-47 | Case Hardened (Field-Tested),2025-10-22,1609.5,0,0
AK-47 | Case Hardened (Field-Tested),2025-10-23,1250.0,0,0
AK-47 | Case Hardened (Field-Tested),2025-10-24,950.0,0,0
AK-47 | Case Hardened (Field-Tested),2025-10-25,1209.0,0,0
AK-47 | Case Hardened (Field-Tested),2025-10-26,1198.0,0,0
AK-47 | Case Hardened (Field-Tested),2025-10-27,1147.0,0,0
AK-47 | Case Hardened (Field-Tested),2025-10-28,1219.0,0,0
AK-47 | Case Hardened (Field-Tested),2025-10-29,1215.0,0,0
AK-47 | Case Hardened (Field-Tested),2025-10-30,1237.0,0,0
AK-47 | Case Hardened (Field-Tested),2025-10-31,1300.0,0,0
AK-47 | Case Hardened (Field-Tested),2025-11-01,1326.5,0,0
AK-47 | Case Hardened (Field-Tested),2025-11-02,1419.0,0,0
AK-47 | Case Hardened (Field-Tested),2025-11-03,1430.0,0,0
AK-47 | Case Hardened (Field-Tested),2025-11-04,1390.0,0,0
AK-47 | Case Hardened (Field-Tested),2025-11-05,1389.5,0,0
AK-47 | Case Hardened (Field-Tested),2025-11-06,1400.0,0,0
AK-47 | Case Hardened (Field-Tested),2025-11-07,1400.0,0,0
AK-47 | Case Hardened (Field-Tested),2025-11-08,1400.0,0,0
AK-47 | Case Hardened (Field-Tested),2025-11-09,1418.0,0,0
AK-47 | Case Hardened (Field-Tested),2025-11-10,1369.0,0,0
AK-47 | Case Hardened (Field-Tested),2025-11-11,1370.0,0,0
AK-47 | Case Hardened (Field-Tested),2025-11-12,1379.0,0,0
AK-47 | Case Hardened (Field-Tested),2025-11-13,1395.46,0,0
AK-47 | Case Hardened (Field-Tested),2025-11-14,1379.0,0,0
AK-47 | Case Hardened (Field-Tested),2025-11-15,1379.49,0,0
AK-47 | Case Hardened (Field-Tested),2025-11-16,1397.88,0,0
AK-47 | Case Hardened (Field-Tested),2025-11-17,1400.0,0,0
AK-47 | Case Hardened (Field-Tested),2025-11-18,1404.5,0,0
AK-47 | Case Hardened (Field-Tested),2025-11-19,1390.0,0,0
AK-47 | Case Hardened (Field-Tested),2025-11-20,1399.5,0,0
AK-47 | Case Hardened (Field-Tested),2025-11-21,1389.5,0,0
AK-47 | Case Hardened (Field-Tested),2025-11-22,1385.0,0,0
AK-47 | Case Hardened (Field-Tested),2025-11-23,1396.9,0,0
AK-47 | Case Hardened (Field-Tested),2025-11-24,1390.0,0,0
AK-47 | Case Hardened (Field-Tested),2025-11-25,1399.0,0,0
AK-47 | Case Hardened (Field-Tested),2025-11-26,1419.0,0,0
AK-47 | Case Hardened (Field-Tested),2025-11-27,1430.0,0,0
AK-47 | Case Hardened (Field-Tested),2025-11-28,1428.5,0,0
AK-47 | Case Hardened (Field-Tested),2025-11-29,1445.0,0,0
AK-47 | Case Hardened (Field-Tested),2025-11-30,1453.0,0,0
AK-47 | Case Hardened (Field-Tested),2025-12-01,1444.5,0,0
AK-47 | Case Hardened (Field-Tested),2025-12-02,1450.0,0,0
AK-47 | Case Hardened (Field-Tested),2025-12-03,1451.1,0,0
AK-47 | Case Hardened (Field-Tested),2025-12-04,1449.5,0,0
AK-47 | Case Hardened (Field-Tested),2025-12-05,1464.49,0,0
AK-47 | Case Hardened (Field-Tested),2025-12-06,1448.0,0,0
AK-47 | Case Hardened (Field-Tested),2025-12-07,1462.0,0,0
AK-47 | Case Hardened (Field-Tested),2025-12-08,1457.0,0,0
AK-47 | Case Hardened (Field-Tested),2025-12-09,1450.0,0,0
AK-47 | Case Hardened (Field-Tested),2025-12-10,1447.0,0,0
AK-47 | Case Hardened (Field-Tested),2025-12-11,1449.99,0,0
AK-47 | Case Hardened (Field-Tested),2025-12-12,1449.49,0,0
AK-47 | Case Hardened (Field-Tested),2025-12-13,1459.0,0,0
AK-47 | Case Hardened (Field-Tested),2025-12-14,1460.0,0,0
AK-47 | Case Hardened (Field-Tested),2025-12-15,1527.89,0,0
AK-47 | Case Hardened (Field-Tested),2025-12-16,1549.39,0,0
AK-47 | Case Hardened (Field-Tested),2025-12-17,1550.0,0,0
AK-47 | Case Hardened (Field-Tested),2025-12-18,1520.0,0,0
AK-47 | Case Hardened (Field-Tested),2025-12-19,1580.0,0,0
AK-47 | Case Hardened (Field-Tested),2025-12-20,1623.33,0,0
AK-47 | Case Hardened (Field-Tested),2025-12-21,1620.0,0,0
AK-47 | Case Hardened (Field-Tested),2025-12-22,1645.0,0,0
AK-47 | Case Hardened (Field-Tested),2025-12-23,1634.5,0,0
AK-47 | Case Hardened (Field-Tested),2025-12-24,1596.0,0,0
AK-47 | Case Hardened (Field-Tested),2025-12-25,1569.0,0,0
AK-47 | Case Hardened (Field-Tested),2025-12-26,1597.49,0,0
AK-47 | Case Hardened (Field-Tested),2025-12-27,1548.0,0,0
AK-47 | Case Hardened (Field-Tested),2025-12-28,1549.5,0,0
AK-47 | Case Hardened (Field-Tested),2025-12-29,1530.0,0,0
AK-47 | Case Hardened (Field-Tested),2025-12-30,1526.0,0,0
AK-47 | Case Hardened (Field-Tested),2025-12-31,1509.5,0,0
AK-47 | Case Hardened (Field-Tested),2026-01-01,1494.0,0,0
AK-47 | Case Hardened (Field-Tested),2026-01-02,1510.0,0,0
AK-47 | Case Hardened (Field-Tested),2026-01-03,1509.99,0,0
AK-47 | Case Hardened (Field-Tested),2026-01-04,1527.0,0,0
AK-47 | Case Hardened (Field-Tested),2026-01-05,1532.0,0,0
AK-47 | Case Hardened (Field-Tested),2026-01-06,1525.0,0,0
AK-47 | Case Hardened (Field-Tested),2026-01-07,1527.5,0,0
AK-47 | Case Hardened (Field-Tested),2026-01-08,1517.0,0,0
AK-47 | Case Hardened (Field-Tested),2026-01-09,1519.5,0,0
AK-47 | Case Hardened (Field-Tested),2026-01-10,1520.0,0,0
AK-47 | Case Hardened (Field-Tested),2026-01-11,1499.0,0,0
AK-47 | Case Hardened (Field-Tested),2026-01-12,1489.0,0,0
AK-47 | Case Hardened (Field-Tested),2026-01-13,1489.0,0,0
AK-47 | Case Hardened (Field-Tested),2026-01-14,1469.5,0,0
AK-47 | Case Hardened (Field-Tested),2026-01-15,1480.0,0,0
AK-47 | Case Hardened (Field-Tested),2026-01-16,1489.19,0,0
AK-47 | Case Hardened (Field-Tested),2026-01-17,1489.18,0,0
AK-47 | Case Hardened (Field-Tested),2026-01-18,1489.4,0,0
AK-47 | Case Hardened (Field-Tested),2026-01-19,1488.4,0,0
AK-47 | Case Hardened (Field-Tested),2026-01-20,1492.5,0,0
AK-47 | Case Hardened (Field-Tested),2026-01-21,1472.0,0,0
AK-47 | Case Hardened (Field-Tested),2026-01-22,1477.89,0,0
AK-47 | Case Hardened (Field-Tested),2026-01-23,1460.0,0,0
AK-47 | Case Hardened (Field-Tested),2026-01-24,1445.0,0,0
AK-47 | Case Hardened (Field-Tested),2026-01-25,1473.0,0,0
AK-47 | Case Hardened (Field-Tested),2026-01-26,1472.0,0,0
AK-47 | Case Hardened (Field-Tested),2026-01-27,1465.0,0,0
AK-47 | Case Hardened (Field-Tested),2026-01-28,1458.5,0,0
AK-47 | Case Hardened (Field-Tested),2026-01-29,1449.0,0,0
AK-47 | Case Hardened (Field-Tested),2026-01-30,1448.0,0,0
AK-47 | Case Hardened (Field-Tested),2026-01-31,1446.0,0,0
AK-47 | Case Hardened (Field-Tested),2026-02-01,1446.0,0,0
AK-47 | Case Hardened (Field-Tested),2026-02-02,1444.5,0,0
AK-47 | Case Hardened (Field-Tested),2026-02-03,1441.5,0,0
AK-47 | Case Hardened (Field-Tested),2026-02-04,1442.5,0,0
AK-47 | Case Hardened (Field-Tested),2026-02-05,1441.99,0,0
AK-47 | Case Hardened (Field-Tested),2026-02-06,1440.0,0,0
AK-47 | Case Hardened (Field-Tested),2026-02-07,1444.0,0,0
AK-47 | Case Hardened (Field-Tested),2026-02-08,1442.0,0,0
AK-47 | Case Hardened (Field-Tested),2026-02-09,1441.0,0,0
AK-47 | Case Hardened (Field-Tested),2026-02-10,1449.96,0,0
AK-47 | Case Hardened (Field-Tested),2026-02-11,1449.44,0,0
AK-47 | Case Hardened (Field-Tested),2026-02-12,1450.0,0,0
AK-47 | Case Hardened (Field-Tested),2026-02-13,1497.38,0,0
AK-47 | Case Hardened (Field-Tested),2026-02-14,1496.88,0,0
AK-47 | Case Hardened (Field-Tested),2026-02-15,1500.0,0,0
AK-47 | Case Hardened (Field-Tested),2026-02-16,1480.0,0,0
AK-47 | Case Hardened (Field-Tested),2026-02-17,1517.0,0,0
AK-47 | Case Hardened (Field-Tested),2026-02-18,1538.0,0,0
AK-47 | Case Hardened (Field-Tested),2026-02-19,1577.5,0,0
AK-47 | Case Hardened (Field-Tested),2026-02-20,1565.0,0,0
AK-47 | Case Hardened (Field-Tested),2026-02-21,1583.5,0,0
AK-47 | Case Hardened (Field-Tested),2026-02-22,1575.9,0,0
AK-47 | Case Hardened (Field-Tested),2026-02-23,1569.4,0,0
AK-47 | Case Hardened (Field-Tested),2026-02-24,1565.0,0,0
AK-47 | Case Hardened (Field-Tested),2026-02-25,1565.0,0,0
AK-47 | Case Hardened (Field-Tested),2026-02-26,1565.0,0,0
AK-47 | Case Hardened (Field-Tested),2026-02-27,1562.97,0,0
AK-47 | Case Hardened (Field-Tested),2026-02-28,1559.5,0,0
AK-47 | Case Hardened (Field-Tested),2026-03-01,1558.0,0,0
AK-47 | Case Hardened (Field-Tested),2026-03-02,1554.5,0,0
AK-47 | Case Hardened (Field-Tested),2026-03-03,1555.0,0,0
AK-47 | Case Hardened (Field-Tested),2026-03-04,1556.5,0,0
AK-47 | Case Hardened (Field-Tested),2026-03-05,1555.5,0,0
AK-47 | Case Hardened (Field-Tested),2026-03-06,1555.0,0,0
AK-47 | Case Hardened (Field-Tested),2026-03-07,1554.0,0,0
AK-47 | Case Hardened (Field-Tested),2026-03-08,1565.0,0,0
AK-47 | Case Hardened (Field-Tested),2026-03-09,1570.0,0,0
AK-47 | Case Hardened (Field-Tested),2026-03-10,1564.0,0,0
AK-47 | Case Hardened (Field-Tested),2026-03-11,1556.0,0,0
AK-47 | Case Hardened (Field-Tested),2026-03-12,1545.0,0,0
AK-47 | Case Hardened (Field-Tested),2026-03-13,1538.5,0,0
AK-47 | Case Hardened (Field-Tested),2026-03-14,1555.0,0,0
AK-47 | Case Hardened (Field-Tested),2026-03-15,1556.99,0,0
AK-47 | Case Hardened (Field-Tested),2026-03-16,1553.19,0,0
AK-47 | Case Hardened (Field-Tested),2026-03-17,1536.83,0,0
AK-47 | Case Hardened (Field-Tested),2026-03-18,1539.99,0,0
AK-47 | Case Hardened (Field-Tested),2026-03-19,1539.48,0,0
AK-47 | Case Hardened (Field-Tested),2026-03-20,1538.99,0,0
AK-47 | Case Hardened (Field-Tested),2026-03-21,1525.0,0,0
AK-47 | Case Hardened (Field-Tested),2026-03-22,1515.0,0,0
AK-47 | Case Hardened (Field-Tested),2026-03-23,1514.5,0,0
AK-47 | Case Hardened (Field-Tested),2026-03-24,1509.99,0,0
AK-47 | Case Hardened (Field-Tested),2026-03-25,1509.99,0,0
AK-47 | Case Hardened (Field-Tested),2026-03-26,1516.0,0,0
AK-47 | Case Hardened (Field-Tested),2026-03-27,1517.5,0,0
AK-47 | Case Hardened (Field-Tested),2026-03-28,1514.65,0,0
AK-47 | Case Hardened (Field-Tested),2026-03-29,1498.0,0,0
AK-47 | Case Hardened (Field-Tested),2026-03-30,1508.5,0,0
AK-47 | Case Hardened (Field-Tested),2026-03-31,1503.4,0,0
AK-47 | Case Hardened (Field-Tested),2026-04-01,1495.0,0,0
AK-47 | Case Hardened (Field-Tested),2026-04-02,1480.0,0,0
AK-47 | Case Hardened (Field-Tested),2026-04-03,1493.5,0,0
AK-47 | Case Hardened (Field-Tested),2026-04-04,1493.0,0,0
AK-47 | Case Hardened (Field-Tested),2026-04-05,1492.5,0,0
AK-47 | Case Hardened (Field-Tested),2026-04-06,1450.0,0,0
AK-47 | Case Hardened (Field-Tested),2026-04-07,1479.5,0,0
AK-47 | Case Hardened (Field-Tested),2026-04-08,1479.5,0,0
AK-47 | Case Hardened (Field-Tested),2026-04-09,1475.0,0,0
AK-47 | Case Hardened (Field-Tested),2026-04-10,1473.5,0,0
AK-47 | Case Hardened (Field-Tested),2026-04-11,1469.5,0,0
AK-47 | Case Hardened (Field-Tested),2026-04-12,1469.0,0,0
AK-47 | Case Hardened (Field-Tested),2026-04-13,1463.0,0,0
AK-47 | Case Hardened (Field-Tested),2026-04-14,1464.0,0,0
AK-47 | Case Hardened (Field-Tested),2026-04-15,1464.5,0,0
AK-47 | Case Hardened (Field-Tested),2026-04-16,1479.99,0,0
AK-47 | Case Hardened (Field-Tested),2026-04-17,1466.99,0,0
AK-47 | Case Hardened (Field-Tested),2026-04-18,1464.98,0,0
AK-47 | Case Hardened (Field-Tested),2026-04-19,1450.0,0,0
AK-47 | Case Hardened (Field-Tested),2026-04-20,1438.5,0,0
AK-47 | Case Hardened (Field-Tested),2026-04-21,1440.0,0,0
AK-47 | Case Hardened (Field-Tested),2026-04-22,1418.38,0,0
AK-47 | Case Hardened (Field-Tested),2026-04-23,1430.0,0,0
AK-47 | Case Hardened (Field-Tested),2026-04-24,1430.0,0,0
AK-47 | Case Hardened (Field-Tested),2026-04-25,1430.0,0,0
AK-47 | Case Hardened (Field-Tested),2026-04-26,1419.5,0,0
AK-47 | Case Hardened (Field-Tested),2026-04-27,1436.0,0,0
AK-47 | Case Hardened (Field-Tested),2026-04-28,1472.5,0,0
AK-47 | Case Hardened (Field-Tested),2026-04-29,1468.5,0,0
AK-47 | Case Hardened (Field-Tested),2026-04-30,1468.5,0,0
AK-47 | Case Hardened (Field-Tested),2026-05-01,1470.0,0,0
AK-47 | Case Hardened (Field-Tested),2026-05-02,1466.0,0,0
AK-47 | Case Hardened (Field-Tested),2026-05-03,1474.0,0,0
AK-47 | Case Hardened (Field-Tested),2026-05-04,1455.0,0,0
AK-47 | Case Hardened (Field-Tested),2026-05-05,1449.58,0,0
AK-47 | Case Hardened (Field-Tested),2026-05-06,1435.0,0,0
AK-47 | Case Hardened (Field-Tested),2026-05-07,1435.0,0,0
AK-47 | Case Hardened (Field-Tested),2026-05-08,1421.0,0,0
AK-47 | Case Hardened (Field-Tested),2026-05-09,1416.0,0,0
AK-47 | Case Hardened (Field-Tested),2026-05-10,1381.0,0,0
AK-47 | Case Hardened (Field-Tested),2026-05-11,1347.48,0,0
AK-47 | Case Hardened (Field-Tested),2026-05-12,1324.5,0,0
AK-47 | Case Hardened (Field-Tested),2026-05-13,1335.0,0,0
AK-47 | Case Hardened (Field-Tested),2026-05-14,1344.0,0,0
AK-47 | Case Hardened (Field-Tested),2026-05-15,1340.0,0,0
AK-47 | Case Hardened (Field-Tested),2026-05-16,1343.88,0,0
AK-47 | Case Hardened (Field-Tested),2026-05-17,1349.99,0,0
AK-47 | Case Hardened (Field-Tested),2026-05-18,1358.87,0,0
AK-47 | Case Hardened (Field-Tested),2026-05-19,1369.0,0,0
AK-47 | Case Hardened (Field-Tested),2026-05-20,1379.99,0,0
AK-47 | Case Hardened (Field-Tested),2026-05-21,1399.0,0,0
AK-47 | Case Hardened (Field-Tested),2026-05-22,1399.0,0,0
AK-47 | Case Hardened (Field-Tested),2026-05-23,1399.0,0,0
AK-47 | Case Hardened (Field-Tested),2026-05-24,1377.0,0,0
AK-47 | Case Hardened (Field-Tested),2026-05-25,1366.66,0,0
AK-47 | Case Hardened (Field-Tested),2026-05-26,1299.0,0,0
AK-47 | Case Hardened (Field-Tested),2026-05-27,1280.0,0,0
AK-47 | Case Hardened (Field-Tested),2026-05-28,1330.0,0,0
AK-47 | Case Hardened (Field-Tested),2026-05-29,1357.88,0,0
AK-47 | Case Hardened (Field-Tested),2026-05-30,1390.0,0,0
AK-47 | Case Hardened (Field-Tested),2026-05-31,1399.0,0,0
AK-47 | Case Hardened (Field-Tested),2026-06-01,1400.0,0,0
AK-47 | Case Hardened (Field-Tested),2026-06-02,1420.0,0,0
AK-47 | Case Hardened (Field-Tested),2026-06-03,1420.0,0,0
AK-47 | Case Hardened (Field-Tested),2026-06-04,1434.5,0,0
AK-47 | Case Hardened (Field-Tested),2026-06-05,1440.0,0,0
AK-47 | Case Hardened (Field-Tested),2026-06-06,1440.0,0,0
AK-47 | Case Hardened (Field-Tested),2026-06-07,1420.0,0,0
AK-47 | Case Hardened (Field-Tested),2026-06-08,1450.0,0,0
AK-47 | Case Hardened (Field-Tested),2026-06-09,1450.0,0,0
AK-47 | Case Hardened (Field-Tested),2026-06-10,1439.0,0,0
AK-47 | Case Hardened (Field-Tested),2026-06-11,1417.5,0,0
AK-47 | Case Hardened (Field-Tested),2026-06-12,1405.0,0,0
AK-47 | Case Hardened (Field-Tested),2026-06-13,1410.0,0,0
AK-47 | Case Hardened (Field-Tested),2026-06-14,1422.0,0,0
AK-47 | Case Hardened (Field-Tested),2026-06-15,1400.0,0,0
AK-47 | Case Hardened (Field-Tested),2026-06-16,1414.0,0,0
AK-47 | Case Hardened (Field-Tested),2026-06-17,1399.0,0,0
AK-47 | Case Hardened (Field-Tested),2026-06-18,1408.0,0,0
AK-47 | Case Hardened (Field-Tested),2026-06-19,1432.0,0,0
AK-47 | Case Hardened (Field-Tested),2026-06-20,1421.5,0,0
AK-47 | Case Hardened (Field-Tested),2026-06-21,1420.0,0,0
AK-47 | Case Hardened (Field-Tested),2026-06-22,1450.0,0,0
AK-47 | Case Hardened (Field-Tested),2026-06-23,1449.0,0,0
AK-47 | Case Hardened (Field-Tested),2026-06-24,1449.0,0,0
AK-47 | Case Hardened (Field-Tested),2026-06-25,1439.5,0,0
AK-47 | Case Hardened (Field-Tested),2026-06-26,1449.5,0,0
AK-47 | Case Hardened (Field-Tested),2026-06-27,1479.0,0,0
AK-47 | Case Hardened (Field-Tested),2026-06-28,1479.0,0,0
AK-47 | Case Hardened (Field-Tested),2026-06-29,1476.5,0,0
AK-47 | Case Hardened (Field-Tested),2026-06-30,1470.5,0,0
AK-47 | Case Hardened (Field-Tested),2026-07-01,1460.0,0,0
AK-47 | Case Hardened (Field-Tested),2026-07-02,1449.9,0,0
AK-47 | Case Hardened (Field-Tested),2026-07-03,1449.4,0,0
AK-47 | Case Hardened (Field-Tested),2026-07-04,1449.9,0,0
AK-47 | Case Hardened (Field-Tested),2026-07-05,1479.5,0,0
AK-47 | Case Hardened (Field-Tested),2026-07-06,1475.9,0,0
AK-47 | Case Hardened (Field-Tested),2026-07-07,1469.5,0,0
AK-47 | Case Hardened (Field-Tested),2026-07-08,1484.5,0,0
AK-47 | Case Hardened (Field-Tested),2026-07-09,1489.5,0,0
AK-47 | Case Hardened (Field-Tested),2026-07-10,1498.0,0,0
AK-47 | Case Hardened (Field-Tested),2026-07-11,1494.5,0,0
AK-47 | Case Hardened (Field-Tested),2026-07-12,1487.0,0,0
AK-47 | Case Hardened (Field-Tested),2026-07-13,1469.0,0,0
AK-47 | Case Hardened (Field-Tested),2026-07-14,1427.5,0,0
AK-47 | Case Hardened (Field-Tested),2026-07-15,1447.99,0,0
AK-47 | Case Hardened (Field-Tested),2026-07-16,1448.99,0,0
AK-47 | Case Hardened (Field-Tested),2026-07-17,1448.49,0,0
AK-47 | Case Hardened (Field-Tested),2026-07-18,1445.99,0,0
AK-47 | Case Hardened (Field-Tested),2026-07-19,1440.0,0,0
AK-47 | Case Hardened (Field-Tested),2026-07-20,1434.48,0,0
AK-47 | Case Hardened (Field-Tested),2026-07-21,1433.97,0,0
AK-47 | Case Hardened (Field-Tested),2026-07-22,1440.0,0,0
AK-47 | Case Hardened (Field-Tested),2026-07-23,1436.5,0,0
AK-47 | Case Hardened (Field-Tested),2026-07-24,1433.0,0,0
AK-47 | Case Hardened (Field-Tested),2026-07-25,1429.5,0,0
AK-47 | Case Hardened (Field-Tested),2026-07-26,1429.5,0,0
AK-47 | Case Hardened (Field-Tested),2026-07-27,1427.4,0,0
AK-47 | Case Hardened (Field-Tested),2026-07-28,1426.8,0,0
AK-47 | Case Hardened (Field-Tested),2026-07-29,1423.49,0,0
AK-47 | Case Hardened (Field-Tested),2026-07-30,1430.0,0,0
AK-47 | Case Hardened (Field-Tested),2026-07-31,1419.0,0,0
AK-47 | Case Hardened (Field-Tested),2026-08-01,1428.0,0,0
AK-47 | Case Hardened (Field-Tested),2026-08-02,1400.0,0,0
AK-47 | Case Hardened (Field-Tested),2026-08-03,1429.0,0,0
AK-47 | Case Hardened (Field-Tested),2026-08-04,1428.0,0,0
AK-47 | Case Hardened (Field-Tested),2026-08-05,1429.0,0,0
AK-47 | Case Hardened (Field-Tested),2026-08-06,1399.0,0,0
AK-47 | Case Hardened (Field-Tested),2026-08-07,1416.99,0,0
AK-47 | Case Hardened (Field-Tested),2026-08-08,1400.0,0,0
AK-47 | Case Hardened (Field-Tested),2026-08-09,1431.5,0,0
AK-47 | Case Hardened (Field-Tested),2026-08-10,1419.5,0,0
AK-47 | Case Hardened (Field-Tested),2026-08-11,1431.0,0,0
AK-47 | Case Hardened (Field-Tested),2026-08-12,1436.99,0,0
AK-47 | Case Hardened (Field-Tested),2026-08-13,1435.0,0,0
AK-47 | Case Hardened (Field-Tested),2026-08-14,1445.0,0,0
AK-47 | Case Hardened (Field-Tested),2026-08-15,1444.0,0,0
AK-47 | Case Hardened (Field-Tested),2026-08-16,1455.0,0,0
AK-47 | Case Hardened (Field-Tested),2026-08-17,1460.0,0,0
AK-47 | Case Hardened (Field-Tested),2026-08-18,1447.0,0,0
AK-47 | Case Hardened (Field-Tested),2026-08-19,1448.0,0,0
AK-47 | Case Hardened (Field-Tested),2026-08-20,1444.5,0,0
AK-47 | Case Hardened (Field-Tested),2026-08-21,1420.0,0,0
AK-47 | Case Hardened (Field-Tested),2026-08-22,1423.0,0,0
AK-47 | Case Hardened (Field-Tested),2026-08-23,1423.5,0,0
AK-47 | Case Hardened (Field-Tested),2026-08-24,1423.0,0,0
AK-47 | Case Hardened (Field-Tested),2026-08-25,1422.0,0,0
AK-47 | Case Hardened (Field-Tested),2026-08-26,1428.0,0,0
AK-47 | Case Hardened (Field-Tested),2026-08-27,1420.0,0,0
AK-47 | Case Hardened (Field-Tested),2026-08-28,1440.0,0,0
AK-47 | Case Hardened (Field-Tested),2026-08-29,1430.9,0,0
AK-47 | Case Hardened (Field-Tested),2026-08-30,1410.0,0,0
AK-47 | Case Hardened (Field-Tested),2026-08-31,1427.5,0,0
AK-47 | Case Hardened (Field-Tested),2026-09-01,1424.5,0,0
AK-47 | Case Hardened (Field-Tested),2026-09-02,1420.0,0,0
AK-47 | Case Hardened (Field-Tested),2026-09-03,1419.0,0,0
AK-47 | Case Hardened (Field-Tested),2026-09-04,1414.5,0,0
AK-47 | Case Hardened (Field-Tested),2026-09-05,1398.0,0,0
AK-47 | Case Hardened (Field-Tested),2026-09-06,1412.39,0,0
AK-47 | Case Hardened (Field-Tested),2026-09-07,1406.9,0,0
AK-47 | Case Hardened (Field-Tested),2026-09-08,1389.0,0,0
AK-47 | Case Hardened (Field-Tested),2026-09-09,1388.5,0,0
AK-47 | Case Hardened (Field-Tested),2026-09-10,1400.0,0,0
AK-47 | Case Hardened (Field-Tested),2026-09-11,1400.0,0,0
AK-47 | Case Hardened (Field-Tested),2026-09-12,1399.8,0,0
AK-47 | Case Hardened (Field-Tested),2026-09-13,1399.3,0,0
AK-47 | Case Hardened (Field-Tested),2026-09-14,1398.7,0,0
AK-47 | Case Hardened (Field-Tested),2026-09-15,1397.9,0,0
AK-47 | Case Hardened (Field-Tested),2026-09-16,1394.99,0,0
AK-47 | Case Hardened (Field-Tested),2026-09-17,1389.5,0,0
AK-47 | Case Hardened (Field-Tested),2026-09-18,1400.0,0,0
AK-47 | Case Hardened (Field-Tested),2026-09-19,1400.0,0,0
AK-47 | Case Hardened (Field-Tested),2026-09-20,1410.0,0,730
AK-47 | Redline (Field-Tested),2025-09-21,265.0,0,0
AK-47 | Redline (Field-Tested),2025-09-22,264.8,0,0
AK-47 | Redline (Field-Tested),2025-09-23,263.99,0,0
AK-47 | Redline (Field-Tested),2025-09-24,258.5,0,0
AK-47 | Redline (Field-Tested),2025-09-25,264.49,0,0
AK-47 | Redline (Field-Tested),2025-09-26,263.0,0,0
AK-47 | Redline (Field-Tested),2025-09-27,264.96,0,0
AK-47 | Redline (Field-Tested),2025-09-28,268.2,0,0
AK-47 | Redline (Field-Tested),2025-09-29,265.45,0,0
AK-47 | Redline (Field-Tested),2025-09-30,265.99,0,0
AK-47 | Redline (Field-Tested),2025-10-01,264.31,0,0
AK-47 | Redline (Field-Tested),2025-10-02,260.89,0,0
AK-47 | Redline (Field-Tested),2025-10-03,256.4,0,0
AK-47 | Redline (Field-Tested),2025-10-04,255.0,0,0
AK-47 | Redline (Field-Tested),2025-10-05,251.0,0,0
AK-47 | Redline (Field-Tested),2025-10-06,255.78,0,0
AK-47 | Redline (Field-Tested),2025-10-07,254.0,0,0
AK-47 | Redline (Field-Tested),2025-10-08,249.5,0,0
AK-47 | Redline (Field-Tested),2025-10-09,251.3,0,0
AK-47 | Redline (Field-Tested),2025-10-10,250.0,0,0
AK-47 | Redline (Field-Tested),2025-10-11,249.4,0,0
AK-47 | Redline (Field-Tested),2025-10-12,248.0,0,0
AK-47 | Redline (Field-Tested),2025-10-13,254.03,0,0
AK-47 | Redline (Field-Tested),2025-10-14,252.0,0,0
AK-47 | Redline (Field-Tested),2025-10-15,250.8,0,0
AK-47 | Redline (Field-Tested),2025-10-16,250.0,0,0
AK-47 | Redline (Field-Tested),2025-10-17,252.66,0,0
AK-47 | Redline (Field-Tested),2025-10-18,247.9,0,0
AK-47 | Redline (Field-Tested),2025-10-19,247.89,0,0
AK-47 | Redline (Field-Tested),2025-10-20,247.88,0,0
AK-47 | Redline (Field-Tested),2025-10-21,245.5,0,0
AK-47 | Redline (Field-Tested),2025-10-22,245.99,0,0
AK-47 | Redline (Field-Tested),2025-10-23,213.99,0,0
AK-47 | Redline (Field-Tested),2025-10-24,161.0,0,0
AK-47 | Redline (Field-Tested),2025-10-25,199.98,0,0
AK-47 | Redline (Field-Tested),2025-10-26,199.47,0,0
AK-47 | Redline (Field-Tested),2025-10-27,198.96,0,0
AK-47 | Redline (Field-Tested),2025-10-28,204.9,0,0
AK-47 | Redline (Field-Tested),2025-10-29,193.0,0,0
AK-47 | Redline (Field-Tested),2025-10-30,213.0,0,0
AK-47 | Redline (Field-Tested),2025-10-31,214.5,0,0
AK-47 | Redline (Field-Tested),2025-11-01,229.99,0,0
AK-47 | Redline (Field-Tested),2025-11-02,224.0,0,0
AK-47 | Redline (Field-Tested),2025-11-03,233.0,0,0
AK-47 | Redline (Field-Tested),2025-11-04,222.5,0,0
AK-47 | Redline (Field-Tested),2025-11-05,227.22,0,0
AK-47 | Redline (Field-Tested),2025-11-06,235.0,0,0
AK-47 | Redline (Field-Tested),2025-11-07,227.95,0,0
AK-47 | Redline (Field-Tested),2025-11-08,227.78,0,0
AK-47 | Redline (Field-Tested),2025-11-09,227.0,0,0
AK-47 | Redline (Field-Tested),2025-11-10,226.4,0,0
AK-47 | Redline (Field-Tested),2025-11-11,224.5,0,0
AK-47 | Redline (Field-Tested),2025-11-12,223.95,0,0
AK-47 | Redline (Field-Tested),2025-11-13,225.0,0,0
AK-47 | Redline (Field-Tested),2025-11-14,225.5,0,0
AK-47 | Redline (Field-Tested),2025-11-15,224.0,0,0
AK-47 | Redline (Field-Tested),2025-11-16,227.0,0,0
AK-47 | Redline (Field-Tested),2025-11-17,228.6,0,0
AK-47 | Redline (Field-Tested),2025-11-18,234.0,0,0
AK-47 | Redline (Field-Tested),2025-11-19,240.0,0,0
AK-47 | Redline (Field-Tested),2025-11-20,236.0,0,0
AK-47 | Redline (Field-Tested),2025-11-21,230.0,0,0
AK-47 | Redline (Field-Tested),2025-11-22,227.5,0,0
AK-47 | Redline (Field-Tested),2025-11-23,230.0,0,0
AK-47 | Redline (Field-Tested),2025-11-24,230.7,0,0
AK-47 | Redline (Field-Tested),2025-11-25,228.0,0,0
AK-47 | Redline (Field-Tested),2025-11-26,228.0,0,0
AK-47 | Redline (Field-Tested),2025-11-27,231.4,0,0
AK-47 | Redline (Field-Tested),2025-11-28,232.5,0,0
AK-47 | Redline (Field-Tested),2025-11-29,245.3,0,0
AK-47 | Redline (Field-Tested),2025-11-30,245.0,0,0
AK-47 | Redline (Field-Tested),2025-12-01,243.0,0,0
AK-47 | Redline (Field-Tested),2025-12-02,247.0,0,0
AK-47 | Redline (Field-Tested),2025-12-03,243.88,0,0
AK-47 | Redline (Field-Tested),2025-12-04,238.99,0,0
AK-47 | Redline (Field-Tested),2025-12-05,248.5,0,0
AK-47 | Redline (Field-Tested),2025-12-06,245.0,0,0
AK-47 | Redline (Field-Tested),2025-12-07,245.0,0,0
AK-47 | Redline (Field-Tested),2025-12-08,240.0,0,0
AK-47 | Redline (Field-Tested),2025-12-09,247.5,0,0
AK-47 | Redline (Field-Tested),2025-12-10,244.0,0,0
AK-47 | Redline (Field-Tested),2025-12-11,246.5,0,0
AK-47 | Redline (Field-Tested),2025-12-12,247.0,0,0
AK-47 | Redline (Field-Tested),2025-12-13,248.0,0,0
AK-47 | Redline (Field-Tested),2025-12-14,240.0,0,0
AK-47 | Redline (Field-Tested),2025-12-15,242.8,0,0
AK-47 | Redline (Field-Tested),2025-12-16,241.16,0,0
AK-47 | Redline (Field-Tested),2025-12-17,240.0,0,0
AK-47 | Redline (Field-Tested),2025-12-18,244.9,0,0
AK-47 | Redline (Field-Tested),2025-12-19,243.22,0,0
AK-47 | Redline (Field-Tested),2025-12-20,243.5,0,0
AK-47 | Redline (Field-Tested),2025-12-21,244.07,0,0
AK-47 | Redline (Field-Tested),2025-12-22,243.0,0,0
AK-47 | Redline (Field-Tested),2025-12-23,242.49,0,0
AK-47 | Redline (Field-Tested),2025-12-24,241.9,0,0
AK-47 | Redline (Field-Tested),2025-12-25,242.86,0,0
AK-47 | Redline (Field-Tested),2025-12-26,243.0,0,0
AK-47 | Redline (Field-Tested),2025-12-27,244.5,0,0
AK-47 | Redline (Field-Tested),2025-12-28,244.3,0,0
AK-47 | Redline (Field-Tested),2025-12-29,243.5,0,0
AK-47 | Redline (Field-Tested),2025-12-30,244.84,0,0
AK-47 | Redline (Field-Tested),2025-12-31,244.5,0,0
AK-47 | Redline (Field-Tested),2026-01-01,244.0,0,0
AK-47 | Redline (Field-Tested),2026-01-02,245.37,0,0
AK-47 | Redline (Field-Tested),2026-01-03,244.24,0,0
AK-47 | Redline (Field-Tested),2026-01-04,242.6,0,0
AK-47 | Redline (Field-Tested),2026-01-05,243.4,0,0
AK-47 | Redline (Field-Tested),2026-01-06,244.36,0,0
AK-47 | Redline (Field-Tested),2026-01-07,244.0,0,0
AK-47 | Redline (Field-Tested),2026-01-08,244.0,0,0
AK-47 | Redline (Field-Tested),2026-01-09,244.0,0,0
AK-47 | Redline (Field-Tested),2026-01-10,244.4,0,0
AK-47 | Redline (Field-Tested),2026-01-11,242.98,0,0
AK-47 | Redline (Field-Tested),2026-01-12,242.69,0,0
AK-47 | Redline (Field-Tested),2026-01-13,239.4,0,0
AK-47 | Redline (Field-Tested),2026-01-14,240.5,0,0
AK-47 | Redline (Field-Tested),2026-01-15,239.98,0,0
AK-47 | Redline (Field-Tested),2026-01-16,237.0,0,0
AK-47 | Redline (Field-Tested),2026-01-17,240.9,0,0
AK-47 | Redline (Field-Tested),2026-01-18,240.0,0,0
AK-47 | Redline (Field-Tested),2026-01-19,239.0,0,0
AK-47 | Redline (Field-Tested),2026-01-20,239.0,0,0
AK-47 | Redline (Field-Tested),2026-01-21,239.0,0,0
AK-47 | Redline (Field-Tested),2026-01-22,237.98,0,0
AK-47 | Redline (Field-Tested),2026-01-23,234.0,0,0
AK-47 | Redline (Field-Tested),2026-01-24,234.5,0,0
AK-47 | Redline (Field-Tested),2026-01-25,236.2,0,0
AK-47 | Redline (Field-Tested),2026-01-26,238.0,0,0
AK-47 | Redline (Field-Tested),2026-01-27,239.0,0,0
AK-47 | Redline (Field-Tested),2026-01-28,238.0,0,0
AK-47 | Redline (Field-Tested),2026-01-29,235.0,0,0
AK-47 | Redline (Field-Tested),2026-01-30,233.5,0,0
AK-47 | Redline (Field-Tested),2026-01-31,233.0,0,0
AK-47 | Redline (Field-Tested),2026-02-01,234.89,0,0
AK-47 | Redline (Field-Tested),2026-02-02,233.49,0,0
AK-47 | Redline (Field-Tested),2026-02-03,231.9,0,0
AK-47 | Redline (Field-Tested),2026-02-04,229.6,0,0
AK-47 | Redline (Field-Tested),2026-02-05,228.97,0,0
AK-47 | Redline (Field-Tested),2026-02-06,229.99,0,0
AK-47 | Redline (Field-Tested),2026-02-07,229.49,0,0
AK-47 | Redline (Field-Tested),2026-02-08,232.0,0,0
AK-47 | Redline (Field-Tested),2026-02-09,232.49,0,0
AK-47 | Redline (Field-Tested),2026-02-10,229.5,0,0
AK-47 | Redline (Field-Tested),2026-02-11,233.0,0,0
AK-47 | Redline (Field-Tested),2026-02-12,234.0,0,0
AK-47 | Redline (Field-Tested),2026-02-13,230.0,0,0
AK-47 | Redline (Field-Tested),2026-02-14,233.85,0,0
AK-47 | Redline (Field-Tested),2026-02-15,234.5,0,0
AK-47 | Redline (Field-Tested),2026-02-16,234.3,0,0
AK-47 | Redline (Field-Tested),2026-02-17,237.58,0,0
AK-47 | Redline (Field-Tested),2026-02-18,237.8,0,0
AK-47 | Redline (Field-Tested),2026-02-19,242.1,0,0
AK-47 | Redline (Field-Tested),2026-02-20,243.99,0,0
AK-47 | Redline (Field-Tested),2026-02-21,238.0,0,0
AK-47 | Redline (Field-Tested),2026-02-22,241.0,0,0
AK-47 | Redline (Field-Tested),2026-02-23,238.95,0,0
AK-47 | Redline (Field-Tested),2026-02-24,237.68,0,0
AK-47 | Redline (Field-Tested),2026-02-25,237.9,0,0
AK-47 | Redline (Field-Tested),2026-02-26,238.98,0,0
AK-47 | Redline (Field-Tested),2026-02-27,240.5,0,0
AK-47 | Redline (Field-Tested),2026-02-28,240.38,0,0
AK-47 | Redline (Field-Tested),2026-03-01,241.9,0,0
AK-47 | Redline (Field-Tested),2026-03-02,241.94,0,0
AK-47 | Redline (Field-Tested),2026-03-03,241.9,0,0
AK-47 | Redline (Field-Tested),2026-03-04,240.0,0,0
AK-47 | Redline (Field-Tested),2026-03-05,243.0,0,0
AK-47 | Redline (Field-Tested),2026-03-06,241.0,0,0
AK-47 | Redline (Field-Tested),2026-03-07,243.9,0,0
AK-47 | Redline (Field-Tested),2026-03-08,242.88,0,0
AK-47 | Redline (Field-Tested),2026-03-09,240.78,0,0
AK-47 | Redline (Field-Tested),2026-03-10,243.8,0,0
AK-47 | Redline (Field-Tested),2026-03-11,243.4,0,0
AK-47 | Redline (Field-Tested),2026-03-12,242.5,0,0
AK-47 | Redline (Field-Tested),2026-03-13,244.0,0,0
AK-47 | Redline (Field-Tested),2026-03-14,241.67,0,0
AK-47 | Redline (Field-Tested),2026-03-15,242.99,0,0
AK-47 | Redline (Field-Tested),2026-03-16,242.0,0,0
AK-47 | Redline (Field-Tested),2026-03-17,242.99,0,0
AK-47 | Redline (Field-Tested),2026-03-18,243.8,0,0
AK-47 | Redline (Field-Tested),2026-03-19,241.9,0,0
AK-47 | Redline (Field-Tested),2026-03-20,239.6,0,0
AK-47 | Redline (Field-Tested),2026-03-21,238.0,0,0
AK-47 | Redline (Field-Tested),2026-03-22,237.49,0,0
AK-47 | Redline (Field-Tested),2026-03-23,235.97,0,0
AK-47 | Redline (Field-Tested),2026-03-24,236.26,0,0
AK-47 | Redline (Field-Tested),2026-03-25,233.0,0,0
AK-47 | Redline (Field-Tested),2026-03-26,234.0,0,0
AK-47 | Redline (Field-Tested),2026-03-27,234.9,0,0
AK-47 | Redline (Field-Tested),2026-03-28,235.0,0,0
AK-47 | Redline (Field-Tested),2026-03-29,234.23,0,0
AK-47 | Redline (Field-Tested),2026-03-30,233.0,0,0
AK-47 | Redline (Field-Tested),2026-03-31,232.69,0,0
AK-47 | Redline (Field-Tested),2026-04-01,232.0,0,0
AK-47 | Redline (Field-Tested),2026-04-02,234.5,0,0
AK-47 | Redline (Field-Tested),2026-04-03,232.0,0,0
AK-47 | Redline (Field-Tested),2026-04-04,229.5,0,0
AK-47 | Redline (Field-Tested),2026-04-05,230.28,0,0
AK-47 | Redline (Field-Tested),2026-04-06,226.97,0,0
AK-47 | Redline (Field-Tested),2026-04-07,228.46,0,0
AK-47 | Redline (Field-Tested),2026-04-08,228.9,0,0
AK-47 | Redline (Field-Tested),2026-04-09,226.0,0,0
AK-47 | Redline (Field-Tested),2026-04-10,228.9,0,0
AK-47 | Redline (Field-Tested),2026-04-11,226.0,0,0
AK-47 | Redline (Field-Tested),2026-04-12,225.0,0,0
AK-47 | Redline (Field-Tested),2026-04-13,225.5,0,0
AK-47 | Redline (Field-Tested),2026-04-14,223.95,0,0
AK-47 | Redline (Field-Tested),2026-04-15,221.3,0,0
AK-47 | Redline (Field-Tested),2026-04-16,220.0,0,0
AK-47 | Redline (Field-Tested),2026-04-17,218.79,0,0
AK-47 | Redline (Field-Tested),2026-04-18,219.0,0,0
AK-47 | Redline (Field-Tested),2026-04-19,214.5,0,0
AK-47 | Redline (Field-Tested),2026-04-20,220.24,0,0
AK-47 | Redline (Field-Tested),2026-04-21,218.0,0,0
AK-47 | Redline (Field-Tested),2026-04-22,211.38,0,0
AK-47 | Redline (Field-Tested),2026-04-23,212.85,0,0
AK-47 | Redline (Field-Tested),2026-04-24,212.0,0,0
AK-47 | Redline (Field-Tested),2026-04-25,215.5,0,0
AK-47 | Redline (Field-Tested),2026-04-26,210.0,0,0
AK-47 | Redline (Field-Tested),2026-04-27,211.99,0,0
AK-47 | Redline (Field-Tested),2026-04-28,208.9,0,0
AK-47 | Redline (Field-Tested),2026-04-29,209.4,0,0
AK-47 | Redline (Field-Tested),2026-04-30,210.0,0,0
AK-47 | Redline (Field-Tested),2026-05-01,212.97,0,0
AK-47 | Redline (Field-Tested),2026-05-02,211.8,0,0
AK-47 | Redline (Field-Tested),2026-05-03,208.0,0,0
AK-47 | Redline (Field-Tested),2026-05-04,209.0,0,0
AK-47 | Redline (Field-Tested),2026-05-05,209.88,0,0
AK-47 | Redline (Field-Tested),2026-05-06,208.9,0,0
AK-47 | Redline (Field-Tested),2026-05-07,209.0,0,0
AK-47 | Redline (Field-Tested),2026-05-08,202.88,0,0
AK-47 | Redline (Field-Tested),2026-05-09,203.5,0,0
AK-47 | Redline (Field-Tested),2026-05-10,200.5,0,0
AK-47 | Redline (Field-Tested),2026-05-11,191.5,0,0
AK-47 | Redline (Field-Tested),2026-05-12,193.9,0,0
AK-47 | Redline (Field-Tested),2026-05-13,193.9,0,0
AK-47 | Redline (Field-Tested),2026-05-14,192.3,0,0
AK-47 | Redline (Field-Tested),2026-05-15,192.0,0,0
AK-47 | Redline (Field-Tested),2026-05-16,199.0,0,0
AK-47 | Redline (Field-Tested),2026-05-17,198.5,0,0
AK-47 | Redline (Field-Tested),2026-05-18,200.1,0,0
AK-47 | Redline (Field-Tested),2026-05-19,200.0,0,0
AK-47 | Redline (Field-Tested),2026-05-20,197.97,0,0
AK-47 | Redline (Field-Tested),2026-05-21,201.0,0,0
AK-47 | Redline (Field-Tested),2026-05-22,196.98,0,0
AK-47 | Redline (Field-Tested),2026-05-23,192.99,0,0
AK-47 | Redline (Field-Tested),2026-05-24,194.0,0,0
AK-47 | Redline (Field-Tested),2026-05-25,189.5,0,0
AK-47 | Redline (Field-Tested),2026-05-26,184.5,0,0
AK-47 | Redline (Field-Tested),2026-05-27,189.0,0,0
AK-47 | Redline (Field-Tested),2026-05-28,194.49,0,0
AK-47 | Redline (Field-Tested),2026-05-29,194.9,0,0
AK-47 | Redline (Field-Tested),2026-05-30,195.9,0,0
AK-47 | Redline (Field-Tested),2026-05-31,196.3,0,0
AK-47 | Redline (Field-Tested),2026-06-01,198.4,0,0
AK-47 | Redline (Field-Tested),2026-06-02,198.0,0,0
AK-47 | Redline (Field-Tested),2026-06-03,199.0,0,0
AK-47 | Redline (Field-Tested),2026-06-04,200.0,0,0
AK-47 | Redline (Field-Tested),2026-06-05,199.99,0,0
AK-47 | Redline (Field-Tested),2026-06-06,207.99,0,0
AK-47 | Redline (Field-Tested),2026-06-07,206.0,0,0
AK-47 | Redline (Field-Tested),2026-06-08,206.88,0,0
AK-47 | Redline (Field-Tested),2026-06-09,207.0,0,0
AK-47 | Redline (Field-Tested),2026-06-10,198.0,0,0
AK-47 | Redline (Field-Tested),2026-06-11,202.5,0,0
AK-47 | Redline (Field-Tested),2026-06-12,194.0,0,0
AK-47 | Redline (Field-Tested),2026-06-13,199.5,0,0
AK-47 | Redline (Field-Tested),2026-06-14,201.9,0,0
AK-47 | Redline (Field-Tested),2026-06-15,200.0,0,0
AK-47 | Redline (Field-Tested),2026-06-16,201.49,0,0
AK-47 | Redline (Field-Tested),2026-06-17,202.39,0,0
AK-47 | Redline (Field-Tested),2026-06-18,200.0,0,0
AK-47 | Redline (Field-Tested),2026-06-19,201.2,0,0
AK-47 | Redline (Field-Tested),2026-06-20,201.0,0,0
AK-47 | Redline (Field-Tested),2026-06-21,203.47,0,0
AK-47 | Redline (Field-Tested),2026-06-22,214.0,0,0
AK-47 | Redline (Field-Tested),2026-06-23,214.2,0,0
AK-47 | Redline (Field-Tested),2026-06-24,213.0,0,0
AK-47 | Redline (Field-Tested),2026-06-25,210.19,0,0
AK-47 | Redline (Field-Tested),2026-06-26,214.5,0,0
AK-47 | Redline (Field-Tested),2026-06-27,213.49,0,0
AK-47 | Redline (Field-Tested),2026-06-28,210.9,0,0
AK-47 | Redline (Field-Tested),2026-06-29,211.0,0,0
AK-47 | Redline (Field-Tested),2026-06-30,204.8,0,0
AK-47 | Redline (Field-Tested),2026-07-01,208.0,0,0
AK-47 | Redline (Field-Tested),2026-07-02,205.5,0,0
AK-47 | Redline (Field-Tested),2026-07-03,205.0,0,0
AK-47 | Redline (Field-Tested),2026-07-04,204.5,0,0
AK-47 | Redline (Field-Tested),2026-07-05,203.0,0,0
AK-47 | Redline (Field-Tested),2026-07-06,206.0,0,0
AK-47 | Redline (Field-Tested),2026-07-07,202.0,0,0
AK-47 | Redline (Field-Tested),2026-07-08,199.0,0,0
AK-47 | Redline (Field-Tested),2026-07-09,201.5,0,0
AK-47 | Redline (Field-Tested),2026-07-10,203.0,0,0
AK-47 | Redline (Field-Tested),2026-07-11,199.0,0,0
AK-47 | Redline (Field-Tested),2026-07-12,200.9,0,0
AK-47 | Redline (Field-Tested),2026-07-13,198.0,0,0
AK-47 | Redline (Field-Tested),2026-07-14,199.0,0,0
AK-47 | Redline (Field-Tested),2026-07-15,199.99,0,0
AK-47 | Redline (Field-Tested),2026-07-16,200.9,0,0
AK-47 | Redline (Field-Tested),2026-07-17,198.9,0,0
AK-47 | Redline (Field-Tested),2026-07-18,203.28,0,0
AK-47 | Redline (Field-Tested),2026-07-19,199.0,0,0
AK-47 | Redline (Field-Tested),2026-07-20,195.5,0,0
AK-47 | Redline (Field-Tested),2026-07-21,198.4,0,0
AK-47 | Redline (Field-Tested),2026-07-22,197.38,0,0
AK-47 | Redline (Field-Tested),2026-07-23,196.59,0,0
AK-47 | Redline (Field-Tested),2026-07-24,195.79,0,0
AK-47 | Redline (Field-Tested),2026-07-25,195.0,0,0
AK-47 | Redline (Field-Tested),2026-07-26,199.49,0,0
AK-47 | Redline (Field-Tested),2026-07-27,197.35,0,0
AK-47 | Redline (Field-Tested),2026-07-28,197.0,0,0
AK-47 | Redline (Field-Tested),2026-07-29,195.0,0,0
AK-47 | Redline (Field-Tested),2026-07-30,197.0,0,0
AK-47 | Redline (Field-Tested),2026-07-31,192.5,0,0
AK-47 | Redline (Field-Tested),2026-08-01,194.5,0,0
AK-47 | Redline (Field-Tested),2026-08-02,193.5,0,0
AK-47 | Redline (Field-Tested),2026-08-03,190.5,0,0
AK-47 | Redline (Field-Tested),2026-08-04,187.0,0,0
AK-47 | Redline (Field-Tested),2026-08-05,193.79,0,0
AK-47 | Redline (Field-Tested),2026-08-06,194.0,0,0
AK-47 | Redline (Field-Tested),2026-08-07,196.2,0,0
AK-47 | Redline (Field-Tested),2026-08-08,192.99,0,0
AK-47 | Redline (Field-Tested),2026-08-09,194.99,0,0
AK-47 | Redline (Field-Tested),2026-08-10,193.5,0,0
AK-47 | Redline (Field-Tested),2026-08-11,191.99,0,0
AK-47 | Redline (Field-Tested),2026-08-12,190.0,0,0
AK-47 | Redline (Field-Tested),2026-08-13,190.5,0,0
AK-47 | Redline (Field-Tested),2026-08-14,189.5,0,0
AK-47 | Redline (Field-Tested),2026-08-15,188.8,0,0
AK-47 | Redline (Field-Tested),2026-08-16,188.0,0,0
AK-47 | Redline (Field-Tested),2026-08-17,188.0,0,0
AK-47 | Redline (Field-Tested),2026-08-18,188.0,0,0
AK-47 | Redline (Field-Tested),2026-08-19,185.5,0,0
AK-47 | Redline (Field-Tested),2026-08-20,186.0,0,0
AK-47 | Redline (Field-Tested),2026-08-21,184.48,0,0
AK-47 | Redline (Field-Tested),2026-08-22,185.9,0,0
AK-47 | Redline (Field-Tested),2026-08-23,185.0,0,0
AK-47 | Redline (Field-Tested),2026-08-24,185.5,0,0
AK-47 | Redline (Field-Tested),2026-08-25,184.5,0,0
AK-47 | Redline (Field-Tested),2026-08-26,186.63,0,0
AK-47 | Redline (Field-Tested),2026-08-27,184.15,0,0
AK-47 | Redline (Field-Tested),2026-08-28,186.22,0,0
AK-47 | Redline (Field-Tested),2026-08-29,188.0,0,0
AK-47 | Redline (Field-Tested),2026-08-30,189.0,0,0
AK-47 | Redline (Field-Tested),2026-08-31,190.0,0,0
AK-47 | Redline (Field-Tested),2026-09-01,192.0,0,0
AK-47 | Redline (Field-Tested),2026-09-02,186.0,0,0
AK-47 | Redline (Field-Tested),2026-09-03,188.0,0,0
AK-47 | Redline (Field-Tested),2026-09-04,188.0,0,0
AK-47 | Redline (Field-Tested),2026-09-05,185.79,0,0
AK-47 | Redline (Field-Tested),2026-09-06,184.0,0,0
AK-47 | Redline (Field-Tested),2026-09-07,183.98,0,0
AK-47 | Redline (Field-Tested),2026-09-08,182.0,0,0
AK-47 | Redline (Field-Tested),2026-09-09,182.86,0,0
AK-47 | Redline (Field-Tested),2026-09-10,182.67,0,0
AK-47 | Redline (Field-Tested),2026-09-11,182.77,0,0
AK-47 | Redline (Field-Tested),2026-09-12,180.45,0,0
AK-47 | Redline (Field-Tested),2026-09-13,179.92,0,0
AK-47 | Redline (Field-Tested),2026-09-14,178.0,0,0
AK-47 | Redline (Field-Tested),2026-09-15,177.38,0,0
AK-47 | Redline (Field-Tested),2026-09-16,178.0,0,0
AK-47 | Redline (Field-Tested),2026-09-17,176.0,0,0
AK-47 | Redline (Field-Tested),2026-09-18,177.0,0,0
AK-47 | Redline (Field-Tested),2026-09-19,175.88,0,0
AK-47 | Redline (Field-Tested),2026-09-20,178.3,0,8352
AK-47 | The Empress (Field-Tested),2025-09-21,279.9,0,0
AK-47 | The Empress (Field-Tested),2025-09-22,277.0,0,0
AK-47 | The Empress (Field-Tested),2025-09-23,277.5,0,0
AK-47 | The Empress (Field-Tested),2025-09-24,277.0,0,0
AK-47 | The Empress (Field-Tested),2025-09-25,277.0,0,0
AK-47 | The Empress (Field-Tested),2025-09-26,277.4,0,0
AK-47 | The Empress (Field-Tested),2025-09-27,274.9,0,0
AK-47 | The Empress (Field-Tested),2025-09-28,276.07,0,0
AK-47 | The Empress (Field-Tested),2025-09-29,276.9,0,0
AK-47 | The Empress (Field-Tested),2025-09-30,277.0,0,0
AK-47 | The Empress (Field-Tested),2025-10-01,276.93,0,0
AK-47 | The Empress (Field-Tested),2025-10-02,276.0,0,0
AK-47 | The Empress (Field-Tested),2025-10-03,276.1,0,0
AK-47 | The Empress (Field-Tested),2025-10-04,276.0,0,0
AK-47 | The Empress (Field-Tested),2025-10-05,275.14,0,0
AK-47 | The Empress (Field-Tested),2025-10-06,274.99,0,0
AK-47 | The Empress (Field-Tested),2025-10-07,273.0,0,0
AK-47 | The Empress (Field-Tested),2025-10-08,275.9,0,0
AK-47 | The Empress (Field-Tested),2025-10-09,276.0,0,0
AK-47 | The Empress (Field-Tested),2025-10-10,272.62,0,0
AK-47 | The Empress (Field-Tested),2025-10-11,274.88,0,0
AK-47 | The Empress (Field-Tested),2025-10-12,275.1,0,0
AK-47 | The Empress (Field-Tested),2025-10-13,283.0,0,0
AK-47 | The Empress (Field-Tested),2025-10-14,279.0,0,0
AK-47 | The Empress (Field-Tested),2025-10-15,279.5,0,0
AK-47 | The Empress (Field-Tested),2025-10-16,275.0,0,0
AK-47 | The Empress (Field-Tested),2025-10-17,279.0,0,0
AK-47 | The Empress (Field-Tested),2025-10-18,279.0,0,0
AK-47 | The Empress (Field-Tested),2025-10-19,278.0,0,0
AK-47 | The Empress (Field-Tested),2025-10-20,278.49,0,0
AK-47 | The Empress (Field-Tested),2025-10-21,274.1,0,0
AK-47 | The Empress (Field-Tested),2025-10-22,273.5,0,0
AK-47 | The Empress (Field-Tested),2025-10-23,265.0,0,0
AK-47 | The Empress (Field-Tested),2025-10-24,214.0,0,0
AK-47 | The Empress (Field-Tested),2025-10-25,257.0,0,0
AK-47 | The Empress (Field-Tested),2025-10-26,275.0,0,0
AK-47 | The Empress (Field-Tested),2025-10-27,293.99,0,0
AK-47 | The Empress (Field-Tested),2025-10-28,289.0,0,0
AK-47 | The Empress (Field-Tested),2025-10-29,273.5,0,0
AK-47 | The Empress (Field-Tested),2025-10-30,298.88,0,0
AK-47 | The Empress (Field-Tested),2025-10-31,364.97,0,0
AK-47 | The Empress (Field-Tested),2025-11-01,464.0,0,0
AK-47 | The Empress (Field-Tested),2025-11-02,451.0,0,0
AK-47 | The Empress (Field-Tested),2025-11-03,448.0,0,0
AK-47 | The Empress (Field-Tested),2025-11-04,480.0,0,0
AK-47 | The Empress (Field-Tested),2025-11-05,584.5,0,0
AK-47 | The Empress (Field-Tested),2025-11-06,629.0,0,0
AK-47 | The Empress (Field-Tested),2025-11-07,610.0,0,0
AK-47 | The Empress (Field-Tested),2025-11-08,575.0,0,0
AK-47 | The Empress (Field-Tested),2025-11-09,550.0,0,0
AK-47 | The Empress (Field-Tested),2025-11-10,564.9,0,0
AK-47 | The Empress (Field-Tested),2025-11-11,585.0,0,0
AK-47 | The Empress (Field-Tested),2025-11-12,609.5,0,0
AK-47 | The Empress (Field-Tested),2025-11-13,589.0,0,0
AK-47 | The Empress (Field-Tested),2025-11-14,602.0,0,0
AK-47 | The Empress (Field-Tested),2025-11-15,635.0,0,0
AK-47 | The Empress (Field-Tested),2025-11-16,729.0,0,0
AK-47 | The Empress (Field-Tested),2025-11-17,718.0,0,0
AK-47 | The Empress (Field-Tested),2025-11-18,678.5,0,0
AK-47 | The Empress (Field-Tested),2025-11-19,628.0,0,0
AK-47 | The Empress (Field-Tested),2025-11-20,635.0,0,0
AK-47 | The Empress (Field-Tested),2025-11-21,649.0,0,0
AK-47 | The Empress (Field-Tested),2025-11-22,636.0,0,0
AK-47 | The Empress (Field-Tested),2025-11-23,625.0,0,0
AK-47 | The Empress (Field-Tested),2025-11-24,608.5,0,0
AK-47 | The Empress (Field-Tested),2025-11-25,602.0,0,0
AK-47 | The Empress (Field-Tested),2025-11-26,613.3,0,0
AK-47 | The Empress (Field-Tested),2025-11-27,604.5,0,0
AK-47 | The Empress (Field-Tested),2025-11-28,635.0,0,0
AK-47 | The Empress (Field-Tested),2025-11-29,619.9,0,0
AK-47 | The Empress (Field-Tested),2025-11-30,599.6,0,0
AK-47 | The Empress (Field-Tested),2025-12-01,604.18,0,0
AK-47 | The Empress (Field-Tested),2025-12-02,608.3,0,0
AK-47 | The Empress (Field-Tested),2025-12-03,602.9,0,0
AK-47 | The Empress (Field-Tested),2025-12-04,593.7,0,0
AK-47 | The Empress (Field-Tested),2025-12-05,592.0,0,0
AK-47 | The Empress (Field-Tested),2025-12-06,576.99,0,0
AK-47 | The Empress (Field-Tested),2025-12-07,583.0,0,0
AK-47 | The Empress (Field-Tested),2025-12-08,586.7,0,0
AK-47 | The Empress (Field-Tested),2025-12-09,591.0,0,0
AK-47 | The Empress (Field-Tested),2025-12-10,594.43,0,0
AK-47 | The Empress (Field-Tested),2025-12-11,586.0,0,0
AK-47 | The Empress (Field-Tested),2025-12-12,575.0,0,0
AK-47 | The Empress (Field-Tested),2025-12-13,589.99,0,0
AK-47 | The Empress (Field-Tested),2025-12-14,569.4,0,0
AK-47 | The Empress (Field-Tested),2025-12-15,578.65,0,0
AK-47 | The Empress (Field-Tested),2025-12-16,577.52,0,0
AK-47 | The Empress (Field-Tested),2025-12-17,586.8,0,0
AK-47 | The Empress (Field-Tested),2025-12-18,590.5,0,0
AK-47 | The Empress (Field-Tested),2025-12-19,602.8,0,0
AK-47 | The Empress (Field-Tested),2025-12-20,600.0,0,0
AK-47 | The Empress (Field-Tested),2025-12-21,601.9,0,0
AK-47 | The Empress (Field-Tested),2025-12-22,600.0,0,0
AK-47 | The Empress (Field-Tested),2025-12-23,621.9,0,0
AK-47 | The Empress (Field-Tested),2025-12-24,607.0,0,0
AK-47 | The Empress (Field-Tested),2025-12-25,602.0,0,0
AK-47 | The Empress (Field-Tested),2025-12-26,588.0,0,0
AK-47 | The Empress (Field-Tested),2025-12-27,598.3,0,0
AK-47 | The Empress (Field-Tested),2025-12-28,596.9,0,0
AK-47 | The Empress (Field-Tested),2025-12-29,593.4,0,0
AK-47 | The Empress (Field-Tested),2025-12-30,598.0,0,0
AK-47 | The Empress (Field-Tested),2025-12-31,600.0,0,0
AK-47 | The Empress (Field-Tested),2026-01-01,600.0,0,0
AK-47 | The Empress (Field-Tested),2026-01-02,614.19,0,0
AK-47 | The Empress (Field-Tested),2026-01-03,617.5,0,0
AK-47 | The Empress (Field-Tested),2026-01-04,630.0,0,0
AK-47 | The Empress (Field-Tested),2026-01-05,637.0,0,0
AK-47 | The Empress (Field-Tested),2026-01-06,644.5,0,0
AK-47 | The Empress (Field-Tested),2026-01-07,669.16,0,0
AK-47 | The Empress (Field-Tested),2026-01-08,659.5,0,0
AK-47 | The Empress (Field-Tested),2026-01-09,649.9,0,0
AK-47 | The Empress (Field-Tested),2026-01-10,643.0,0,0
AK-47 | The Empress (Field-Tested),2026-01-11,665.36,0,0
AK-47 | The Empress (Field-Tested),2026-01-12,655.0,0,0
AK-47 | The Empress (Field-Tested),2026-01-13,665.0,0,0
AK-47 | The Empress (Field-Tested),2026-01-14,661.99,0,0
AK-47 | The Empress (Field-Tested),2026-01-15,648.0,0,0
AK-47 | The Empress (Field-Tested),2026-01-16,645.5,0,0
AK-47 | The Empress (Field-Tested),2026-01-17,642.9,0,0
AK-47 | The Empress (Field-Tested),2026-01-18,640.0,0,0
AK-47 | The Empress (Field-Tested),2026-01-19,640.0,0,0
AK-47 | The Empress (Field-Tested),2026-01-20,642.0,0,0
AK-47 | The Empress (Field-Tested),2026-01-21,642.8,0,0
AK-47 | The Empress (Field-Tested),2026-01-22,631.0,0,0
AK-47 | The Empress (Field-Tested),2026-01-23,619.9,0,0
AK-47 | The Empress (Field-Tested),2026-01-24,623.0,0,0
AK-47 | The Empress (Field-Tested),2026-01-25,647.0,0,0
AK-47 | The Empress (Field-Tested),2026-01-26,644.8,0,0
AK-47 | The Empress (Field-Tested),2026-01-27,644.0,0,0
AK-47 | The Empress (Field-Tested),2026-01-28,646.4,0,0
AK-47 | The Empress (Field-Tested),2026-01-29,641.0,0,0
AK-47 | The Empress (Field-Tested),2026-01-30,638.0,0,0
AK-47 | The Empress (Field-Tested),2026-01-31,635.0,0,0
AK-47 | The Empress (Field-Tested),2026-02-01,636.9,0,0
AK-47 | The Empress (Field-Tested),2026-02-02,637.9,0,0
AK-47 | The Empress (Field-Tested),2026-02-03,634.0,0,0
AK-47 | The Empress (Field-Tested),2026-02-04,636.8,0,0
AK-47 | The Empress (Field-Tested),2026-02-05,641.5,0,0
AK-47 | The Empress (Field-Tested),2026-02-06,639.3,0,0
AK-47 | The Empress (Field-Tested),2026-02-07,643.6,0,0
AK-47 | The Empress (Field-Tested),2026-02-08,645.0,0,0
AK-47 | The Empress (Field-Tested),2026-02-09,647.99,0,0
AK-47 | The Empress (Field-Tested),2026-02-10,650.0,0,0
AK-47 | The Empress (Field-Tested),2026-02-11,656.1,0,0
AK-47 | The Empress (Field-Tested),2026-02-12,657.0,0,0
AK-47 | The Empress (Field-Tested),2026-02-13,664.8,0,0
AK-47 | The Empress (Field-Tested),2026-02-14,664.95,0,0
AK-47 | The Empress (Field-Tested),2026-02-15,663.0,0,0
AK-47 | The Empress (Field-Tested),2026-02-16,668.99,0,0
AK-47 | The Empress (Field-Tested),2026-02-17,678.95,0,0
AK-47 | The Empress (Field-Tested),2026-02-18,676.2,0,0
AK-47 | The Empress (Field-Tested),2026-02-19,675.89,0,0
AK-47 | The Empress (Field-Tested),2026-02-20,680.0,0,0
AK-47 | The Empress (Field-Tested),2026-02-21,683.0,0,0
AK-47 | The Empress (Field-Tested),2026-02-22,682.9,0,0
AK-47 | The Empress (Field-Tested),2026-02-23,687.69,0,0
AK-47 | The Empress (Field-Tested),2026-02-24,683.5,0,0
AK-47 | The Empress (Field-Tested),2026-02-25,688.0,0,0
AK-47 | The Empress (Field-Tested),2026-02-26,689.5,0,0
AK-47 | The Empress (Field-Tested),2026-02-27,684.3,0,0
AK-47 | The Empress (Field-Tested),2026-02-28,686.6,0,0
AK-47 | The Empress (Field-Tested),2026-03-01,691.6,0,0
AK-47 | The Empress (Field-Tested),2026-03-02,691.0,0,0
AK-47 | The Empress (Field-Tested),2026-03-03,693.28,0,0
AK-47 | The Empress (Field-Tested),2026-03-04,701.9,0,0
AK-47 | The Empress (Field-Tested),2026-03-05,701.0,0,0
AK-47 | The Empress (Field-Tested),2026-03-06,709.98,0,0
AK-47 | The Empress (Field-Tested),2026-03-07,725.0,0,0
AK-47 | The Empress (Field-Tested),2026-03-08,733.97,0,0
AK-47 | The Empress (Field-Tested),2026-03-09,738.66,0,0
AK-47 | The Empress (Field-Tested),2026-03-10,737.89,0,0
AK-47 | The Empress (Field-Tested),2026-03-11,732.5,0,0
AK-47 | The Empress (Field-Tested),2026-03-12,706.0,0,0
AK-47 | The Empress (Field-Tested),2026-03-13,716.9,0,0
AK-47 | The Empress (Field-Tested),2026-03-14,700.0,0,0
AK-47 | The Empress (Field-Tested),2026-03-15,695.88,0,0
AK-47 | The Empress (Field-Tested),2026-03-16,704.5,0,0
AK-47 | The Empress (Field-Tested),2026-03-17,705.6,0,0
AK-47 | The Empress (Field-Tested),2026-03-18,706.0,0,0
AK-47 | The Empress (Field-Tested),2026-03-19,705.0,0,0
AK-47 | The Empress (Field-Tested),2026-03-20,699.6,0,0
AK-47 | The Empress (Field-Tested),2026-03-21,700.0,0,0
AK-47 | The Empress (Field-Tested),2026-03-22,680.5,0,0
AK-47 | The Empress (Field-Tested),2026-03-23,697.0,0,0
AK-47 | The Empress (Field-Tested),2026-03-24,707.0,0,0
AK-47 | The Empress (Field-Tested),2026-03-25,706.5,0,0
AK-47 | The Empress (Field-Tested),2026-03-26,705.0,0,0
AK-47 | The Empress (Field-Tested),2026-03-27,698.0,0,0
AK-47 | The Empress (Field-Tested),2026-03-28,704.42,0,0
AK-47 | The Empress (Field-Tested),2026-03-29,701.9,0,0
AK-47 | The Empress (Field-Tested),2026-03-30,707.54,0,0
AK-47 | The Empress (Field-Tested),2026-03-31,708.35,0,0
AK-47 | The Empress (Field-Tested),2026-04-01,707.87,0,0
AK-47 | The Empress (Field-Tested),2026-04-02,707.88,0,0
AK-47 | The Empress (Field-Tested),2026-04-03,703.48,0,0
AK-47 | The Empress (Field-Tested),2026-04-04,710.0,0,0
AK-47 | The Empress (Field-Tested),2026-04-05,708.9,0,0
AK-47 | The Empress (Field-Tested),2026-04-06,703.9,0,0
AK-47 | The Empress (Field-Tested),2026-04-07,708.0,0,0
AK-47 | The Empress (Field-Tested),2026-04-08,703.0,0,0
AK-47 | The Empress (Field-Tested),2026-04-09,702.0,0,0
AK-47 | The Empress (Field-Tested),2026-04-10,702.0,0,0
AK-47 | The Empress (Field-Tested),2026-04-11,705.9,0,0
AK-47 | The Empress (Field-Tested),2026-04-12,699.5,0,0
AK-47 | The Empress (Field-Tested),2026-04-13,704.0,0,0
AK-47 | The Empress (Field-Tested),2026-04-14,701.38,0,0
AK-47 | The Empress (Field-Tested),2026-04-15,698.5,0,0
AK-47 | The Empress (Field-Tested),2026-04-16,690.0,0,0
AK-47 | The Empress (Field-Tested),2026-04-17,690.0,0,0
AK-47 | The Empress (Field-Tested),2026-04-18,694.3,0,0
AK-47 | The Empress (Field-Tested),2026-04-19,695.0,0,0
AK-47 | The Empress (Field-Tested),2026-04-20,694.0,0,0
AK-47 | The Empress (Field-Tested),2026-04-21,691.49,0,0
AK-47 | The Empress (Field-Tested),2026-04-22,692.49,0,0
AK-47 | The Empress (Field-Tested),2026-04-23,680.0,0,0
AK-47 | The Empress (Field-Tested),2026-04-24,649.99,0,0
AK-47 | The Empress (Field-Tested),2026-04-25,670.0,0,0
AK-47 | The Empress (Field-Tested),2026-04-26,664.4,0,0
AK-47 | The Empress (Field-Tested),2026-04-27,650.0,0,0
AK-47 | The Empress (Field-Tested),2026-04-28,644.5,0,0
AK-47 | The Empress (Field-Tested),2026-04-29,639.99,0,0
AK-47 | The Empress (Field-Tested),2026-04-30,635.89,0,0
AK-47 | The Empress (Field-Tested),2026-05-01,642.0,0,0
AK-47 | The Empress (Field-Tested),2026-05-02,650.0,0,0
AK-47 | The Empress (Field-Tested),2026-05-03,648.5,0,0
AK-47 | The Empress (Field-Tested),2026-05-04,638.38,0,0
AK-47 | The Empress (Field-Tested),2026-05-05,655.0,0,0
AK-47 | The Empress (Field-Tested),2026-05-06,662.7,0,0
AK-47 | The Empress (Field-Tested),2026-05-07,665.0,0,0
AK-47 | The Empress (Field-Tested),2026-05-08,659.5,0,0
AK-47 | The Empress (Field-Tested),2026-05-09,660.0,0,0
AK-47 | The Empress (Field-Tested),2026-05-10,648.0,0,0
AK-47 | The Empress (Field-Tested),2026-05-11,629.0,0,0
AK-47 | The Empress (Field-Tested),2026-05-12,610.0,0,0
AK-47 | The Empress (Field-Tested),2026-05-13,615.0,0,0
AK-47 | The Empress (Field-Tested),2026-05-14,618.4,0,0
AK-47 | The Empress (Field-Tested),2026-05-15,616.1,0,0
AK-47 | The Empress (Field-Tested),2026-05-16,609.99,0,0
AK-47 | The Empress (Field-Tested),2026-05-17,609.5,0,0
AK-47 | The Empress (Field-Tested),2026-05-18,609.5,0,0
AK-47 | The Empress (Field-Tested),2026-05-19,623.0,0,0
AK-47 | The Empress (Field-Tested),2026-05-20,623.0,0,0
AK-47 | The Empress (Field-Tested),2026-05-21,637.0,0,0
AK-47 | The Empress (Field-Tested),2026-05-22,628.0,0,0
AK-47 | The Empress (Field-Tested),2026-05-23,630.0,0,0
AK-47 | The Empress (Field-Tested),2026-05-24,634.48,0,0
AK-47 | The Empress (Field-Tested),2026-05-25,599.0,0,0
AK-47 | The Empress (Field-Tested),2026-05-26,569.98,0,0
AK-47 | The Empress (Field-Tested),2026-05-27,593.38,0,0
AK-47 | The Empress (Field-Tested),2026-05-28,599.5,0,0
AK-47 | The Empress (Field-Tested),2026-05-29,608.0,0,0
AK-47 | The Empress (Field-Tested),2026-05-30,612.0,0,0
AK-47 | The Empress (Field-Tested),2026-05-31,613.35,0,0
AK-47 | The Empress (Field-Tested),2026-06-01,609.5,0,0
AK-47 | The Empress (Field-Tested),2026-06-02,608.0,0,0
AK-47 | The Empress (Field-Tested),2026-06-03,613.0,0,0
AK-47 | The Empress (Field-Tested),2026-06-04,627.0,0,0
AK-47 | The Empress (Field-Tested),2026-06-05,629.5,0,0
AK-47 | The Empress (Field-Tested),2026-06-06,635.2,0,0
AK-47 | The Empress (Field-Tested),2026-06-07,624.5,0,0
AK-47 | The Empress (Field-Tested),2026-06-08,633.4,0,0
AK-47 | The Empress (Field-Tested),2026-06-09,643.34,0,0
AK-47 | The Empress (Field-Tested),2026-06-10,649.0,0,0
AK-47 | The Empress (Field-Tested),2026-06-11,675.0,0,0
AK-47 | The Empress (Field-Tested),2026-06-12,673.0,0,0
AK-47 | The Empress (Field-Tested),2026-06-13,674.5,0,0
AK-47 | The Empress (Field-Tested),2026-06-14,669.0,0,0
AK-47 | The Empress (Field-Tested),2026-06-15,675.0,0,0
AK-47 | The Empress (Field-Tested),2026-06-16,660.0,0,0
AK-47 | The Empress (Field-Tested),2026-06-17,670.0,0,0
AK-47 | The Empress (Field-Tested),2026-06-18,665.5,0,0
AK-47 | The Empress (Field-Tested),2026-06-19,657.0,0,0
AK-47 | The Empress (Field-Tested),2026-06-20,669.4,0,0
AK-47 | The Empress (Field-Tested),2026-06-21,663.8,0,0
AK-47 | The Empress (Field-Tested),2026-06-22,659.0,0,0
AK-47 | The Empress (Field-Tested),2026-06-23,669.0,0,0
AK-47 | The Empress (Field-Tested),2026-06-24,660.0,0,0
AK-47 | The Empress (Field-Tested),2026-06-25,656.55,0,0
AK-47 | The Empress (Field-Tested),2026-06-26,661.5,0,0
AK-47 | The Empress (Field-Tested),2026-06-27,675.49,0,0
AK-47 | The Empress (Field-Tested),2026-06-28,679.98,0,0
AK-47 | The Empress (Field-Tested),2026-06-29,685.0,0,0
AK-47 | The Empress (Field-Tested),2026-06-30,674.0,0,0
AK-47 | The Empress (Field-Tested),2026-07-01,688.0,0,0
AK-47 | The Empress (Field-Tested),2026-07-02,685.5,0,0
AK-47 | The Empress (Field-Tested),2026-07-03,687.0,0,0
AK-47 | The Empress (Field-Tested),2026-07-04,693.97,0,0
AK-47 | The Empress (Field-Tested),2026-07-05,685.0,0,0
AK-47 | The Empress (Field-Tested),2026-07-06,668.0,0,0
AK-47 | The Empress (Field-Tested),2026-07-07,685.5,0,0
AK-47 | The Empress (Field-Tested),2026-07-08,680.0,0,0
AK-47 | The Empress (Field-Tested),2026-07-09,670.0,0,0
AK-47 | The Empress (Field-Tested),2026-07-10,686.16,0,0
AK-47 | The Empress (Field-Tested),2026-07-11,688.39,0,0
AK-47 | The Empress (Field-Tested),2026-07-12,685.0,0,0
AK-47 | The Empress (Field-Tested),2026-07-13,685.29,0,0
AK-47 | The Empress (Field-Tested),2026-07-14,686.0,0,0
AK-47 | The Empress (Field-Tested),2026-07-15,667.0,0,0
AK-47 | The Empress (Field-Tested),2026-07-16,683.48,0,0
AK-47 | The Empress (Field-Tested),2026-07-17,680.0,0,0
AK-47 | The Empress (Field-Tested),2026-07-18,679.0,0,0
AK-47 | The Empress (Field-Tested),2026-07-19,681.9,0,0
AK-47 | The Empress (Field-Tested),2026-07-20,677.0,0,0
AK-47 | The Empress (Field-Tested),2026-07-21,677.44,0,0
AK-47 | The Empress (Field-Tested),2026-07-22,683.49,0,0
AK-47 | The Empress (Field-Tested),2026-07-23,683.16,0,0
AK-47 | The Empress (Field-Tested),2026-07-24,682.83,0,0
AK-47 | The Empress (Field-Tested),2026-07-25,682.5,0,0
AK-47 | The Empress (Field-Tested),2026-07-26,668.0,0,0
AK-47 | The Empress (Field-Tested),2026-07-27,679.99,0,0
AK-47 | The Empress (Field-Tested),2026-07-28,676.0,0,0
AK-47 | The Empress (Field-Tested),2026-07-29,672.0,0,0
AK-47 | The Empress (Field-Tested),2026-07-30,677.0,0,0
AK-47 | The Empress (Field-Tested),2026-07-31,669.0,0,0
AK-47 | The Empress (Field-Tested),2026-08-01,672.0,0,0
AK-47 | The Empress (Field-Tested),2026-08-02,660.0,0,0
AK-47 | The Empress (Field-Tested),2026-08-03,681.0,0,0
AK-47 | The Empress (Field-Tested),2026-08-04,679.0,0,0
AK-47 | The Empress (Field-Tested),2026-08-05,677.0,0,0
AK-47 | The Empress (Field-Tested),2026-08-06,676.0,0,0
AK-47 | The Empress (Field-Tested),2026-08-07,680.0,0,0
AK-47 | The Empress (Field-Tested),2026-08-08,680.0,0,0
AK-47 | The Empress (Field-Tested),2026-08-09,682.0,0,0
AK-47 | The Empress (Field-Tested),2026-08-10,670.0,0,0
AK-47 | The Empress (Field-Tested),2026-08-11,683.0,0,0
AK-47 | The Empress (Field-Tested),2026-08-12,679.43,0,0
AK-47 | The Empress (Field-Tested),2026-08-13,675.0,0,0
AK-47 | The Empress (Field-Tested),2026-08-14,670.0,0,0
AK-47 | The Empress (Field-Tested),2026-08-15,672.85,0,0
AK-47 | The Empress (Field-Tested),2026-08-16,664.9,0,0
AK-47 | The Empress (Field-Tested),2026-08-17,658.5,0,0
AK-47 | The Empress (Field-Tested),2026-08-18,660.0,0,0
AK-47 | The Empress (Field-Tested),2026-08-19,661.3,0,0
AK-47 | The Empress (Field-Tested),2026-08-20,659.2,0,0
AK-47 | The Empress (Field-Tested),2026-08-21,660.0,0,0
AK-47 | The Empress (Field-Tested),2026-08-22,660.3,0,0
AK-47 | The Empress (Field-Tested),2026-08-23,664.0,0,0
AK-47 | The Empress (Field-Tested),2026-08-24,659.5,0,0
AK-47 | The Empress (Field-Tested),2026-08-25,657.99,0,0
AK-47 | The Empress (Field-Tested),2026-08-26,667.99,0,0
AK-47 | The Empress (Field-Tested),2026-08-27,673.5,0,0
AK-47 | The Empress (Field-Tested),2026-08-28,678.99,0,0
AK-47 | The Empress (Field-Tested),2026-08-29,693.5,0,0
AK-47 | The Empress (Field-Tested),2026-08-30,699.18,0,0
AK-47 | The Empress (Field-Tested),2026-08-31,698.9,0,0
AK-47 | The Empress (Field-Tested),2026-09-01,710.0,0,0
AK-47 | The Empress (Field-Tested),2026-09-02,698.0,0,0
AK-47 | The Empress (Field-Tested),2026-09-03,713.2,0,0
AK-47 | The Empress (Field-Tested),2026-09-04,709.5,0,0
AK-47 | The Empress (Field-Tested),2026-09-05,708.5,0,0
AK-47 | The Empress (Field-Tested),2026-09-06,715.4,0,0
AK-47 | The Empress (Field-Tested),2026-09-07,710.0,0,0
AK-47 | The Empress (Field-Tested),2026-09-08,710.0,0,0
AK-47 | The Empress (Field-Tested),2026-09-09,713.5,0,0
AK-47 | The Empress (Field-Tested),2026-09-10,713.5,0,0
AK-47 | The Empress (Field-Tested),2026-09-11,703.5,0,0
AK-47 | The Empress (Field-Tested),2026-09-12,713.5,0,0
AK-47 | The Empress (Field-Tested),2026-09-13,710.0,0,0
AK-47 | The Empress (Field-Tested),2026-09-14,694.49,0,0
AK-47 | The Empress (Field-Tested),2026-09-15,683.5,0,0
AK-47 | The Empress (Field-Tested),2026-09-16,679.5,0,0
AK-47 | The Empress (Field-Tested),2026-09-17,670.0,0,0
AK-47 | The Empress (Field-Tested),2026-09-18,664.0,0,0
AK-47 | The Empress (Field-Tested),2026-09-19,655.0,0,0
AK-47 | The Empress (Field-Tested),2026-09-20,670.0,0,393
AK-47 | Vulcan (Field-Tested),2025-09-21,1772.5,0,0
AK-47 | Vulcan (Field-Tested),2025-09-22,1772.96,0,0
AK-47 | Vulcan (Field-Tested),2025-09-23,1769.5,0,0
AK-47 | Vulcan (Field-Tested),2025-09-24,1771.99,0,0
AK-47 | Vulcan (Field-Tested),2025-09-25,1774.0,0,0
AK-47 | Vulcan (Field-Tested),2025-09-26,1769.49,0,0
AK-47 | Vulcan (Field-Tested),2025-09-27,1780.0,0,0
AK-47 | Vulcan (Field-Tested),2025-09-28,1774.5,0,0
AK-47 | Vulcan (Field-Tested),2025-09-29,1769.2,0,0
AK-47 | Vulcan (Field-Tested),2025-09-30,1765.5,0,0
AK-47 | Vulcan (Field-Tested),2025-10-01,1783.0,0,0
AK-47 | Vulcan (Field-Tested),2025-10-02,1784.5,0,0
AK-47 | Vulcan (Field-Tested),2025-10-03,1779.0,0,0
AK-47 | Vulcan (Field-Tested),2025-10-04,1776.0,0,0
AK-47 | Vulcan (Field-Tested),2025-10-05,1776.49,0,0
AK-47 | Vulcan (Field-Tested),2025-10-06,1773.0,0,0
AK-47 | Vulcan (Field-Tested),2025-10-07,1770.0,0,0
AK-47 | Vulcan (Field-Tested),2025-10-08,1766.7,0,0
AK-47 | Vulcan (Field-Tested),2025-10-09,1766.0,0,0
AK-47 | Vulcan (Field-Tested),2025-10-10,1765.9,0,0
AK-47 | Vulcan (Field-Tested),2025-10-11,1774.5,0,0
AK-47 | Vulcan (Field-Tested),2025-10-12,1772.0,0,0
AK-47 | Vulcan (Field-Tested),2025-10-13,1776.0,0,0
AK-47 | Vulcan (Field-Tested),2025-10-14,1770.0,0,0
AK-47 | Vulcan (Field-Tested),2025-10-15,1770.0,0,0
AK-47 | Vulcan (Field-Tested),2025-10-16,1776.0,0,0
AK-47 | Vulcan (Field-Tested),2025-10-17,1775.0,0,0
AK-47 | Vulcan (Field-Tested),2025-10-18,1773.5,0,0
AK-47 | Vulcan (Field-Tested),2025-10-19,1778.38,0,0
AK-47 | Vulcan (Field-Tested),2025-10-20,1777.0,0,0
AK-47 | Vulcan (Field-Tested),2025-10-21,1773.0,0,0
AK-47 | Vulcan (Field-Tested),2025-10-22,1771.49,0,0
AK-47 | Vulcan (Field-Tested),2025-10-23,1544.0,0,0
AK-47 | Vulcan (Field-Tested),2025-10-24,1129.5,0,0
AK-47 | Vulcan (Field-Tested),2025-10-25,1369.5,0,0
AK-47 | Vulcan (Field-Tested),2025-10-26,1359.0,0,0
AK-47 | Vulcan (Field-Tested),2025-10-27,1319.0,0,0
AK-47 | Vulcan (Field-Tested),2025-10-28,1338.0,0,0
AK-47 | Vulcan (Field-Tested),2025-10-29,1286.0,0,0
AK-47 | Vulcan (Field-Tested),2025-10-30,1356.99,0,0
AK-47 | Vulcan (Field-Tested),2025-10-31,1465.0,0,0
AK-47 | Vulcan (Field-Tested),2025-11-01,1461.0,0,0
AK-47 | Vulcan (Field-Tested),2025-11-02,1499.0,0,0
AK-47 | Vulcan (Field-Tested),2025-11-03,1471.5,0,0
AK-47 | Vulcan (Field-Tested),2025-11-04,1443.99,0,0
AK-47 | Vulcan (Field-Tested),2025-11-05,1420.0,0,0
AK-47 | Vulcan (Field-Tested),2025-11-06,1420.0,0,0
AK-47 | Vulcan (Field-Tested),2025-11-07,1412.0,0,0
AK-47 | Vulcan (Field-Tested),2025-11-08,1421.5,0,0
AK-47 | Vulcan (Field-Tested),2025-11-09,1420.0,0,0
AK-47 | Vulcan (Field-Tested),2025-11-10,1413.66,0,0
AK-47 | Vulcan (Field-Tested),2025-11-11,1412.0,0,0
AK-47 | Vulcan (Field-Tested),2025-11-12,1410.5,0,0
AK-47 | Vulcan (Field-Tested),2025-11-13,1403.0,0,0
AK-47 | Vulcan (Field-Tested),2025-11-14,1409.49,0,0
AK-47 | Vulcan (Field-Tested),2025-11-15,1407.5,0,0
AK-47 | Vulcan (Field-Tested),2025-11-16,1402.88,0,0
AK-47 | Vulcan (Field-Tested),2025-11-17,1396.9,0,0
AK-47 | Vulcan (Field-Tested),2025-11-18,1406.0,0,0
AK-47 | Vulcan (Field-Tested),2025-11-19,1404.5,0,0
AK-47 | Vulcan (Field-Tested),2025-11-20,1397.5,0,0
AK-47 | Vulcan (Field-Tested),2025-11-21,1399.0,0,0
AK-47 | Vulcan (Field-Tested),2025-11-22,1396.5,0,0
AK-47 | Vulcan (Field-Tested),2025-11-23,1379.0,0,0
AK-47 | Vulcan (Field-Tested),2025-11-24,1399.0,0,0
AK-47 | Vulcan (Field-Tested),2025-11-25,1388.5,0,0
AK-47 | Vulcan (Field-Tested),2025-11-26,1389.0,0,0
AK-47 | Vulcan (Field-Tested),2025-11-27,1400.0,0,0
AK-47 | Vulcan (Field-Tested),2025-11-28,1398.0,0,0
AK-47 | Vulcan (Field-Tested),2025-11-29,1434.5,0,0
AK-47 | Vulcan (Field-Tested),2025-11-30,1439.0,0,0
AK-47 | Vulcan (Field-Tested),2025-12-01,1434.0,0,0
AK-47 | Vulcan (Field-Tested),2025-12-02,1420.0,0,0
AK-47 | Vulcan (Field-Tested),2025-12-03,1417.5,0,0
AK-47 | Vulcan (Field-Tested),2025-12-04,1410.5,0,0
AK-47 | Vulcan (Field-Tested),2025-12-05,1424.0,0,0
AK-47 | Vulcan (Field-Tested),2025-12-06,1417.5,0,0
AK-47 | Vulcan (Field-Tested),2025-12-07,1401.0,0,0
AK-47 | Vulcan (Field-Tested),2025-12-08,1394.5,0,0
AK-47 | Vulcan (Field-Tested),2025-12-09,1399.5,0,0
AK-47 | Vulcan (Field-Tested),2025-12-10,1414.0,0,0
AK-47 | Vulcan (Field-Tested),2025-12-11,1425.0,0,0
AK-47 | Vulcan (Field-Tested),2025-12-12,1414.5,0,0
AK-47 | Vulcan (Field-Tested),2025-12-13,1414.5,0,0
AK-47 | Vulcan (Field-Tested),2025-12-14,1413.4,0,0
AK-47 | Vulcan (Field-Tested),2025-12-15,1409.5,0,0
AK-47 | Vulcan (Field-Tested),2025-12-16,1389.5,0,0
AK-47 | Vulcan (Field-Tested),2025-12-17,1398.2,0,0
AK-47 | Vulcan (Field-Tested),2025-12-18,1395.0,0,0
AK-47 | Vulcan (Field-Tested),2025-12-19,1412.5,0,0
AK-47 | Vulcan (Field-Tested),2025-12-20,1409.0,0,0
AK-47 | Vulcan (Field-Tested),2025-12-21,1410.5,0,0
AK-47 | Vulcan (Field-Tested),2025-12-22,1427.5,0,0
AK-47 | Vulcan (Field-Tested),2025-12-23,1429.99,0,0
AK-47 | Vulcan (Field-Tested),2025-12-24,1433.5,0,0
AK-47 | Vulcan (Field-Tested),2025-12-25,1419.99,0,0
AK-47 | Vulcan (Field-Tested),2025-12-26,1415.0,0,0
AK-47 | Vulcan (Field-Tested),2025-12-27,1399.5,0,0
AK-47 | Vulcan (Field-Tested),2025-12-28,1414.5,0,0
AK-47 | Vulcan (Field-Tested),2025-12-29,1405.0,0,0
AK-47 | Vulcan (Field-Tested),2025-12-30,1419.0,0,0
AK-47 | Vulcan (Field-Tested),2025-12-31,1419.0,0,0
AK-47 | Vulcan (Field-Tested),2026-01-01,1420.0,0,0
AK-47 | Vulcan (Field-Tested),2026-01-02,1428.0,0,0
AK-47 | Vulcan (Field-Tested),2026-01-03,1429.0,0,0
AK-47 | Vulcan (Field-Tested),2026-01-04,1487.0,0,0
AK-47 | Vulcan (Field-Tested),2026-01-05,1477.0,0,0
AK-47 | Vulcan (Field-Tested),2026-01-06,1455.38,0,0
AK-47 | Vulcan (Field-Tested),2026-01-07,1453.5,0,0
AK-47 | Vulcan (Field-Tested),2026-01-08,1440.0,0,0
AK-47 | Vulcan (Field-Tested),2026-01-09,1437.5,0,0
AK-47 | Vulcan (Field-Tested),2026-01-10,1443.5,0,0
AK-47 | Vulcan (Field-Tested),2026-01-11,1450.9,0,0
AK-47 | Vulcan (Field-Tested),2026-01-12,1429.5,0,0
AK-47 | Vulcan (Field-Tested),2026-01-13,1459.49,0,0
AK-47 | Vulcan (Field-Tested),2026-01-14,1478.0,0,0
AK-47 | Vulcan (Field-Tested),2026-01-15,1464.32,0,0
AK-47 | Vulcan (Field-Tested),2026-01-16,1470.0,0,0
AK-47 | Vulcan (Field-Tested),2026-01-17,1463.0,0,0
AK-47 | Vulcan (Field-Tested),2026-01-18,1485.0,0,0
AK-47 | Vulcan (Field-Tested),2026-01-19,1488.0,0,0
AK-47 | Vulcan (Field-Tested),2026-01-20,1499.0,0,0
AK-47 | Vulcan (Field-Tested),2026-01-21,1489.5,0,0
AK-47 | Vulcan (Field-Tested),2026-01-22,1486.5,0,0
AK-47 | Vulcan (Field-Tested),2026-01-23,1468.5,0,0
AK-47 | Vulcan (Field-Tested),2026-01-24,1465.0,0,0
AK-47 | Vulcan (Field-Tested),2026-01-25,1459.5,0,0
AK-47 | Vulcan (Field-Tested),2026-01-26,1447.0,0,0
AK-47 | Vulcan (Field-Tested),2026-01-27,1445.5,0,0
AK-47 | Vulcan (Field-Tested),2026-01-28,1445.0,0,0
AK-47 | Vulcan (Field-Tested),2026-01-29,1461.29,0,0
AK-47 | Vulcan (Field-Tested),2026-01-30,1479.0,0,0
AK-47 | Vulcan (Field-Tested),2026-01-31,1470.0,0,0
AK-47 | Vulcan (Field-Tested),2026-02-01,1498.0,0,0
AK-47 | Vulcan (Field-Tested),2026-02-02,1485.0,0,0
AK-47 | Vulcan (Field-Tested),2026-02-03,1496.5,0,0
AK-47 | Vulcan (Field-Tested),2026-02-04,1493.5,0,0
AK-47 | Vulcan (Field-Tested),2026-02-05,1486.5,0,0
AK-47 | Vulcan (Field-Tested),2026-02-06,1459.5,0,0
AK-47 | Vulcan (Field-Tested),2026-02-07,1482.5,0,0
AK-47 | Vulcan (Field-Tested),2026-02-08,1470.0,0,0
AK-47 | Vulcan (Field-Tested),2026-02-09,1479.5,0,0
AK-47 | Vulcan (Field-Tested),2026-02-10,1476.0,0,0
AK-47 | Vulcan (Field-Tested),2026-02-11,1483.0,0,0
AK-47 | Vulcan (Field-Tested),2026-02-12,1499.0,0,0
AK-47 | Vulcan (Field-Tested),2026-02-13,1496.0,0,0
AK-47 | Vulcan (Field-Tested),2026-02-14,1489.5,0,0
AK-47 | Vulcan (Field-Tested),2026-02-15,1486.99,0,0
AK-47 | Vulcan (Field-Tested),2026-02-16,1487.0,0,0
AK-47 | Vulcan (Field-Tested),2026-02-17,1493.47,0,0
AK-47 | Vulcan (Field-Tested),2026-02-18,1497.5,0,0
AK-47 | Vulcan (Field-Tested),2026-02-19,1497.0,0,0
AK-47 | Vulcan (Field-Tested),2026-02-20,1524.5,0,0
AK-47 | Vulcan (Field-Tested),2026-02-21,1531.99,0,0
AK-47 | Vulcan (Field-Tested),2026-02-22,1530.48,0,0
AK-47 | Vulcan (Field-Tested),2026-02-23,1527.5,0,0
AK-47 | Vulcan (Field-Tested),2026-02-24,1505.0,0,0
AK-47 | Vulcan (Field-Tested),2026-02-25,1519.97,0,0
AK-47 | Vulcan (Field-Tested),2026-02-26,1525.0,0,0
AK-47 | Vulcan (Field-Tested),2026-02-27,1528.0,0,0
AK-47 | Vulcan (Field-Tested),2026-02-28,1524.97,0,0
AK-47 | Vulcan (Field-Tested),2026-03-01,1519.4,0,0
AK-47 | Vulcan (Field-Tested),2026-03-02,1513.88,0,0
AK-47 | Vulcan (Field-Tested),2026-03-03,1510.88,0,0
AK-47 | Vulcan (Field-Tested),2026-03-04,1509.35,0,0
AK-47 | Vulcan (Field-Tested),2026-03-05,1503.0,0,0
AK-47 | Vulcan (Field-Tested),2026-03-06,1490.5,0,0
AK-47 | Vulcan (Field-Tested),2026-03-07,1489.5,0,0
AK-47 | Vulcan (Field-Tested),2026-03-08,1490.0,0,0
AK-47 | Vulcan (Field-Tested),2026-03-09,1483.0,0,0
AK-47 | Vulcan (Field-Tested),2026-03-10,1477.8,0,0
AK-47 | Vulcan (Field-Tested),2026-03-11,1468.5,0,0
AK-47 | Vulcan (Field-Tested),2026-03-12,1490.0,0,0
AK-47 | Vulcan (Field-Tested),2026-03-13,1486.3,0,0
AK-47 | Vulcan (Field-Tested),2026-03-14,1484.5,0,0
AK-47 | Vulcan (Field-Tested),2026-03-15,1493.0,0,0
AK-47 | Vulcan (Field-Tested),2026-03-16,1497.9,0,0
AK-47 | Vulcan (Field-Tested),2026-03-17,1497.4,0,0
AK-47 | Vulcan (Field-Tested),2026-03-18,1498.4,0,0
AK-47 | Vulcan (Field-Tested),2026-03-19,1499.5,0,0
AK-47 | Vulcan (Field-Tested),2026-03-20,1508.5,0,0
AK-47 | Vulcan (Field-Tested),2026-03-21,1510.0,0,0
AK-47 | Vulcan (Field-Tested),2026-03-22,1498.5,0,0
AK-47 | Vulcan (Field-Tested),2026-03-23,1488.0,0,0
AK-47 | Vulcan (Field-Tested),2026-03-24,1486.0,0,0
AK-47 | Vulcan (Field-Tested),2026-03-25,1459.5,0,0
AK-47 | Vulcan (Field-Tested),2026-03-26,1437.9,0,0
AK-47 | Vulcan (Field-Tested),2026-03-27,1439.5,0,0
AK-47 | Vulcan (Field-Tested),2026-03-28,1453.49,0,0
AK-47 | Vulcan (Field-Tested),2026-03-29,1442.5,0,0
AK-47 | Vulcan (Field-Tested),2026-03-30,1418.89,0,0
AK-47 | Vulcan (Field-Tested),2026-03-31,1398.5,0,0
AK-47 | Vulcan (Field-Tested),2026-04-01,1417.89,0,0
AK-47 | Vulcan (Field-Tested),2026-04-02,1418.0,0,0
AK-47 | Vulcan (Field-Tested),2026-04-03,1418.5,0,0
AK-47 | Vulcan (Field-Tested),2026-04-04,1416.5,0,0
AK-47 | Vulcan (Field-Tested),2026-04-05,1414.5,0,0
AK-47 | Vulcan (Field-Tested),2026-04-06,1403.39,0,0
AK-47 | Vulcan (Field-Tested),2026-04-07,1397.97,0,0
AK-47 | Vulcan (Field-Tested),2026-04-08,1369.99,0,0
AK-47 | Vulcan (Field-Tested),2026-04-09,1378.48,0,0
AK-47 | Vulcan (Field-Tested),2026-04-10,1376.98,0,0
AK-47 | Vulcan (Field-Tested),2026-04-11,1384.5,0,0
AK-47 | Vulcan (Field-Tested),2026-04-12,1383.49,0,0
AK-47 | Vulcan (Field-Tested),2026-04-13,1400.0,0,0
AK-47 | Vulcan (Field-Tested),2026-04-14,1398.0,0,0
AK-47 | Vulcan (Field-Tested),2026-04-15,1397.48,0,0
AK-47 | Vulcan (Field-Tested),2026-04-16,1387.0,0,0
AK-47 | Vulcan (Field-Tested),2026-04-17,1388.0,0,0
AK-47 | Vulcan (Field-Tested),2026-04-18,1380.0,0,0
AK-47 | Vulcan (Field-Tested),2026-04-19,1387.9,0,0
AK-47 | Vulcan (Field-Tested),2026-04-20,1380.0,0,0
AK-47 | Vulcan (Field-Tested),2026-04-21,1315.0,0,0
AK-47 | Vulcan (Field-Tested),2026-04-22,1317.5,0,0
AK-47 | Vulcan (Field-Tested),2026-04-23,1250.0,0,0
AK-47 | Vulcan (Field-Tested),2026-04-24,1269.0,0,0
AK-47 | Vulcan (Field-Tested),2026-04-25,1298.5,0,0
AK-47 | Vulcan (Field-Tested),2026-04-26,1348.0,0,0
AK-47 | Vulcan (Field-Tested),2026-04-27,1324.5,0,0
AK-47 | Vulcan (Field-Tested),2026-04-28,1325.0,0,0
AK-47 | Vulcan (Field-Tested),2026-04-29,1331.0,0,0
AK-47 | Vulcan (Field-Tested),2026-04-30,1329.0,0,0
AK-47 | Vulcan (Field-Tested),2026-05-01,1353.5,0,0
AK-47 | Vulcan (Field-Tested),2026-05-02,1349.5,0,0
AK-47 | Vulcan (Field-Tested),2026-05-03,1337.0,0,0
AK-47 | Vulcan (Field-Tested),2026-05-04,1333.88,0,0
AK-47 | Vulcan (Field-Tested),2026-05-05,1332.49,0,0
AK-47 | Vulcan (Field-Tested),2026-05-06,1329.0,0,0
AK-47 | Vulcan (Field-Tested),2026-05-07,1324.5,0,0
AK-47 | Vulcan (Field-Tested),2026-05-08,1298.0,0,0
AK-47 | Vulcan (Field-Tested),2026-05-09,1290.98,0,0
AK-47 | Vulcan (Field-Tested),2026-05-10,1277.0,0,0
AK-47 | Vulcan (Field-Tested),2026-05-11,1250.0,0,0
AK-47 | Vulcan (Field-Tested),2026-05-12,1242.5,0,0
AK-47 | Vulcan (Field-Tested),2026-05-13,1256.0,0,0
AK-47 | Vulcan (Field-Tested),2026-05-14,1273.5,0,0
AK-47 | Vulcan (Field-Tested),2026-05-15,1269.0,0,0
AK-47 | Vulcan (Field-Tested),2026-05-16,1273.5,0,0
AK-47 | Vulcan (Field-Tested),2026-05-17,1280.0,0,0
AK-47 | Vulcan (Field-Tested),2026-05-18,1278.5,0,0
AK-47 | Vulcan (Field-Tested),2026-05-19,1276.5,0,0
AK-47 | Vulcan (Field-Tested),2026-05-20,1275.0,0,0
AK-47 | Vulcan (Field-Tested),2026-05-21,1274.5,0,0
AK-47 | Vulcan (Field-Tested),2026-05-22,1240.0,0,0
AK-47 | Vulcan (Field-Tested),2026-05-23,1237.0,0,0
AK-47 | Vulcan (Field-Tested),2026-05-24,1223.0,0,0
AK-47 | Vulcan (Field-Tested),2026-05-25,1210.0,0,0
AK-47 | Vulcan (Field-Tested),2026-05-26,1180.0,0,0
AK-47 | Vulcan (Field-Tested),2026-05-27,1129.5,0,0
AK-47 | Vulcan (Field-Tested),2026-05-28,1198.5,0,0
AK-47 | Vulcan (Field-Tested),2026-05-29,1204.92,0,0
AK-47 | Vulcan (Field-Tested),2026-05-30,1210.0,0,0
AK-47 | Vulcan (Field-Tested),2026-05-31,1235.0,0,0
AK-47 | Vulcan (Field-Tested),2026-06-01,1225.0,0,0
AK-47 | Vulcan (Field-Tested),2026-06-02,1230.0,0,0
AK-47 | Vulcan (Field-Tested),2026-06-03,1235.0,0,0
AK-47 | Vulcan (Field-Tested),2026-06-04,1244.5,0,0
AK-47 | Vulcan (Field-Tested),2026-06-05,1247.5,0,0
AK-47 | Vulcan (Field-Tested),2026-06-06,1249.5,0,0
AK-47 | Vulcan (Field-Tested),2026-06-07,1262.0,0,0
AK-47 | Vulcan (Field-Tested),2026-06-08,1273.48,0,0
AK-47 | Vulcan (Field-Tested),2026-06-09,1287.0,0,0
AK-47 | Vulcan (Field-Tested),2026-06-10,1270.5,0,0
AK-47 | Vulcan (Field-Tested),2026-06-11,1268.0,0,0
AK-47 | Vulcan (Field-Tested),2026-06-12,1260.0,0,0
AK-47 | Vulcan (Field-Tested),2026-06-13,1259.5,0,0
AK-47 | Vulcan (Field-Tested),2026-06-14,1246.49,0,0
AK-47 | Vulcan (Field-Tested),2026-06-15,1245.0,0,0
AK-47 | Vulcan (Field-Tested),2026-06-16,1254.0,0,0
AK-47 | Vulcan (Field-Tested),2026-06-17,1259.0,0,0
AK-47 | Vulcan (Field-Tested),2026-06-18,1258.0,0,0
AK-47 | Vulcan (Field-Tested),2026-06-19,1264.5,0,0
AK-47 | Vulcan (Field-Tested),2026-06-20,1260.0,0,0
AK-47 | Vulcan (Field-Tested),2026-06-21,1270.0,0,0
AK-47 | Vulcan (Field-Tested),2026-06-22,1289.0,0,0
AK-47 | Vulcan (Field-Tested),2026-06-23,1290.0,0,0
AK-47 | Vulcan (Field-Tested),2026-06-24,1313.0,0,0
AK-47 | Vulcan (Field-Tested),2026-06-25,1300.0,0,0
AK-47 | Vulcan (Field-Tested),2026-06-26,1301.0,0,0
AK-47 | Vulcan (Field-Tested),2026-06-27,1277.98,0,0
AK-47 | Vulcan (Field-Tested),2026-06-28,1278.5,0,0
AK-47 | Vulcan (Field-Tested),2026-06-29,1287.0,0,0
AK-47 | Vulcan (Field-Tested),2026-06-30,1284.95,0,0
AK-47 | Vulcan (Field-Tested),2026-07-01,1275.0,0,0
AK-47 | Vulcan (Field-Tested),2026-07-02,1260.0,0,0
AK-47 | Vulcan (Field-Tested),2026-07-03,1265.0,0,0
AK-47 | Vulcan (Field-Tested),2026-07-04,1255.5,0,0
AK-47 | Vulcan (Field-Tested),2026-07-05,1265.5,0,0
AK-47 | Vulcan (Field-Tested),2026-07-06,1263.87,0,0
AK-47 | Vulcan (Field-Tested),2026-07-07,1270.0,0,0
AK-47 | Vulcan (Field-Tested),2026-07-08,1269.0,0,0
AK-47 | Vulcan (Field-Tested),2026-07-09,1265.0,0,0
AK-47 | Vulcan (Field-Tested),2026-07-10,1248.0,0,0
AK-47 | Vulcan (Field-Tested),2026-07-11,1263.0,0,0
AK-47 | Vulcan (Field-Tested),2026-07-12,1258.9,0,0
AK-47 | Vulcan (Field-Tested),2026-07-13,1255.5,0,0
AK-47 | Vulcan (Field-Tested),2026-07-14,1250.5,0,0
AK-47 | Vulcan (Field-Tested),2026-07-15,1269.5,0,0
AK-47 | Vulcan (Field-Tested),2026-07-16,1275.0,0,0
AK-47 | Vulcan (Field-Tested),2026-07-17,1275.0,0,0
AK-47 | Vulcan (Field-Tested),2026-07-18,1275.0,0,0
AK-47 | Vulcan (Field-Tested),2026-07-19,1273.5,0,0
AK-47 | Vulcan (Field-Tested),2026-07-20,1274.0,0,0
AK-47 | Vulcan (Field-Tested),2026-07-21,1273.5,0,0
AK-47 | Vulcan (Field-Tested),2026-07-22,1271.0,0,0
AK-47 | Vulcan (Field-Tested),2026-07-23,1270.16,0,0
AK-47 | Vulcan (Field-Tested),2026-07-24,1269.33,0,0
AK-47 | Vulcan (Field-Tested),2026-07-25,1268.49,0,0
AK-47 | Vulcan (Field-Tested),2026-07-26,1265.9,0,0
AK-47 | Vulcan (Field-Tested),2026-07-27,1261.99,0,0
AK-47 | Vulcan (Field-Tested),2026-07-28,1247.99,0,0
AK-47 | Vulcan (Field-Tested),2026-07-29,1239.98,0,0
AK-47 | Vulcan (Field-Tested),2026-07-30,1236.5,0,0
AK-47 | Vulcan (Field-Tested),2026-07-31,1240.0,0,0
AK-47 | Vulcan (Field-Tested),2026-08-01,1238.49,0,0
AK-47 | Vulcan (Field-Tested),2026-08-02,1218.99,0,0
AK-47 | Vulcan (Field-Tested),2026-08-03,1231.98,0,0
AK-47 | Vulcan (Field-Tested),2026-08-04,1212.0,0,0
AK-47 | Vulcan (Field-Tested),2026-08-05,1214.99,0,0
AK-47 | Vulcan (Field-Tested),2026-08-06,1207.49,0,0
AK-47 | Vulcan (Field-Tested),2026-08-07,1197.99,0,0
AK-47 | Vulcan (Field-Tested),2026-08-08,1196.98,0,0
AK-47 | Vulcan (Field-Tested),2026-08-09,1219.35,0,0
AK-47 | Vulcan (Field-Tested),2026-08-10,1225.0,0,0
AK-47 | Vulcan (Field-Tested),2026-08-11,1209.0,0,0
AK-47 | Vulcan (Field-Tested),2026-08-12,1178.0,0,0
AK-47 | Vulcan (Field-Tested),2026-08-13,1165.0,0,0
AK-47 | Vulcan (Field-Tested),2026-08-14,1167.0,0,0
AK-47 | Vulcan (Field-Tested),2026-08-15,1180.0,0,0
AK-47 | Vulcan (Field-Tested),2026-08-16,1182.5,0,0
AK-47 | Vulcan (Field-Tested),2026-08-17,1169.5,0,0
AK-47 | Vulcan (Field-Tested),2026-08-18,1163.0,0,0
AK-47 | Vulcan (Field-Tested),2026-08-19,1155.0,0,0
AK-47 | Vulcan (Field-Tested),2026-08-20,1152.5,0,0
AK-47 | Vulcan (Field-Tested),2026-08-21,1138.5,0,0
AK-47 | Vulcan (Field-Tested),2026-08-22,1109.5,0,0
AK-47 | Vulcan (Field-Tested),2026-08-23,1154.5,0,0
AK-47 | Vulcan (Field-Tested),2026-08-24,1169.0,0,0
AK-47 | Vulcan (Field-Tested),2026-08-25,1149.5,0,0
AK-47 | Vulcan (Field-Tested),2026-08-26,1144.0,0,0
AK-47 | Vulcan (Field-Tested),2026-08-27,1134.5,0,0
AK-47 | Vulcan (Field-Tested),2026-08-28,1118.5,0,0
AK-47 | Vulcan (Field-Tested),2026-08-29,1135.09,0,0
AK-47 | Vulcan (Field-Tested),2026-08-30,1129.0,0,0
AK-47 | Vulcan (Field-Tested),2026-08-31,1133.89,0,0
AK-47 | Vulcan (Field-Tested),2026-09-01,1127.48,0,0
AK-47 | Vulcan (Field-Tested),2026-09-02,1129.5,0,0
AK-47 | Vulcan (Field-Tested),2026-09-03,1131.39,0,0
AK-47 | Vulcan (Field-Tested),2026-09-04,1129.89,0,0
AK-47 | Vulcan (Field-Tested),2026-09-05,1123.49,0,0
AK-47 | Vulcan (Field-Tested),2026-09-06,1122.49,0,0
AK-47 | Vulcan (Field-Tested),2026-09-07,1124.38,0,0
AK-47 | Vulcan (Field-Tested),2026-09-08,1122.0,0,0
AK-47 | Vulcan (Field-Tested),2026-09-09,1119.5,0,0
AK-47 | Vulcan (Field-Tested),2026-09-10,1123.0,0,0
AK-47 | Vulcan (Field-Tested),2026-09-11,1127.0,0,0
AK-47 | Vulcan (Field-Tested),2026-09-12,1127.0,0,0
AK-47 | Vulcan (Field-Tested),2026-09-13,1126.0,0,0
AK-47 | Vulcan (Field-Tested),2026-09-14,1129.88,0,0
AK-47 | Vulcan (Field-Tested),2026-09-15,1125.0,0,0
AK-47 | Vulcan (Field-Tested),2026-09-16,1126.49,0,0
AK-47 | Vulcan (Field-Tested),2026-09-17,1125.49,0,0
AK-47 | Vulcan (Field-Tested),2026-09-18,1122.0,0,0
AK-47 | Vulcan (Field-Tested),2026-09-19,1129.0,0,0
AK-47 | Vulcan (Field-Tested),2026-09-20,1127.5,0,804
AWP | Asiimov (Field-Tested),2025-09-21,947.48,0,0
AWP | Asiimov (Field-Tested),2025-09-22,955.0,0,0
AWP | Asiimov (Field-Tested),2025-09-23,945.0,0,0
AWP | Asiimov (Field-Tested),2025-09-24,942.4,0,0
AWP | Asiimov (Field-Tested),2025-09-25,934.5,0,0
AWP | Asiimov (Field-Tested),2025-09-26,940.0,0,0
AWP | Asiimov (Field-Tested),2025-09-27,943.8,0,0
AWP | Asiimov (Field-Tested),2025-09-28,948.96,0,0
AWP | Asiimov (Field-Tested),2025-09-29,968.0,0,0
AWP | Asiimov (Field-Tested),2025-09-30,968.0,0,0
AWP | Asiimov (Field-Tested),2025-10-01,963.5,0,0
AWP | Asiimov (Field-Tested),2025-10-02,951.0,0,0
AWP | Asiimov (Field-Tested),2025-10-03,953.66,0,0
AWP | Asiimov (Field-Tested),2025-10-04,950.99,0,0
AWP | Asiimov (Field-Tested),2025-10-05,942.0,0,0
AWP | Asiimov (Field-Tested),2025-10-06,943.55,0,0
AWP | Asiimov (Field-Tested),2025-10-07,942.25,0,0
AWP | Asiimov (Field-Tested),2025-10-08,965.0,0,0
AWP | Asiimov (Field-Tested),2025-10-09,954.99,0,0
AWP | Asiimov (Field-Tested),2025-10-10,949.0,0,0
AWP | Asiimov (Field-Tested),2025-10-11,968.96,0,0
AWP | Asiimov (Field-Tested),2025-10-12,964.5,0,0
AWP | Asiimov (Field-Tested),2025-10-13,972.0,0,0
AWP | Asiimov (Field-Tested),2025-10-14,954.0,0,0
AWP | Asiimov (Field-Tested),2025-10-15,945.8,0,0
AWP | Asiimov (Field-Tested),2025-10-16,949.5,0,0
AWP | Asiimov (Field-Tested),2025-10-17,945.78,0,0
AWP | Asiimov (Field-Tested),2025-10-18,940.99,0,0
AWP | Asiimov (Field-Tested),2025-10-19,935.0,0,0
AWP | Asiimov (Field-Tested),2025-10-20,935.1,0,0
AWP | Asiimov (Field-Tested),2025-10-21,933.8,0,0
AWP | Asiimov (Field-Tested),2025-10-22,936.3,0,0
AWP | Asiimov (Field-Tested),2025-10-23,720.0,0,0
AWP | Asiimov (Field-Tested),2025-10-24,536.5,0,0
AWP | Asiimov (Field-Tested),2025-10-25,699.5,0,0
AWP | Asiimov (Field-Tested),2025-10-26,674.0,0,0
AWP | Asiimov (Field-Tested),2025-10-27,706.49,0,0
AWP | Asiimov (Field-Tested),2025-10-28,703.5,0,0
AWP | Asiimov (Field-Tested),2025-10-29,678.5,0,0
AWP | Asiimov (Field-Tested),2025-10-30,730.9,0,0
AWP | Asiimov (Field-Tested),2025-10-31,742.0,0,0
AWP | Asiimov (Field-Tested),2025-11-01,787.86,0,0
AWP | Asiimov (Field-Tested),2025-11-02,800.0,0,0
AWP | Asiimov (Field-Tested),2025-11-03,791.5,0,0
AWP | Asiimov (Field-Tested),2025-11-04,770.0,0,0
AWP | Asiimov (Field-Tested),2025-11-05,796.1,0,0
AWP | Asiimov (Field-Tested),2025-11-06,822.37,0,0
AWP | Asiimov (Field-Tested),2025-11-07,803.0,0,0
AWP | Asiimov (Field-Tested),2025-11-08,510.0,0,0
AWP | Asiimov (Field-Tested),2025-11-09,783.5,0,0
AWP | Asiimov (Field-Tested),2025-11-10,779.07,0,0
AWP | Asiimov (Field-Tested),2025-11-11,786.89,0,0
AWP | Asiimov (Field-Tested),2025-11-12,788.96,0,0
AWP | Asiimov (Field-Tested),2025-11-13,784.88,0,0
AWP | Asiimov (Field-Tested),2025-11-14,786.0,0,0
AWP | Asiimov (Field-Tested),2025-11-15,795.34,0,0
AWP | Asiimov (Field-Tested),2025-11-16,800.0,0,0
AWP | Asiimov (Field-Tested),2025-11-17,803.5,0,0
AWP | Asiimov (Field-Tested),2025-11-18,808.68,0,0
AWP | Asiimov (Field-Tested),2025-11-19,802.5,0,0
AWP | Asiimov (Field-Tested),2025-11-20,800.0,0,0
AWP | Asiimov (Field-Tested),2025-11-21,797.0,0,0
AWP | Asiimov (Field-Tested),2025-11-22,796.0,0,0
AWP | Asiimov (Field-Tested),2025-11-23,797.9,0,0
AWP | Asiimov (Field-Tested),2025-11-24,796.49,0,0
AWP | Asiimov (Field-Tested),2025-11-25,788.0,0,0
AWP | Asiimov (Field-Tested),2025-11-26,791.3,0,0
AWP | Asiimov (Field-Tested),2025-11-27,798.5,0,0
AWP | Asiimov (Field-Tested),2025-11-28,799.5,0,0
AWP | Asiimov (Field-Tested),2025-11-29,815.0,0,0
AWP | Asiimov (Field-Tested),2025-11-30,814.9,0,0
AWP | Asiimov (Field-Tested),2025-12-01,812.1,0,0
AWP | Asiimov (Field-Tested),2025-12-02,820.5,0,0
AWP | Asiimov (Field-Tested),2025-12-03,814.5,0,0
AWP | Asiimov (Field-Tested),2025-12-04,807.0,0,0
AWP | Asiimov (Field-Tested),2025-12-05,802.9,0,0
AWP | Asiimov (Field-Tested),2025-12-06,807.4,0,0
AWP | Asiimov (Field-Tested),2025-12-07,804.5,0,0
AWP | Asiimov (Field-Tested),2025-12-08,804.97,0,0
AWP | Asiimov (Field-Tested),2025-12-09,804.9,0,0
AWP | Asiimov (Field-Tested),2025-12-10,814.9,0,0
AWP | Asiimov (Field-Tested),2025-12-11,812.3,0,0
AWP | Asiimov (Field-Tested),2025-12-12,807.8,0,0
AWP | Asiimov (Field-Tested),2025-12-13,813.0,0,0
AWP | Asiimov (Field-Tested),2025-12-14,805.0,0,0
AWP | Asiimov (Field-Tested),2025-12-15,807.0,0,0
AWP | Asiimov (Field-Tested),2025-12-16,808.0,0,0
AWP | Asiimov (Field-Tested),2025-12-17,818.68,0,0
AWP | Asiimov (Field-Tested),2025-12-18,815.77,0,0
AWP | Asiimov (Field-Tested),2025-12-19,828.3,0,0
AWP | Asiimov (Field-Tested),2025-12-20,838.79,0,0
AWP | Asiimov (Field-Tested),2025-12-21,834.0,0,0
AWP | Asiimov (Field-Tested),2025-12-22,839.0,0,0
AWP | Asiimov (Field-Tested),2025-12-23,840.0,0,0
AWP | Asiimov (Field-Tested),2025-12-24,837.6,0,0
AWP | Asiimov (Field-Tested),2025-12-25,838.0,0,0
AWP | Asiimov (Field-Tested),2025-12-26,835.9,0,0
AWP | Asiimov (Field-Tested),2025-12-27,832.5,0,0
AWP | Asiimov (Field-Tested),2025-12-28,833.5,0,0
AWP | Asiimov (Field-Tested),2025-12-29,826.5,0,0
AWP | Asiimov (Field-Tested),2025-12-30,831.79,0,0
AWP | Asiimov (Field-Tested),2025-12-31,831.0,0,0
AWP | Asiimov (Field-Tested),2026-01-01,839.5,0,0
AWP | Asiimov (Field-Tested),2026-01-02,838.0,0,0
AWP | Asiimov (Field-Tested),2026-01-03,847.75,0,0
AWP | Asiimov (Field-Tested),2026-01-04,859.5,0,0
AWP | Asiimov (Field-Tested),2026-01-05,859.5,0,0
AWP | Asiimov (Field-Tested),2026-01-06,865.5,0,0
AWP | Asiimov (Field-Tested),2026-01-07,857.0,0,0
AWP | Asiimov (Field-Tested),2026-01-08,852.0,0,0
AWP | Asiimov (Field-Tested),2026-01-09,845.0,0,0
AWP | Asiimov (Field-Tested),2026-01-10,840.0,0,0
AWP | Asiimov (Field-Tested),2026-01-11,839.0,0,0
AWP | Asiimov (Field-Tested),2026-01-12,839.49,0,0
AWP | Asiimov (Field-Tested),2026-01-13,854.4,0,0
AWP | Asiimov (Field-Tested),2026-01-14,849.0,0,0
AWP | Asiimov (Field-Tested),2026-01-15,848.3,0,0
AWP | Asiimov (Field-Tested),2026-01-16,849.0,0,0
AWP | Asiimov (Field-Tested),2026-01-17,842.5,0,0
AWP | Asiimov (Field-Tested),2026-01-18,842.0,0,0
AWP | Asiimov (Field-Tested),2026-01-19,842.9,0,0
AWP | Asiimov (Field-Tested),2026-01-20,840.0,0,0
AWP | Asiimov (Field-Tested),2026-01-21,841.5,0,0
AWP | Asiimov (Field-Tested),2026-01-22,838.0,0,0
AWP | Asiimov (Field-Tested),2026-01-23,827.7,0,0
AWP | Asiimov (Field-Tested),2026-01-24,818.0,0,0
AWP | Asiimov (Field-Tested),2026-01-25,826.0,0,0
AWP | Asiimov (Field-Tested),2026-01-26,823.9,0,0
AWP | Asiimov (Field-Tested),2026-01-27,822.8,0,0
AWP | Asiimov (Field-Tested),2026-01-28,826.0,0,0
AWP | Asiimov (Field-Tested),2026-01-29,825.0,0,0
AWP | Asiimov (Field-Tested),2026-01-30,822.0,0,0
AWP | Asiimov (Field-Tested),2026-01-31,828.0,0,0
AWP | Asiimov (Field-Tested),2026-02-01,834.5,0,0
AWP | Asiimov (Field-Tested),2026-02-02,833.0,0,0
AWP | Asiimov (Field-Tested),2026-02-03,829.0,0,0
AWP | Asiimov (Field-Tested),2026-02-04,826.5,0,0
AWP | Asiimov (Field-Tested),2026-02-05,823.5,0,0
AWP | Asiimov (Field-Tested),2026-02-06,825.0,0,0
AWP | Asiimov (Field-Tested),2026-02-07,825.0,0,0
AWP | Asiimov (Field-Tested),2026-02-08,828.0,0,0
AWP | Asiimov (Field-Tested),2026-02-09,826.5,0,0
AWP | Asiimov (Field-Tested),2026-02-10,830.0,0,0
AWP | Asiimov (Field-Tested),2026-02-11,835.99,0,0
AWP | Asiimov (Field-Tested),2026-02-12,833.29,0,0
AWP | Asiimov (Field-Tested),2026-02-13,847.0,0,0
AWP | Asiimov (Field-Tested),2026-02-14,849.0,0,0
AWP | Asiimov (Field-Tested),2026-02-15,847.0,0,0
AWP | Asiimov (Field-Tested),2026-02-16,849.0,0,0
AWP | Asiimov (Field-Tested),2026-02-17,854.1,0,0
AWP | Asiimov (Field-Tested),2026-02-18,859.89,0,0
AWP | Asiimov (Field-Tested),2026-02-19,857.68,0,0
AWP | Asiimov (Field-Tested),2026-02-20,863.49,0,0
AWP | Asiimov (Field-Tested),2026-02-21,861.78,0,0
AWP | Asiimov (Field-Tested),2026-02-22,867.88,0,0
AWP | Asiimov (Field-Tested),2026-02-23,864.98,0,0
AWP | Asiimov (Field-Tested),2026-02-24,864.99,0,0
AWP | Asiimov (Field-Tested),2026-02-25,860.07,0,0
AWP | Asiimov (Field-Tested),2026-02-26,869.79,0,0
AWP | Asiimov (Field-Tested),2026-02-27,871.5,0,0
AWP | Asiimov (Field-Tested),2026-02-28,869.0,0,0
AWP | Asiimov (Field-Tested),2026-03-01,869.5,0,0
AWP | Asiimov (Field-Tested),2026-03-02,870.0,0,0
AWP | Asiimov (Field-Tested),2026-03-03,879.49,0,0
AWP | Asiimov (Field-Tested),2026-03-04,879.0,0,0
AWP | Asiimov (Field-Tested),2026-03-05,882.0,0,0
AWP | Asiimov (Field-Tested),2026-03-06,884.8,0,0
AWP | Asiimov (Field-Tested),2026-03-07,895.9,0,0
AWP | Asiimov (Field-Tested),2026-03-08,902.0,0,0
AWP | Asiimov (Field-Tested),2026-03-09,901.0,0,0
AWP | Asiimov (Field-Tested),2026-03-10,893.5,0,0
AWP | Asiimov (Field-Tested),2026-03-11,897.5,0,0
AWP | Asiimov (Field-Tested),2026-03-12,880.0,0,0
AWP | Asiimov (Field-Tested),2026-03-13,879.5,0,0
AWP | Asiimov (Field-Tested),2026-03-14,894.5,0,0
AWP | Asiimov (Field-Tested),2026-03-15,898.0,0,0
AWP | Asiimov (Field-Tested),2026-03-16,902.77,0,0
AWP | Asiimov (Field-Tested),2026-03-17,905.5,0,0
AWP | Asiimov (Field-Tested),2026-03-18,899.0,0,0
AWP | Asiimov (Field-Tested),2026-03-19,885.95,0,0
AWP | Asiimov (Field-Tested),2026-03-20,880.0,0,0
AWP | Asiimov (Field-Tested),2026-03-21,878.0,0,0
AWP | Asiimov (Field-Tested),2026-03-22,874.35,0,0
AWP | Asiimov (Field-Tested),2026-03-23,873.8,0,0
AWP | Asiimov (Field-Tested),2026-03-24,875.9,0,0
AWP | Asiimov (Field-Tested),2026-03-25,873.88,0,0
AWP | Asiimov (Field-Tested),2026-03-26,882.5,0,0
AWP | Asiimov (Field-Tested),2026-03-27,877.99,0,0
AWP | Asiimov (Field-Tested),2026-03-28,878.0,0,0
AWP | Asiimov (Field-Tested),2026-03-29,876.88,0,0
AWP | Asiimov (Field-Tested),2026-03-30,879.0,0,0
AWP | Asiimov (Field-Tested),2026-03-31,877.0,0,0
AWP | Asiimov (Field-Tested),2026-04-01,873.5,0,0
AWP | Asiimov (Field-Tested),2026-04-02,879.5,0,0
AWP | Asiimov (Field-Tested),2026-04-03,877.49,0,0
AWP | Asiimov (Field-Tested),2026-04-04,875.5,0,0
AWP | Asiimov (Field-Tested),2026-04-05,869.0,0,0
AWP | Asiimov (Field-Tested),2026-04-06,875.0,0,0
AWP | Asiimov (Field-Tested),2026-04-07,876.0,0,0
AWP | Asiimov (Field-Tested),2026-04-08,866.5,0,0
AWP | Asiimov (Field-Tested),2026-04-09,862.5,0,0
AWP | Asiimov (Field-Tested),2026-04-10,866.5,0,0
AWP | Asiimov (Field-Tested),2026-04-11,866.0,0,0
AWP | Asiimov (Field-Tested),2026-04-12,863.0,0,0
AWP | Asiimov (Field-Tested),2026-04-13,860.0,0,0
AWP | Asiimov (Field-Tested),2026-04-14,858.9,0,0
AWP | Asiimov (Field-Tested),2026-04-15,857.0,0,0
AWP | Asiimov (Field-Tested),2026-04-16,859.0,0,0
AWP | Asiimov (Field-Tested),2026-04-17,845.0,0,0
AWP | Asiimov (Field-Tested),2026-04-18,840.0,0,0
AWP | Asiimov (Field-Tested),2026-04-19,840.0,0,0
AWP | Asiimov (Field-Tested),2026-04-20,838.0,0,0
AWP | Asiimov (Field-Tested),2026-04-21,831.0,0,0
AWP | Asiimov (Field-Tested),2026-04-22,811.0,0,0
AWP | Asiimov (Field-Tested),2026-04-23,802.0,0,0
AWP | Asiimov (Field-Tested),2026-04-24,795.9,0,0
AWP | Asiimov (Field-Tested),2026-04-25,824.5,0,0
AWP | Asiimov (Field-Tested),2026-04-26,829.0,0,0
AWP | Asiimov (Field-Tested),2026-04-27,820.0,0,0
AWP | Asiimov (Field-Tested),2026-04-28,820.0,0,0
AWP | Asiimov (Field-Tested),2026-04-29,816.0,0,0
AWP | Asiimov (Field-Tested),2026-04-30,813.0,0,0
AWP | Asiimov (Field-Tested),2026-05-01,816.0,0,0
AWP | Asiimov (Field-Tested),2026-05-02,814.5,0,0
AWP | Asiimov (Field-Tested),2026-05-03,809.99,0,0
AWP | Asiimov (Field-Tested),2026-05-04,810.0,0,0
AWP | Asiimov (Field-Tested),2026-05-05,814.5,0,0
AWP | Asiimov (Field-Tested),2026-05-06,817.49,0,0
AWP | Asiimov (Field-Tested),2026-05-07,810.0,0,0
AWP | Asiimov (Field-Tested),2026-05-08,800.0,0,0
AWP | Asiimov (Field-Tested),2026-05-09,800.0,0,0
AWP | Asiimov (Field-Tested),2026-05-10,783.0,0,0
AWP | Asiimov (Field-Tested),2026-05-11,757.97,0,0
AWP | Asiimov (Field-Tested),2026-05-12,765.0,0,0
AWP | Asiimov (Field-Tested),2026-05-13,768.0,0,0
AWP | Asiimov (Field-Tested),2026-05-14,772.0,0,0
AWP | Asiimov (Field-Tested),2026-05-15,767.5,0,0
AWP | Asiimov (Field-Tested),2026-05-16,781.0,0,0
AWP | Asiimov (Field-Tested),2026-05-17,788.0,0,0
AWP | Asiimov (Field-Tested),2026-05-18,796.5,0,0
AWP | Asiimov (Field-Tested),2026-05-19,796.5,0,0
AWP | Asiimov (Field-Tested),2026-05-20,796.5,0,0
AWP | Asiimov (Field-Tested),2026-05-21,790.0,0,0
AWP | Asiimov (Field-Tested),2026-05-22,765.0,0,0
AWP | Asiimov (Field-Tested),2026-05-23,765.0,0,0
AWP | Asiimov (Field-Tested),2026-05-24,755.0,0,0
AWP | Asiimov (Field-Tested),2026-05-25,706.0,0,0
AWP | Asiimov (Field-Tested),2026-05-26,693.0,0,0
AWP | Asiimov (Field-Tested),2026-05-27,715.0,0,0
AWP | Asiimov (Field-Tested),2026-05-28,735.5,0,0
AWP | Asiimov (Field-Tested),2026-05-29,748.0,0,0
AWP | Asiimov (Field-Tested),2026-05-30,760.0,0,0
AWP | Asiimov (Field-Tested),2026-05-31,750.0,0,0
AWP | Asiimov (Field-Tested),2026-06-01,766.0,0,0
AWP | Asiimov (Field-Tested),2026-06-02,773.5,0,0
AWP | Asiimov (Field-Tested),2026-06-03,772.7,0,0
AWP | Asiimov (Field-Tested),2026-06-04,784.0,0,0
AWP | Asiimov (Field-Tested),2026-06-05,792.0,0,0
AWP | Asiimov (Field-Tested),2026-06-06,798.0,0,0
AWP | Asiimov (Field-Tested),2026-06-07,794.0,0,0
AWP | Asiimov (Field-Tested),2026-06-08,799.5,0,0
AWP | Asiimov (Field-Tested),2026-06-09,800.0,0,0
AWP | Asiimov (Field-Tested),2026-06-10,800.0,0,0
AWP | Asiimov (Field-Tested),2026-06-11,793.0,0,0
AWP | Asiimov (Field-Tested),2026-06-12,788.0,0,0
AWP | Asiimov (Field-Tested),2026-06-13,800.0,0,0
AWP | Asiimov (Field-Tested),2026-06-14,795.0,0,0
AWP | Asiimov (Field-Tested),2026-06-15,799.0,0,0
AWP | Asiimov (Field-Tested),2026-06-16,802.9,0,0
AWP | Asiimov (Field-Tested),2026-06-17,803.0,0,0
AWP | Asiimov (Field-Tested),2026-06-18,808.99,0,0
AWP | Asiimov (Field-Tested),2026-06-19,804.5,0,0
AWP | Asiimov (Field-Tested),2026-06-20,804.5,0,0
AWP | Asiimov (Field-Tested),2026-06-21,807.99,0,0
AWP | Asiimov (Field-Tested),2026-06-22,816.9,0,0
AWP | Asiimov (Field-Tested),2026-06-23,819.99,0,0
AWP | Asiimov (Field-Tested),2026-06-24,820.0,0,0
AWP | Asiimov (Field-Tested),2026-06-25,816.56,0,0
AWP | Asiimov (Field-Tested),2026-06-26,800.0,0,0
AWP | Asiimov (Field-Tested),2026-06-27,814.0,0,0
AWP | Asiimov (Field-Tested),2026-06-28,813.0,0,0
AWP | Asiimov (Field-Tested),2026-06-29,807.98,0,0
AWP | Asiimov (Field-Tested),2026-06-30,810.0,0,0
AWP | Asiimov (Field-Tested),2026-07-01,804.5,0,0
AWP | Asiimov (Field-Tested),2026-07-02,799.5,0,0
AWP | Asiimov (Field-Tested),2026-07-03,801.49,0,0
AWP | Asiimov (Field-Tested),2026-07-04,799.0,0,0
AWP | Asiimov (Field-Tested),2026-07-05,798.0,0,0
AWP | Asiimov (Field-Tested),2026-07-06,800.0,0,0
AWP | Asiimov (Field-Tested),2026-07-07,799.0,0,0
AWP | Asiimov (Field-Tested),2026-07-08,802.0,0,0
AWP | Asiimov (Field-Tested),2026-07-09,798.0,0,0
AWP | Asiimov (Field-Tested),2026-07-10,800.0,0,0
AWP | Asiimov (Field-Tested),2026-07-11,805.4,0,0
AWP | Asiimov (Field-Tested),2026-07-12,798.5,0,0
AWP | Asiimov (Field-Tested),2026-07-13,803.24,0,0
AWP | Asiimov (Field-Tested),2026-07-14,800.5,0,0
AWP | Asiimov (Field-Tested),2026-07-15,799.5,0,0
AWP | Asiimov (Field-Tested),2026-07-16,797.8,0,0
AWP | Asiimov (Field-Tested),2026-07-17,789.99,0,0
AWP | Asiimov (Field-Tested),2026-07-18,790.0,0,0
AWP | Asiimov (Field-Tested),2026-07-19,797.5,0,0
AWP | Asiimov (Field-Tested),2026-07-20,785.0,0,0
AWP | Asiimov (Field-Tested),2026-07-21,785.0,0,0
AWP | Asiimov (Field-Tested),2026-07-22,776.95,0,0
AWP | Asiimov (Field-Tested),2026-07-23,773.63,0,0
AWP | Asiimov (Field-Tested),2026-07-24,770.31,0,0
AWP | Asiimov (Field-Tested),2026-07-25,766.99,0,0
AWP | Asiimov (Field-Tested),2026-07-26,771.87,0,0
AWP | Asiimov (Field-Tested),2026-07-27,777.5,0,0
AWP | Asiimov (Field-Tested),2026-07-28,772.0,0,0
AWP | Asiimov (Field-Tested),2026-07-29,769.5,0,0
AWP | Asiimov (Field-Tested),2026-07-30,765.78,0,0
AWP | Asiimov (Field-Tested),2026-07-31,758.98,0,0
AWP | Asiimov (Field-Tested),2026-08-01,756.88,0,0
AWP | Asiimov (Field-Tested),2026-08-02,759.0,0,0
AWP | Asiimov (Field-Tested),2026-08-03,768.4,0,0
AWP | Asiimov (Field-Tested),2026-08-04,756.0,0,0
AWP | Asiimov (Field-Tested),2026-08-05,750.0,0,0
AWP | Asiimov (Field-Tested),2026-08-06,743.0,0,0
AWP | Asiimov (Field-Tested),2026-08-07,747.48,0,0
AWP | Asiimov (Field-Tested),2026-08-08,749.4,0,0
AWP | Asiimov (Field-Tested),2026-08-09,746.98,0,0
AWP | Asiimov (Field-Tested),2026-08-10,739.9,0,0
AWP | Asiimov (Field-Tested),2026-08-11,740.0,0,0
AWP | Asiimov (Field-Tested),2026-08-12,732.49,0,0
AWP | Asiimov (Field-Tested),2026-08-13,725.0,0,0
AWP | Asiimov (Field-Tested),2026-08-14,712.5,0,0
AWP | Asiimov (Field-Tested),2026-08-15,705.69,0,0
AWP | Asiimov (Field-Tested),2026-08-16,704.9,0,0
AWP | Asiimov (Field-Tested),2026-08-17,702.5,0,0
AWP | Asiimov (Field-Tested),2026-08-18,702.0,0,0
AWP | Asiimov (Field-Tested),2026-08-19,698.5,0,0
AWP | Asiimov (Field-Tested),2026-08-20,697.0,0,0
AWP | Asiimov (Field-Tested),2026-08-21,703.99,0,0
AWP | Asiimov (Field-Tested),2026-08-22,702.49,0,0
AWP | Asiimov (Field-Tested),2026-08-23,708.0,0,0
AWP | Asiimov (Field-Tested),2026-08-24,716.38,0,0
AWP | Asiimov (Field-Tested),2026-08-25,711.98,0,0
AWP | Asiimov (Field-Tested),2026-08-26,711.9,0,0
AWP | Asiimov (Field-Tested),2026-08-27,710.0,0,0
AWP | Asiimov (Field-Tested),2026-08-28,724.0,0,0
AWP | Asiimov (Field-Tested),2026-08-29,727.5,0,0
AWP | Asiimov (Field-Tested),2026-08-30,725.0,0,0
AWP | Asiimov (Field-Tested),2026-08-31,717.9,0,0
AWP | Asiimov (Field-Tested),2026-09-01,724.49,0,0
AWP | Asiimov (Field-Tested),2026-09-02,722.9,0,0
AWP | Asiimov (Field-Tested),2026-09-03,732.5,0,0
AWP | Asiimov (Field-Tested),2026-09-04,719.0,0,0
AWP | Asiimov (Field-Tested),2026-09-05,713.5,0,0
AWP | Asiimov (Field-Tested),2026-09-06,709.99,0,0
AWP | Asiimov (Field-Tested),2026-09-07,717.5,0,0
AWP | Asiimov (Field-Tested),2026-09-08,714.0,0,0
AWP | Asiimov (Field-Tested),2026-09-09,708.0,0,0
AWP | Asiimov (Field-Tested),2026-09-10,704.5,0,0
AWP | Asiimov (Field-Tested),2026-09-11,707.5,0,0
AWP | Asiimov (Field-Tested),2026-09-12,705.5,0,0
AWP | Asiimov (Field-Tested),2026-09-13,701.39,0,0
AWP | Asiimov (Field-Tested),2026-09-14,707.0,0,0
AWP | Asiimov (Field-Tested),2026-09-15,709.5,0,0
AWP | Asiimov (Field-Tested),2026-09-16,705.94,0,0
AWP | Asiimov (Field-Tested),2026-09-17,709.9,0,0
AWP | Asiimov (Field-Tested),2026-09-18,706.0,0,0
AWP | Asiimov (Field-Tested),2026-09-19,706.38,0,0
AWP | Asiimov (Field-Tested),2026-09-20,708.0,0,1789
AWP | Dragon Lore (Field-Tested),2025-09-21,55655.0,0,0
AWP | Dragon Lore (Field-Tested),2025-09-22,55785.0,0,0
AWP | Dragon Lore (Field-Tested),2025-09-23,55785.0,0,0
AWP | Dragon Lore (Field-Tested),2025-09-24,55750.0,0,0
AWP | Dragon Lore (Field-Tested),2025-09-25,55695.0,0,0
AWP | Dragon Lore (Field-Tested),2025-09-26,55850.0,0,0
AWP | Dragon Lore (Field-Tested),2025-09-27,55850.0,0,0
AWP | Dragon Lore (Field-Tested),2025-09-28,55849.5,0,0
AWP | Dragon Lore (Field-Tested),2025-09-29,55800.0,0,0
AWP | Dragon Lore (Field-Tested),2025-09-30,55848.5,0,0
AWP | Dragon Lore (Field-Tested),2025-10-01,55847.0,0,0
AWP | Dragon Lore (Field-Tested),2025-10-02,55846.0,0,0
AWP | Dragon Lore (Field-Tested),2025-10-03,55900.0,0,0
AWP | Dragon Lore (Field-Tested),2025-10-04,56000.0,0,0
AWP | Dragon Lore (Field-Tested),2025-10-05,55847.5,0,0
AWP | Dragon Lore (Field-Tested),2025-10-06,55847.5,0,0
AWP | Dragon Lore (Field-Tested),2025-10-07,56000.0,0,0
AWP | Dragon Lore (Field-Tested),2025-10-08,56000.0,0,0
AWP | Dragon Lore (Field-Tested),2025-10-09,56666.0,0,0
AWP | Dragon Lore (Field-Tested),2025-10-10,56000.0,0,0
AWP | Dragon Lore (Field-Tested),2025-10-11,56288.0,0,0
AWP | Dragon Lore (Field-Tested),2025-10-12,56997.0,0,0
AWP | Dragon Lore (Field-Tested),2025-10-13,56885.0,0,0
AWP | Dragon Lore (Field-Tested),2025-10-14,56870.0,0,0
AWP | Dragon Lore (Field-Tested),2025-10-15,56750.0,0,0
AWP | Dragon Lore (Field-Tested),2025-10-16,56695.0,0,0
AWP | Dragon Lore (Field-Tested),2025-10-17,56600.0,0,0
AWP | Dragon Lore (Field-Tested),2025-10-18,56395.0,0,0
AWP | Dragon Lore (Field-Tested),2025-10-19,56300.0,0,0
AWP | Dragon Lore (Field-Tested),2025-10-20,56200.0,0,0
AWP | Dragon Lore (Field-Tested),2025-10-21,56199.5,0,0
AWP | Dragon Lore (Field-Tested),2025-10-22,56800.0,0,0
AWP | Dragon Lore (Field-Tested),2025-10-23,51998.5,0,0
AWP | Dragon Lore (Field-Tested),2025-10-24,35000.0,0,0
AWP | Dragon Lore (Field-Tested),2025-10-25,48999.0,0,0
AWP | Dragon Lore (Field-Tested),2025-10-26,47777.0,0,0
AWP | Dragon Lore (Field-Tested),2025-10-27,48887.0,0,0
AWP | Dragon Lore (Field-Tested),2025-10-28,48888.0,0,0
AWP | Dragon Lore (Field-Tested),2025-10-29,45000.0,0,0
AWP | Dragon Lore (Field-Tested),2025-10-30,47777.0,0,0
AWP | Dragon Lore (Field-Tested),2025-10-31,50988.0,0,0
AWP | Dragon Lore (Field-Tested),2025-11-01,50998.0,0,0
AWP | Dragon Lore (Field-Tested),2025-11-02,51500.0,0,0
AWP | Dragon Lore (Field-Tested),2025-11-03,51500.0,0,0
AWP | Dragon Lore (Field-Tested),2025-11-04,49999.5,0,0
AWP | Dragon Lore (Field-Tested),2025-11-05,49999.5,0,0
AWP | Dragon Lore (Field-Tested),2025-11-06,50300.0,0,0
AWP | Dragon Lore (Field-Tested),2025-11-07,51499.0,0,0
AWP | Dragon Lore (Field-Tested),2025-11-08,51500.0,0,0
AWP | Dragon Lore (Field-Tested),2025-11-09,51988.0,0,0
AWP | Dragon Lore (Field-Tested),2025-11-10,51880.0,0,0
AWP | Dragon Lore (Field-Tested),2025-11-11,51880.0,0,0
AWP | Dragon Lore (Field-Tested),2025-11-12,51885.0,0,0
AWP | Dragon Lore (Field-Tested),2025-11-13,51990.0,0,0
AWP | Dragon Lore (Field-Tested),2025-11-14,52000.0,0,0
AWP | Dragon Lore (Field-Tested),2025-11-15,52188.88,0,0
AWP | Dragon Lore (Field-Tested),2025-11-16,52100.0,0,0
AWP | Dragon Lore (Field-Tested),2025-11-17,50888.0,0,0
AWP | Dragon Lore (Field-Tested),2025-11-18,51998.0,0,0
AWP | Dragon Lore (Field-Tested),2025-11-19,51499.0,0,0
AWP | Dragon Lore (Field-Tested),2025-11-20,51449.99,0,0
AWP | Dragon Lore (Field-Tested),2025-11-21,51000.0,0,0
AWP | Dragon Lore (Field-Tested),2025-11-22,51000.0,0,0
AWP | Dragon Lore (Field-Tested),2025-11-23,50888.0,0,0
AWP | Dragon Lore (Field-Tested),2025-11-24,50795.0,0,0
AWP | Dragon Lore (Field-Tested),2025-11-25,50600.0,0,0
AWP | Dragon Lore (Field-Tested),2025-11-26,50350.0,0,0
AWP | Dragon Lore (Field-Tested),2025-11-27,50295.0,0,0
AWP | Dragon Lore (Field-Tested),2025-11-28,50255.0,0,0
AWP | Dragon Lore (Field-Tested),2025-11-29,50255.0,0,0
AWP | Dragon Lore (Field-Tested),2025-11-30,50255.0,0,0
AWP | Dragon Lore (Field-Tested),2025-12-01,50550.0,0,0
AWP | Dragon Lore (Field-Tested),2025-12-02,50544.5,0,0
AWP | Dragon Lore (Field-Tested),2025-12-03,50544.5,0,0
AWP | Dragon Lore (Field-Tested),2025-12-04,50999.5,0,0
AWP | Dragon Lore (Field-Tested),2025-12-05,51000.0,0,0
AWP | Dragon Lore (Field-Tested),2025-12-06,51000.0,0,0
AWP | Dragon Lore (Field-Tested),2025-12-07,51000.0,0,0
AWP | Dragon Lore (Field-Tested),2025-12-08,51000.0,0,0
AWP | Dragon Lore (Field-Tested),2025-12-09,51189.5,0,0
AWP | Dragon Lore (Field-Tested),2025-12-10,51189.0,0,0
AWP | Dragon Lore (Field-Tested),2025-12-11,50999.5,0,0
AWP | Dragon Lore (Field-Tested),2025-12-12,50500.0,0,0
AWP | Dragon Lore (Field-Tested),2025-12-13,50888.88,0,0
AWP | Dragon Lore (Field-Tested),2025-12-14,50879.5,0,0
AWP | Dragon Lore (Field-Tested),2025-12-15,49300.0,0,0
AWP | Dragon Lore (Field-Tested),2025-12-16,49999.5,0,0
AWP | Dragon Lore (Field-Tested),2025-12-17,50000.0,0,0
AWP | Dragon Lore (Field-Tested),2025-12-18,49950.0,0,0
AWP | Dragon Lore (Field-Tested),2025-12-19,49888.0,0,0
AWP | Dragon Lore (Field-Tested),2025-12-20,49999.0,0,0
AWP | Dragon Lore (Field-Tested),2025-12-21,49999.0,0,0
AWP | Dragon Lore (Field-Tested),2025-12-22,49998.0,0,0
AWP | Dragon Lore (Field-Tested),2025-12-23,49998.5,0,0
AWP | Dragon Lore (Field-Tested),2025-12-24,49799.5,0,0
AWP | Dragon Lore (Field-Tested),2025-12-25,49600.0,0,0
AWP | Dragon Lore (Field-Tested),2025-12-26,49600.0,0,0
AWP | Dragon Lore (Field-Tested),2025-12-27,49500.0,0,0
AWP | Dragon Lore (Field-Tested),2025-12-28,49500.0,0,0
AWP | Dragon Lore (Field-Tested),2025-12-29,49250.0,0,0
AWP | Dragon Lore (Field-Tested),2025-12-30,48900.0,0,0
AWP | Dragon Lore (Field-Tested),2025-12-31,48800.0,0,0
AWP | Dragon Lore (Field-Tested),2026-01-01,48800.0,0,0
AWP | Dragon Lore (Field-Tested),2026-01-02,48788.0,0,0
AWP | Dragon Lore (Field-Tested),2026-01-03,48649.0,0,0
AWP | Dragon Lore (Field-Tested),2026-01-04,48599.0,0,0
AWP | Dragon Lore (Field-Tested),2026-01-05,48498.9,0,0
AWP | Dragon Lore (Field-Tested),2026-01-06,48399.0,0,0
AWP | Dragon Lore (Field-Tested),2026-01-07,48199.5,0,0
AWP | Dragon Lore (Field-Tested),2026-01-08,48148.0,0,0
AWP | Dragon Lore (Field-Tested),2026-01-09,48100.0,0,0
AWP | Dragon Lore (Field-Tested),2026-01-10,48000.0,0,0
AWP | Dragon Lore (Field-Tested),2026-01-11,47888.0,0,0
AWP | Dragon Lore (Field-Tested),2026-01-12,47800.0,0,0
AWP | Dragon Lore (Field-Tested),2026-01-13,47799.5,0,0
AWP | Dragon Lore (Field-Tested),2026-01-14,47000.0,0,0
AWP | Dragon Lore (Field-Tested),2026-01-15,47000.0,0,0
AWP | Dragon Lore (Field-Tested),2026-01-16,46999.99,0,0
AWP | Dragon Lore (Field-Tested),2026-01-17,46997.0,0,0
AWP | Dragon Lore (Field-Tested),2026-01-18,46666.0,0,0
AWP | Dragon Lore (Field-Tested),2026-01-19,46665.99,0,0
AWP | Dragon Lore (Field-Tested),2026-01-20,45989.99,0,0
AWP | Dragon Lore (Field-Tested),2026-01-21,45989.99,0,0
AWP | Dragon Lore (Field-Tested),2026-01-22,47300.0,0,0
AWP | Dragon Lore (Field-Tested),2026-01-23,46996.5,0,0
AWP | Dragon Lore (Field-Tested),2026-01-24,46000.0,0,0
AWP | Dragon Lore (Field-Tested),2026-01-25,45998.5,0,0
AWP | Dragon Lore (Field-Tested),2026-01-26,45994.5,0,0
AWP | Dragon Lore (Field-Tested),2026-01-27,45499.0,0,0
AWP | Dragon Lore (Field-Tested),2026-01-28,45497.0,0,0
AWP | Dragon Lore (Field-Tested),2026-01-29,45900.0,0,0
AWP | Dragon Lore (Field-Tested),2026-01-30,46499.5,0,0
AWP | Dragon Lore (Field-Tested),2026-01-31,46798.5,0,0
AWP | Dragon Lore (Field-Tested),2026-02-01,46499.5,0,0
AWP | Dragon Lore (Field-Tested),2026-02-02,46200.0,0,0
AWP | Dragon Lore (Field-Tested),2026-02-03,46200.0,0,0
AWP | Dragon Lore (Field-Tested),2026-02-04,46000.0,0,0
AWP | Dragon Lore (Field-Tested),2026-02-05,46000.0,0,0
AWP | Dragon Lore (Field-Tested),2026-02-06,45900.0,0,0
AWP | Dragon Lore (Field-Tested),2026-02-07,45888.0,0,0
AWP | Dragon Lore (Field-Tested),2026-02-08,45800.0,0,0
AWP | Dragon Lore (Field-Tested),2026-02-09,45800.0,0,0
AWP | Dragon Lore (Field-Tested),2026-02-10,45899.5,0,0
AWP | Dragon Lore (Field-Tested),2026-02-11,45899.0,0,0
AWP | Dragon Lore (Field-Tested),2026-02-12,45899.0,0,0
AWP | Dragon Lore (Field-Tested),2026-02-13,47000.0,0,0
AWP | Dragon Lore (Field-Tested),2026-02-14,47000.0,0,0
AWP | Dragon Lore (Field-Tested),2026-02-15,47000.0,0,0
AWP | Dragon Lore (Field-Tested),2026-02-16,47000.0,0,0
AWP | Dragon Lore (Field-Tested),2026-02-17,47000.0,0,0
AWP | Dragon Lore (Field-Tested),2026-02-18,46699.0,0,0
AWP | Dragon Lore (Field-Tested),2026-02-19,47499.5,0,0
AWP | Dragon Lore (Field-Tested),2026-02-20,47199.0,0,0
AWP | Dragon Lore (Field-Tested),2026-02-21,46797.5,0,0
AWP | Dragon Lore (Field-Tested),2026-02-22,46796.5,0,0
AWP | Dragon Lore (Field-Tested),2026-02-23,46794.5,0,0
AWP | Dragon Lore (Field-Tested),2026-02-24,46496.5,0,0
AWP | Dragon Lore (Field-Tested),2026-02-25,47300.0,0,0
AWP | Dragon Lore (Field-Tested),2026-02-26,46949.5,0,0
AWP | Dragon Lore (Field-Tested),2026-02-27,47000.0,0,0
AWP | Dragon Lore (Field-Tested),2026-02-28,47499.5,0,0
AWP | Dragon Lore (Field-Tested),2026-03-01,47499.5,0,0
AWP | Dragon Lore (Field-Tested),2026-03-02,47499.5,0,0
AWP | Dragon Lore (Field-Tested),2026-03-03,47399.0,0,0
AWP | Dragon Lore (Field-Tested),2026-03-04,47399.0,0,0
AWP | Dragon Lore (Field-Tested),2026-03-05,46450.0,0,0
AWP | Dragon Lore (Field-Tested),2026-03-06,46999.5,0,0
AWP | Dragon Lore (Field-Tested),2026-03-07,46999.5,0,0
AWP | Dragon Lore (Field-Tested),2026-03-08,46999.0,0,0
AWP | Dragon Lore (Field-Tested),2026-03-09,46288.0,0,0
AWP | Dragon Lore (Field-Tested),2026-03-10,45499.0,0,0
AWP | Dragon Lore (Field-Tested),2026-03-11,45499.0,0,0
AWP | Dragon Lore (Field-Tested),2026-03-12,45488.0,0,0
AWP | Dragon Lore (Field-Tested),2026-03-13,45399.5,0,0
AWP | Dragon Lore (Field-Tested),2026-03-14,45399.5,0,0
AWP | Dragon Lore (Field-Tested),2026-03-15,45399.0,0,0
AWP | Dragon Lore (Field-Tested),2026-03-16,45399.0,0,0
AWP | Dragon Lore (Field-Tested),2026-03-17,46500.0,0,0
AWP | Dragon Lore (Field-Tested),2026-03-18,46500.0,0,0
AWP | Dragon Lore (Field-Tested),2026-03-19,46499.5,0,0
AWP | Dragon Lore (Field-Tested),2026-03-20,46287.0,0,0
AWP | Dragon Lore (Field-Tested),2026-03-21,46098.5,0,0
AWP | Dragon Lore (Field-Tested),2026-03-22,46098.5,0,0
AWP | Dragon Lore (Field-Tested),2026-03-23,46787.99,0,0
AWP | Dragon Lore (Field-Tested),2026-03-24,46786.97,0,0
AWP | Dragon Lore (Field-Tested),2026-03-25,45500.0,0,0
AWP | Dragon Lore (Field-Tested),2026-03-26,46699.0,0,0
AWP | Dragon Lore (Field-Tested),2026-03-27,45500.0,0,0
AWP | Dragon Lore (Field-Tested),2026-03-28,45200.0,0,0
AWP | Dragon Lore (Field-Tested),2026-03-29,45499.5,0,0
AWP | Dragon Lore (Field-Tested),2026-03-30,45499.5,0,0
AWP | Dragon Lore (Field-Tested),2026-03-31,45499.5,0,0
AWP | Dragon Lore (Field-Tested),2026-04-01,46486.5,0,0
AWP | Dragon Lore (Field-Tested),2026-04-02,46799.0,0,0
AWP | Dragon Lore (Field-Tested),2026-04-03,46700.0,0,0
AWP | Dragon Lore (Field-Tested),2026-04-04,46400.0,0,0
AWP | Dragon Lore (Field-Tested),2026-04-05,46399.0,0,0
AWP | Dragon Lore (Field-Tested),2026-04-06,46500.0,0,0
AWP | Dragon Lore (Field-Tested),2026-04-07,46000.0,0,0
AWP | Dragon Lore (Field-Tested),2026-04-08,46795.99,0,0
AWP | Dragon Lore (Field-Tested),2026-04-09,46693.5,0,0
AWP | Dragon Lore (Field-Tested),2026-04-10,45777.0,0,0
AWP | Dragon Lore (Field-Tested),2026-04-11,45995.0,0,0
AWP | Dragon Lore (Field-Tested),2026-04-12,46250.0,0,0
AWP | Dragon Lore (Field-Tested),2026-04-13,46250.0,0,0
AWP | Dragon Lore (Field-Tested),2026-04-14,46779.5,0,0
AWP | Dragon Lore (Field-Tested),2026-04-15,46300.0,0,0
AWP | Dragon Lore (Field-Tested),2026-04-16,45200.0,0,0
AWP | Dragon Lore (Field-Tested),2026-04-17,45400.0,0,0
AWP | Dragon Lore (Field-Tested),2026-04-18,45400.0,0,0
AWP | Dragon Lore (Field-Tested),2026-04-19,46779.5,0,0
AWP | Dragon Lore (Field-Tested),2026-04-20,46699.99,0,0
AWP | Dragon Lore (Field-Tested),2026-04-21,46698.49,0,0
AWP | Dragon Lore (Field-Tested),2026-04-22,46465.0,0,0
AWP | Dragon Lore (Field-Tested),2026-04-23,46400.0,0,0
AWP | Dragon Lore (Field-Tested),2026-04-24,46396.0,0,0
AWP | Dragon Lore (Field-Tested),2026-04-25,45998.0,0,0
AWP | Dragon Lore (Field-Tested),2026-04-26,45993.0,0,0
AWP | Dragon Lore (Field-Tested),2026-04-27,45980.0,0,0
AWP | Dragon Lore (Field-Tested),2026-04-28,45949.0,0,0
AWP | Dragon Lore (Field-Tested),2026-04-29,45947.0,0,0
AWP | Dragon Lore (Field-Tested),2026-04-30,45945.5,0,0
AWP | Dragon Lore (Field-Tested),2026-05-01,45940.0,0,0
AWP | Dragon Lore (Field-Tested),2026-05-02,45937.0,0,0
AWP | Dragon Lore (Field-Tested),2026-05-03,45935.5,0,0
AWP | Dragon Lore (Field-Tested),2026-05-04,45913.9,0,0
AWP | Dragon Lore (Field-Tested),2026-05-05,45899.0,0,0
AWP | Dragon Lore (Field-Tested),2026-05-06,45896.5,0,0
AWP | Dragon Lore (Field-Tested),2026-05-07,45788.0,0,0
AWP | Dragon Lore (Field-Tested),2026-05-08,45399.5,0,0
AWP | Dragon Lore (Field-Tested),2026-05-09,45399.0,0,0
AWP | Dragon Lore (Field-Tested),2026-05-10,45288.88,0,0
AWP | Dragon Lore (Field-Tested),2026-05-11,45388.38,0,0
AWP | Dragon Lore (Field-Tested),2026-05-12,45188.88,0,0
AWP | Dragon Lore (Field-Tested),2026-05-13,43888.0,0,0
AWP | Dragon Lore (Field-Tested),2026-05-14,44699.0,0,0
AWP | Dragon Lore (Field-Tested),2026-05-15,44500.0,0,0
AWP | Dragon Lore (Field-Tested),2026-05-16,44499.5,0,0
AWP | Dragon Lore (Field-Tested),2026-05-17,44490.0,0,0
AWP | Dragon Lore (Field-Tested),2026-05-18,44399.5,0,0
AWP | Dragon Lore (Field-Tested),2026-05-19,44398.5,0,0
AWP | Dragon Lore (Field-Tested),2026-05-20,44398.5,0,0
AWP | Dragon Lore (Field-Tested),2026-05-21,44398.0,0,0
AWP | Dragon Lore (Field-Tested),2026-05-22,44397.0,0,0
AWP | Dragon Lore (Field-Tested),2026-05-23,43998.99,0,0
AWP | Dragon Lore (Field-Tested),2026-05-24,43599.99,0,0
AWP | Dragon Lore (Field-Tested),2026-05-25,41887.5,0,0
AWP | Dragon Lore (Field-Tested),2026-05-26,43300.0,0,0
AWP | Dragon Lore (Field-Tested),2026-05-27,43000.0,0,0
AWP | Dragon Lore (Field-Tested),2026-05-28,42438.0,0,0
AWP | Dragon Lore (Field-Tested),2026-05-29,41849.0,0,0
AWP | Dragon Lore (Field-Tested),2026-05-30,40888.0,0,0
AWP | Dragon Lore (Field-Tested),2026-05-31,42664.5,0,0
AWP | Dragon Lore (Field-Tested),2026-06-01,42663.5,0,0
AWP | Dragon Lore (Field-Tested),2026-06-02,42662.0,0,0
AWP | Dragon Lore (Field-Tested),2026-06-03,42662.0,0,0
AWP | Dragon Lore (Field-Tested),2026-06-04,42599.0,0,0
AWP | Dragon Lore (Field-Tested),2026-06-05,41999.0,0,0
AWP | Dragon Lore (Field-Tested),2026-06-06,41500.0,0,0
AWP | Dragon Lore (Field-Tested),2026-06-07,42000.0,0,0
AWP | Dragon Lore (Field-Tested),2026-06-08,43000.0,0,0
AWP | Dragon Lore (Field-Tested),2026-06-09,42500.0,0,0
AWP | Dragon Lore (Field-Tested),2026-06-10,41499.5,0,0
AWP | Dragon Lore (Field-Tested),2026-06-11,42886.0,0,0
AWP | Dragon Lore (Field-Tested),2026-06-12,42498.5,0,0
AWP | Dragon Lore (Field-Tested),2026-06-13,41998.0,0,0
AWP | Dragon Lore (Field-Tested),2026-06-14,42900.0,0,0
AWP | Dragon Lore (Field-Tested),2026-06-15,42750.0,0,0
AWP | Dragon Lore (Field-Tested),2026-06-16,42690.0,0,0
AWP | Dragon Lore (Field-Tested),2026-06-17,42640.0,0,0
AWP | Dragon Lore (Field-Tested),2026-06-18,42500.0,0,0
AWP | Dragon Lore (Field-Tested),2026-06-19,42399.0,0,0
AWP | Dragon Lore (Field-Tested),2026-06-20,42498.5,0,0
AWP | Dragon Lore (Field-Tested),2026-06-21,42498.5,0,0
AWP | Dragon Lore (Field-Tested),2026-06-22,42499.0,0,0
AWP | Dragon Lore (Field-Tested),2026-06-23,43488.0,0,0
AWP | Dragon Lore (Field-Tested),2026-06-24,43488.0,0,0
AWP | Dragon Lore (Field-Tested),2026-06-25,43488.0,0,0
AWP | Dragon Lore (Field-Tested),2026-06-26,42888.0,0,0
AWP | Dragon Lore (Field-Tested),2026-06-27,42888.0,0,0
AWP | Dragon Lore (Field-Tested),2026-06-28,43400.0,0,0
AWP | Dragon Lore (Field-Tested),2026-06-29,43200.0,0,0
AWP | Dragon Lore (Field-Tested),2026-06-30,43150.0,0,0
AWP | Dragon Lore (Field-Tested),2026-07-01,42600.0,0,0
AWP | Dragon Lore (Field-Tested),2026-07-02,43279.4,0,0
AWP | Dragon Lore (Field-Tested),2026-07-03,43149.0,0,0
AWP | Dragon Lore (Field-Tested),2026-07-04,42787.3,0,0
AWP | Dragon Lore (Field-Tested),2026-07-05,42888.0,0,0
AWP | Dragon Lore (Field-Tested),2026-07-06,43278.3,0,0
AWP | Dragon Lore (Field-Tested),2026-07-07,42997.7,0,0
AWP | Dragon Lore (Field-Tested),2026-07-08,42997.8,0,0
AWP | Dragon Lore (Field-Tested),2026-07-09,42995.5,0,0
AWP | Dragon Lore (Field-Tested),2026-07-10,42994.5,0,0
AWP | Dragon Lore (Field-Tested),2026-07-11,42887.0,0,0
AWP | Dragon Lore (Field-Tested),2026-07-12,42665.5,0,0
AWP | Dragon Lore (Field-Tested),2026-07-13,42500.0,0,0
AWP | Dragon Lore (Field-Tested),2026-07-14,42286.0,0,0
AWP | Dragon Lore (Field-Tested),2026-07-15,42285.5,0,0
AWP | Dragon Lore (Field-Tested),2026-07-16,42221.5,0,0
AWP | Dragon Lore (Field-Tested),2026-07-17,42218.99,0,0
AWP | Dragon Lore (Field-Tested),2026-07-18,42216.8,0,0
AWP | Dragon Lore (Field-Tested),2026-07-19,42216.8,0,0
AWP | Dragon Lore (Field-Tested),2026-07-20,42199.0,0,0
AWP | Dragon Lore (Field-Tested),2026-07-21,42149.5,0,0
AWP | Dragon Lore (Field-Tested),2026-07-22,42286.0,0,0
AWP | Dragon Lore (Field-Tested),2026-07-23,42384.33,0,0
AWP | Dragon Lore (Field-Tested),2026-07-24,42482.67,0,0
AWP | Dragon Lore (Field-Tested),2026-07-25,42581.0,0,0
AWP | Dragon Lore (Field-Tested),2026-07-26,42699.5,0,0
AWP | Dragon Lore (Field-Tested),2026-07-27,42699.5,0,0
AWP | Dragon Lore (Field-Tested),2026-07-28,41888.0,0,0
AWP | Dragon Lore (Field-Tested),2026-07-29,42099.0,0,0
AWP | Dragon Lore (Field-Tested),2026-07-30,42098.5,0,0
AWP | Dragon Lore (Field-Tested),2026-07-31,42097.0,0,0
AWP | Dragon Lore (Field-Tested),2026-08-01,42098.5,0,0
AWP | Dragon Lore (Field-Tested),2026-08-02,42098.5,0,0
AWP | Dragon Lore (Field-Tested),2026-08-03,42098.5,0,0
AWP | Dragon Lore (Field-Tested),2026-08-04,41900.0,0,0
AWP | Dragon Lore (Field-Tested),2026-08-05,41899.5,0,0
AWP | Dragon Lore (Field-Tested),2026-08-06,41899.5,0,0
AWP | Dragon Lore (Field-Tested),2026-08-07,41331.85,0,0
AWP | Dragon Lore (Field-Tested),2026-08-08,41249.31,0,0
AWP | Dragon Lore (Field-Tested),2026-08-09,41248.17,0,0
AWP | Dragon Lore (Field-Tested),2026-08-10,41247.11,0,0
AWP | Dragon Lore (Field-Tested),2026-08-11,41244.05,0,0
AWP | Dragon Lore (Field-Tested),2026-08-12,41242.12,0,0
AWP | Dragon Lore (Field-Tested),2026-08-13,41239.77,0,0
AWP | Dragon Lore (Field-Tested),2026-08-14,40984.99,0,0
AWP | Dragon Lore (Field-Tested),2026-08-15,40599.97,0,0
AWP | Dragon Lore (Field-Tested),2026-08-16,40493.5,0,0
AWP | Dragon Lore (Field-Tested),2026-08-17,40479.0,0,0
AWP | Dragon Lore (Field-Tested),2026-08-18,40465.0,0,0
AWP | Dragon Lore (Field-Tested),2026-08-19,39999.0,0,0
AWP | Dragon Lore (Field-Tested),2026-08-20,39598.5,0,0
AWP | Dragon Lore (Field-Tested),2026-08-21,39598.5,0,0
AWP | Dragon Lore (Field-Tested),2026-08-22,39596.44,0,0
AWP | Dragon Lore (Field-Tested),2026-08-23,39594.31,0,0
AWP | Dragon Lore (Field-Tested),2026-08-24,39592.79,0,0
AWP | Dragon Lore (Field-Tested),2026-08-25,39892.91,0,0
AWP | Dragon Lore (Field-Tested),2026-08-26,39882.84,0,0
AWP | Dragon Lore (Field-Tested),2026-08-27,39887.58,0,0
AWP | Dragon Lore (Field-Tested),2026-08-28,40448.37,0,0
AWP | Dragon Lore (Field-Tested),2026-08-29,40446.87,0,0
AWP | Dragon Lore (Field-Tested),2026-08-30,40446.37,0,0
AWP | Dragon Lore (Field-Tested),2026-08-31,40429.5,0,0
AWP | Dragon Lore (Field-Tested),2026-09-01,40420.0,0,0
AWP | Dragon Lore (Field-Tested),2026-09-02,40399.9,0,0
AWP | Dragon Lore (Field-Tested),2026-09-03,40387.5,0,0
AWP | Dragon Lore (Field-Tested),2026-09-04,40374.5,0,0
AWP | Dragon Lore (Field-Tested),2026-09-05,40365.0,0,0
AWP | Dragon Lore (Field-Tested),2026-09-06,40364.5,0,0
AWP | Dragon Lore (Field-Tested),2026-09-07,40344.5,0,0
AWP | Dragon Lore (Field-Tested),2026-09-08,40334.3,0,0
AWP | Dragon Lore (Field-Tested),2026-09-09,40324.9,0,0
AWP | Dragon Lore (Field-Tested),2026-09-10,40315.0,0,0
AWP | Dragon Lore (Field-Tested),2026-09-11,40465.0,0,0
AWP | Dragon Lore (Field-Tested),2026-09-12,40465.0,0,0
AWP | Dragon Lore (Field-Tested),2026-09-13,40467.49,0,0
AWP | Dragon Lore (Field-Tested),2026-09-14,40465.99,0,0
AWP | Dragon Lore (Field-Tested),2026-09-15,40400.0,0,0
AWP | Dragon Lore (Field-Tested),2026-09-16,40300.0,0,0
AWP | Dragon Lore (Field-Tested),2026-09-17,40400.0,0,0
AWP | Dragon Lore (Field-Tested),2026-09-18,40199.5,0,0
AWP | Dragon Lore (Field-Tested),2026-09-19,40200.0,0,0
AWP | Dragon Lore (Field-Tested),2026-09-20,41442.0,0,40
AWP | Neo-Noir (Field-Tested),2025-09-21,158.5,0,0
AWP | Neo-Noir (Field-Tested),2025-09-22,159.99,0,0
AWP | Neo-Noir (Field-Tested),2025-09-23,160.99,0,0
AWP | Neo-Noir (Field-Tested),2025-09-24,157.49,0,0
AWP | Neo-Noir (Field-Tested),2025-09-25,159.9,0,0
AWP | Neo-Noir (Field-Tested),2025-09-26,159.0,0,0
AWP | Neo-Noir (Field-Tested),2025-09-27,159.5,0,0
AWP | Neo-Noir (Field-Tested),2025-09-28,160.99,0,0
AWP | Neo-Noir (Field-Tested),2025-09-29,158.0,0,0
AWP | Neo-Noir (Field-Tested),2025-09-30,160.0,0,0
AWP | Neo-Noir (Field-Tested),2025-10-01,150.27,0,0
AWP | Neo-Noir (Field-Tested),2025-10-02,159.0,0,0
AWP | Neo-Noir (Field-Tested),2025-10-03,157.77,0,0
AWP | Neo-Noir (Field-Tested),2025-10-04,158.98,0,0
AWP | Neo-Noir (Field-Tested),2025-10-05,157.6,0,0
AWP | Neo-Noir (Field-Tested),2025-10-06,158.0,0,0
AWP | Neo-Noir (Field-Tested),2025-10-07,160.0,0,0
AWP | Neo-Noir (Field-Tested),2025-10-08,157.5,0,0
AWP | Neo-Noir (Field-Tested),2025-10-09,156.0,0,0
AWP | Neo-Noir (Field-Tested),2025-10-10,155.89,0,0
AWP | Neo-Noir (Field-Tested),2025-10-11,158.0,0,0
AWP | Neo-Noir (Field-Tested),2025-10-12,158.88,0,0
AWP | Neo-Noir (Field-Tested),2025-10-13,160.05,0,0
AWP | Neo-Noir (Field-Tested),2025-10-14,161.0,0,0
AWP | Neo-Noir (Field-Tested),2025-10-15,162.5,0,0
AWP | Neo-Noir (Field-Tested),2025-10-16,163.0,0,0
AWP | Neo-Noir (Field-Tested),2025-10-17,160.0,0,0
AWP | Neo-Noir (Field-Tested),2025-10-18,160.0,0,0
AWP | Neo-Noir (Field-Tested),2025-10-19,157.49,0,0
AWP | Neo-Noir (Field-Tested),2025-10-20,156.0,0,0
AWP | Neo-Noir (Field-Tested),2025-10-21,156.3,0,0
AWP | Neo-Noir (Field-Tested),2025-10-22,156.0,0,0
AWP | Neo-Noir (Field-Tested),2025-10-23,155.0,0,0
AWP | Neo-Noir (Field-Tested),2025-10-24,130.0,0,0
AWP | Neo-Noir (Field-Tested),2025-10-25,155.0,0,0
AWP | Neo-Noir (Field-Tested),2025-10-26,160.0,0,0
AWP | Neo-Noir (Field-Tested),2025-10-27,157.5,0,0
AWP | Neo-Noir (Field-Tested),2025-10-28,163.99,0,0
AWP | Neo-Noir (Field-Tested),2025-10-29,160.0,0,0
AWP | Neo-Noir (Field-Tested),2025-10-30,163.97,0,0
AWP | Neo-Noir (Field-Tested),2025-10-31,175.0,0,0
AWP | Neo-Noir (Field-Tested),2025-11-01,208.0,0,0
AWP | Neo-Noir (Field-Tested),2025-11-02,208.0,0,0
AWP | Neo-Noir (Field-Tested),2025-11-03,218.5,0,0
AWP | Neo-Noir (Field-Tested),2025-11-04,218.5,0,0
AWP | Neo-Noir (Field-Tested),2025-11-05,250.0,0,0
AWP | Neo-Noir (Field-Tested),2025-11-06,259.5,0,0
AWP | Neo-Noir (Field-Tested),2025-11-07,243.5,0,0
AWP | Neo-Noir (Field-Tested),2025-11-08,225.0,0,0
AWP | Neo-Noir (Field-Tested),2025-11-09,219.0,0,0
AWP | Neo-Noir (Field-Tested),2025-11-10,225.67,0,0
AWP | Neo-Noir (Field-Tested),2025-11-11,232.9,0,0
AWP | Neo-Noir (Field-Tested),2025-11-12,236.0,0,0
AWP | Neo-Noir (Field-Tested),2025-11-13,228.0,0,0
AWP | Neo-Noir (Field-Tested),2025-11-14,230.0,0,0
AWP | Neo-Noir (Field-Tested),2025-11-15,236.5,0,0
AWP | Neo-Noir (Field-Tested),2025-11-16,237.98,0,0
AWP | Neo-Noir (Field-Tested),2025-11-17,245.75,0,0
AWP | Neo-Noir (Field-Tested),2025-11-18,241.7,0,0
AWP | Neo-Noir (Field-Tested),2025-11-19,253.99,0,0
AWP | Neo-Noir (Field-Tested),2025-11-20,254.9,0,0
AWP | Neo-Noir (Field-Tested),2025-11-21,251.0,0,0
AWP | Neo-Noir (Field-Tested),2025-11-22,248.0,0,0
AWP | Neo-Noir (Field-Tested),2025-11-23,254.5,0,0
AWP | Neo-Noir (Field-Tested),2025-11-24,255.5,0,0
AWP | Neo-Noir (Field-Tested),2025-11-25,250.0,0,0
AWP | Neo-Noir (Field-Tested),2025-11-26,255.5,0,0
AWP | Neo-Noir (Field-Tested),2025-11-27,260.0,0,0
AWP | Neo-Noir (Field-Tested),2025-11-28,264.0,0,0
AWP | Neo-Noir (Field-Tested),2025-11-29,271.5,0,0
AWP | Neo-Noir (Field-Tested),2025-11-30,265.5,0,0
AWP | Neo-Noir (Field-Tested),2025-12-01,263.0,0,0
AWP | Neo-Noir (Field-Tested),2025-12-02,267.4,0,0
AWP | Neo-Noir (Field-Tested),2025-12-03,267.38,0,0
AWP | Neo-Noir (Field-Tested),2025-12-04,267.0,0,0
AWP | Neo-Noir (Field-Tested),2025-12-05,268.38,0,0
AWP | Neo-Noir (Field-Tested),2025-12-06,263.4,0,0
AWP | Neo-Noir (Field-Tested),2025-12-07,264.0,0,0
AWP | Neo-Noir (Field-Tested),2025-12-08,264.0,0,0
AWP | Neo-Noir (Field-Tested),2025-12-09,268.0,0,0
AWP | Neo-Noir (Field-Tested),2025-12-10,267.0,0,0
AWP | Neo-Noir (Field-Tested),2025-12-11,268.0,0,0
AWP | Neo-Noir (Field-Tested),2025-12-12,267.5,0,0
AWP | Neo-Noir (Field-Tested),2025-12-13,270.78,0,0
AWP | Neo-Noir (Field-Tested),2025-12-14,267.5,0,0
AWP | Neo-Noir (Field-Tested),2025-12-15,268.86,0,0
AWP | Neo-Noir (Field-Tested),2025-12-16,267.35,0,0
AWP | Neo-Noir (Field-Tested),2025-12-17,269.5,0,0
AWP | Neo-Noir (Field-Tested),2025-12-18,274.78,0,0
AWP | Neo-Noir (Field-Tested),2025-12-19,274.59,0,0
AWP | Neo-Noir (Field-Tested),2025-12-20,274.5,0,0
AWP | Neo-Noir (Field-Tested),2025-12-21,279.99,0,0
AWP | Neo-Noir (Field-Tested),2025-12-22,278.0,0,0
AWP | Neo-Noir (Field-Tested),2025-12-23,283.0,0,0
AWP | Neo-Noir (Field-Tested),2025-12-24,284.29,0,0
AWP | Neo-Noir (Field-Tested),2025-12-25,279.67,0,0
AWP | Neo-Noir (Field-Tested),2025-12-26,277.86,0,0
AWP | Neo-Noir (Field-Tested),2025-12-27,278.17,0,0
AWP | Neo-Noir (Field-Tested),2025-12-28,279.0,0,0
AWP | Neo-Noir (Field-Tested),2025-12-29,278.5,0,0
AWP | Neo-Noir (Field-Tested),2025-12-30,283.99,0,0
AWP | Neo-Noir (Field-Tested),2025-12-31,283.34,0,0
AWP | Neo-Noir (Field-Tested),2026-01-01,281.5,0,0
AWP | Neo-Noir (Field-Tested),2026-01-02,286.5,0,0
AWP | Neo-Noir (Field-Tested),2026-01-03,287.0,0,0
AWP | Neo-Noir (Field-Tested),2026-01-04,287.0,0,0
AWP | Neo-Noir (Field-Tested),2026-01-05,286.0,0,0
AWP | Neo-Noir (Field-Tested),2026-01-06,289.0,0,0
AWP | Neo-Noir (Field-Tested),2026-01-07,285.0,0,0
AWP | Neo-Noir (Field-Tested),2026-01-08,285.0,0,0
AWP | Neo-Noir (Field-Tested),2026-01-09,285.99,0,0
AWP | Neo-Noir (Field-Tested),2026-01-10,281.0,0,0
AWP | Neo-Noir (Field-Tested),2026-01-11,285.48,0,0
AWP | Neo-Noir (Field-Tested),2026-01-12,287.5,0,0
AWP | Neo-Noir (Field-Tested),2026-01-13,288.99,0,0
AWP | Neo-Noir (Field-Tested),2026-01-14,287.5,0,0
AWP | Neo-Noir (Field-Tested),2026-01-15,290.0,0,0
AWP | Neo-Noir (Field-Tested),2026-01-16,288.99,0,0
AWP | Neo-Noir (Field-Tested),2026-01-17,282.76,0,0
AWP | Neo-Noir (Field-Tested),2026-01-18,286.0,0,0
AWP | Neo-Noir (Field-Tested),2026-01-19,284.0,0,0
AWP | Neo-Noir (Field-Tested),2026-01-20,285.0,0,0
AWP | Neo-Noir (Field-Tested),2026-01-21,285.0,0,0
AWP | Neo-Noir (Field-Tested),2026-01-22,284.5,0,0
AWP | Neo-Noir (Field-Tested),2026-01-23,282.0,0,0
AWP | Neo-Noir (Field-Tested),2026-01-24,283.49,0,0
AWP | Neo-Noir (Field-Tested),2026-01-25,287.46,0,0
AWP | Neo-Noir (Field-Tested),2026-01-26,289.89,0,0
AWP | Neo-Noir (Field-Tested),2026-01-27,286.0,0,0
AWP | Neo-Noir (Field-Tested),2026-01-28,289.0,0,0
AWP | Neo-Noir (Field-Tested),2026-01-29,284.5,0,0
AWP | Neo-Noir (Field-Tested),2026-01-30,284.48,0,0
AWP | Neo-Noir (Field-Tested),2026-01-31,286.67,0,0
AWP | Neo-Noir (Field-Tested),2026-02-01,285.5,0,0
AWP | Neo-Noir (Field-Tested),2026-02-02,287.5,0,0
AWP | Neo-Noir (Field-Tested),2026-02-03,288.0,0,0
AWP | Neo-Noir (Field-Tested),2026-02-04,286.0,0,0
AWP | Neo-Noir (Field-Tested),2026-02-05,284.0,0,0
AWP | Neo-Noir (Field-Tested),2026-02-06,283.0,0,0
AWP | Neo-Noir (Field-Tested),2026-02-07,284.5,0,0
AWP | Neo-Noir (Field-Tested),2026-02-08,285.99,0,0
AWP | Neo-Noir (Field-Tested),2026-02-09,285.0,0,0
AWP | Neo-Noir (Field-Tested),2026-02-10,290.0,0,0
AWP | Neo-Noir (Field-Tested),2026-02-11,288.5,0,0
AWP | Neo-Noir (Field-Tested),2026-02-12,288.66,0,0
AWP | Neo-Noir (Field-Tested),2026-02-13,287.0,0,0
AWP | Neo-Noir (Field-Tested),2026-02-14,288.0,0,0
AWP | Neo-Noir (Field-Tested),2026-02-15,290.0,0,0
AWP | Neo-Noir (Field-Tested),2026-02-16,292.5,0,0
AWP | Neo-Noir (Field-Tested),2026-02-17,292.79,0,0
AWP | Neo-Noir (Field-Tested),2026-02-18,291.66,0,0
AWP | Neo-Noir (Field-Tested),2026-02-19,293.0,0,0
AWP | Neo-Noir (Field-Tested),2026-02-20,292.4,0,0
AWP | Neo-Noir (Field-Tested),2026-02-21,296.49,0,0
AWP | Neo-Noir (Field-Tested),2026-02-22,295.4,0,0
AWP | Neo-Noir (Field-Tested),2026-02-23,297.0,0,0
AWP | Neo-Noir (Field-Tested),2026-02-24,300.0,0,0
AWP | Neo-Noir (Field-Tested),2026-02-25,299.0,0,0
AWP | Neo-Noir (Field-Tested),2026-02-26,299.5,0,0
AWP | Neo-Noir (Field-Tested),2026-02-27,303.5,0,0
AWP | Neo-Noir (Field-Tested),2026-02-28,305.79,0,0
AWP | Neo-Noir (Field-Tested),2026-03-01,303.69,0,0
AWP | Neo-Noir (Field-Tested),2026-03-02,302.5,0,0
AWP | Neo-Noir (Field-Tested),2026-03-03,303.0,0,0
AWP | Neo-Noir (Field-Tested),2026-03-04,303.0,0,0
AWP | Neo-Noir (Field-Tested),2026-03-05,301.0,0,0
AWP | Neo-Noir (Field-Tested),2026-03-06,299.19,0,0
AWP | Neo-Noir (Field-Tested),2026-03-07,305.96,0,0
AWP | Neo-Noir (Field-Tested),2026-03-08,302.0,0,0
AWP | Neo-Noir (Field-Tested),2026-03-09,302.9,0,0
AWP | Neo-Noir (Field-Tested),2026-03-10,308.0,0,0
AWP | Neo-Noir (Field-Tested),2026-03-11,307.98,0,0
AWP | Neo-Noir (Field-Tested),2026-03-12,302.25,0,0
AWP | Neo-Noir (Field-Tested),2026-03-13,300.4,0,0
AWP | Neo-Noir (Field-Tested),2026-03-14,308.4,0,0
AWP | Neo-Noir (Field-Tested),2026-03-15,305.0,0,0
AWP | Neo-Noir (Field-Tested),2026-03-16,307.39,0,0
AWP | Neo-Noir (Field-Tested),2026-03-17,305.0,0,0
AWP | Neo-Noir (Field-Tested),2026-03-18,308.0,0,0
AWP | Neo-Noir (Field-Tested),2026-03-19,307.8,0,0
AWP | Neo-Noir (Field-Tested),2026-03-20,305.08,0,0
AWP | Neo-Noir (Field-Tested),2026-03-21,303.5,0,0
AWP | Neo-Noir (Field-Tested),2026-03-22,300.5,0,0
AWP | Neo-Noir (Field-Tested),2026-03-23,298.0,0,0
AWP | Neo-Noir (Field-Tested),2026-03-24,296.6,0,0
AWP | Neo-Noir (Field-Tested),2026-03-25,296.45,0,0
AWP | Neo-Noir (Field-Tested),2026-03-26,296.02,0,0
AWP | Neo-Noir (Field-Tested),2026-03-27,296.28,0,0
AWP | Neo-Noir (Field-Tested),2026-03-28,294.9,0,0
AWP | Neo-Noir (Field-Tested),2026-03-29,293.14,0,0
AWP | Neo-Noir (Field-Tested),2026-03-30,294.0,0,0
AWP | Neo-Noir (Field-Tested),2026-03-31,292.81,0,0
AWP | Neo-Noir (Field-Tested),2026-04-01,295.12,0,0
AWP | Neo-Noir (Field-Tested),2026-04-02,293.99,0,0
AWP | Neo-Noir (Field-Tested),2026-04-03,294.38,0,0
AWP | Neo-Noir (Field-Tested),2026-04-04,296.0,0,0
AWP | Neo-Noir (Field-Tested),2026-04-05,296.5,0,0
AWP | Neo-Noir (Field-Tested),2026-04-06,298.07,0,0
AWP | Neo-Noir (Field-Tested),2026-04-07,302.98,0,0
AWP | Neo-Noir (Field-Tested),2026-04-08,298.0,0,0
AWP | Neo-Noir (Field-Tested),2026-04-09,301.5,0,0
AWP | Neo-Noir (Field-Tested),2026-04-10,304.5,0,0
AWP | Neo-Noir (Field-Tested),2026-04-11,306.0,0,0
AWP | Neo-Noir (Field-Tested),2026-04-12,304.5,0,0
AWP | Neo-Noir (Field-Tested),2026-04-13,301.0,0,0
AWP | Neo-Noir (Field-Tested),2026-04-14,292.5,0,0
AWP | Neo-Noir (Field-Tested),2026-04-15,300.0,0,0
AWP | Neo-Noir (Field-Tested),2026-04-16,298.0,0,0
AWP | Neo-Noir (Field-Tested),2026-04-17,292.0,0,0
AWP | Neo-Noir (Field-Tested),2026-04-18,292.89,0,0
AWP | Neo-Noir (Field-Tested),2026-04-19,294.0,0,0
AWP | Neo-Noir (Field-Tested),2026-04-20,291.0,0,0
AWP | Neo-Noir (Field-Tested),2026-04-21,295.5,0,0
AWP | Neo-Noir (Field-Tested),2026-04-22,289.0,0,0
AWP | Neo-Noir (Field-Tested),2026-04-23,282.5,0,0
AWP | Neo-Noir (Field-Tested),2026-04-24,278.5,0,0
AWP | Neo-Noir (Field-Tested),2026-04-25,286.5,0,0
AWP | Neo-Noir (Field-Tested),2026-04-26,288.0,0,0
AWP | Neo-Noir (Field-Tested),2026-04-27,288.0,0,0
AWP | Neo-Noir (Field-Tested),2026-04-28,287.5,0,0
AWP | Neo-Noir (Field-Tested),2026-04-29,285.0,0,0
AWP | Neo-Noir (Field-Tested),2026-04-30,279.88,0,0
AWP | Neo-Noir (Field-Tested),2026-05-01,281.42,0,0
AWP | Neo-Noir (Field-Tested),2026-05-02,284.39,0,0
AWP | Neo-Noir (Field-Tested),2026-05-03,281.5,0,0
AWP | Neo-Noir (Field-Tested),2026-05-04,285.0,0,0
AWP | Neo-Noir (Field-Tested),2026-05-05,286.8,0,0
AWP | Neo-Noir (Field-Tested),2026-05-06,288.11,0,0
AWP | Neo-Noir (Field-Tested),2026-05-07,284.99,0,0
AWP | Neo-Noir (Field-Tested),2026-05-08,280.0,0,0
AWP | Neo-Noir (Field-Tested),2026-05-09,278.0,0,0
AWP | Neo-Noir (Field-Tested),2026-05-10,275.0,0,0
AWP | Neo-Noir (Field-Tested),2026-05-11,271.73,0,0
AWP | Neo-Noir (Field-Tested),2026-05-12,271.0,0,0
AWP | Neo-Noir (Field-Tested),2026-05-13,272.0,0,0
AWP | Neo-Noir (Field-Tested),2026-05-14,271.0,0,0
AWP | Neo-Noir (Field-Tested),2026-05-15,268.5,0,0
AWP | Neo-Noir (Field-Tested),2026-05-16,268.0,0,0
AWP | Neo-Noir (Field-Tested),2026-05-17,269.5,0,0
AWP | Neo-Noir (Field-Tested),2026-05-18,264.5,0,0
AWP | Neo-Noir (Field-Tested),2026-05-19,268.0,0,0
AWP | Neo-Noir (Field-Tested),2026-05-20,269.2,0,0
AWP | Neo-Noir (Field-Tested),2026-05-21,267.0,0,0
AWP | Neo-Noir (Field-Tested),2026-05-22,259.0,0,0
AWP | Neo-Noir (Field-Tested),2026-05-23,265.0,0,0
AWP | Neo-Noir (Field-Tested),2026-05-24,261.5,0,0
AWP | Neo-Noir (Field-Tested),2026-05-25,250.0,0,0
AWP | Neo-Noir (Field-Tested),2026-05-26,245.0,0,0
AWP | Neo-Noir (Field-Tested),2026-05-27,247.0,0,0
AWP | Neo-Noir (Field-Tested),2026-05-28,252.0,0,0
AWP | Neo-Noir (Field-Tested),2026-05-29,252.0,0,0
AWP | Neo-Noir (Field-Tested),2026-05-30,257.89,0,0
AWP | Neo-Noir (Field-Tested),2026-05-31,255.0,0,0
AWP | Neo-Noir (Field-Tested),2026-06-01,256.8,0,0
AWP | Neo-Noir (Field-Tested),2026-06-02,256.5,0,0
AWP | Neo-Noir (Field-Tested),2026-06-03,255.0,0,0
AWP | Neo-Noir (Field-Tested),2026-06-04,262.08,0,0
AWP | Neo-Noir (Field-Tested),2026-06-05,260.6,0,0
AWP | Neo-Noir (Field-Tested),2026-06-06,266.95,0,0
AWP | Neo-Noir (Field-Tested),2026-06-07,268.0,0,0
AWP | Neo-Noir (Field-Tested),2026-06-08,269.1,0,0
AWP | Neo-Noir (Field-Tested),2026-06-09,263.5,0,0
AWP | Neo-Noir (Field-Tested),2026-06-10,260.0,0,0
AWP | Neo-Noir (Field-Tested),2026-06-11,264.27,0,0
AWP | Neo-Noir (Field-Tested),2026-06-12,259.99,0,0
AWP | Neo-Noir (Field-Tested),2026-06-13,261.37,0,0
AWP | Neo-Noir (Field-Tested),2026-06-14,266.56,0,0
AWP | Neo-Noir (Field-Tested),2026-06-15,269.5,0,0
AWP | Neo-Noir (Field-Tested),2026-06-16,269.5,0,0
AWP | Neo-Noir (Field-Tested),2026-06-17,272.4,0,0
AWP | Neo-Noir (Field-Tested),2026-06-18,272.0,0,0
AWP | Neo-Noir (Field-Tested),2026-06-19,273.0,0,0
AWP | Neo-Noir (Field-Tested),2026-06-20,265.9,0,0
AWP | Neo-Noir (Field-Tested),2026-06-21,271.6,0,0
AWP | Neo-Noir (Field-Tested),2026-06-22,277.0,0,0
AWP | Neo-Noir (Field-Tested),2026-06-23,274.3,0,0
AWP | Neo-Noir (Field-Tested),2026-06-24,273.38,0,0
AWP | Neo-Noir (Field-Tested),2026-06-25,278.1,0,0
AWP | Neo-Noir (Field-Tested),2026-06-26,285.8,0,0
AWP | Neo-Noir (Field-Tested),2026-06-27,285.8,0,0
AWP | Neo-Noir (Field-Tested),2026-06-28,285.8,0,0
AWP | Neo-Noir (Field-Tested),2026-06-29,285.0,0,0
AWP | Neo-Noir (Field-Tested),2026-06-30,274.35,0,0
AWP | Neo-Noir (Field-Tested),2026-07-01,271.4,0,0
AWP | Neo-Noir (Field-Tested),2026-07-02,275.0,0,0
AWP | Neo-Noir (Field-Tested),2026-07-03,272.9,0,0
AWP | Neo-Noir (Field-Tested),2026-07-04,271.33,0,0
AWP | Neo-Noir (Field-Tested),2026-07-05,268.5,0,0
AWP | Neo-Noir (Field-Tested),2026-07-06,270.89,0,0
AWP | Neo-Noir (Field-Tested),2026-07-07,271.69,0,0
AWP | Neo-Noir (Field-Tested),2026-07-08,270.0,0,0
AWP | Neo-Noir (Field-Tested),2026-07-09,270.0,0,0
AWP | Neo-Noir (Field-Tested),2026-07-10,270.47,0,0
AWP | Neo-Noir (Field-Tested),2026-07-11,269.87,0,0
AWP | Neo-Noir (Field-Tested),2026-07-12,270.59,0,0
AWP | Neo-Noir (Field-Tested),2026-07-13,273.44,0,0
AWP | Neo-Noir (Field-Tested),2026-07-14,271.53,0,0
AWP | Neo-Noir (Field-Tested),2026-07-15,270.0,0,0
AWP | Neo-Noir (Field-Tested),2026-07-16,269.8,0,0
AWP | Neo-Noir (Field-Tested),2026-07-17,270.0,0,0
AWP | Neo-Noir (Field-Tested),2026-07-18,277.0,0,0
AWP | Neo-Noir (Field-Tested),2026-07-19,277.2,0,0
AWP | Neo-Noir (Field-Tested),2026-07-20,276.0,0,0
AWP | Neo-Noir (Field-Tested),2026-07-21,274.5,0,0
AWP | Neo-Noir (Field-Tested),2026-07-22,275.0,0,0
AWP | Neo-Noir (Field-Tested),2026-07-23,275.83,0,0
AWP | Neo-Noir (Field-Tested),2026-07-24,276.67,0,0
AWP | Neo-Noir (Field-Tested),2026-07-25,277.5,0,0
AWP | Neo-Noir (Field-Tested),2026-07-26,272.7,0,0
AWP | Neo-Noir (Field-Tested),2026-07-27,269.2,0,0
AWP | Neo-Noir (Field-Tested),2026-07-28,268.65,0,0
AWP | Neo-Noir (Field-Tested),2026-07-29,266.0,0,0
AWP | Neo-Noir (Field-Tested),2026-07-30,267.5,0,0
AWP | Neo-Noir (Field-Tested),2026-07-31,263.5,0,0
AWP | Neo-Noir (Field-Tested),2026-08-01,264.0,0,0
AWP | Neo-Noir (Field-Tested),2026-08-02,262.0,0,0
AWP | Neo-Noir (Field-Tested),2026-08-03,262.0,0,0
AWP | Neo-Noir (Field-Tested),2026-08-04,262.5,0,0
AWP | Neo-Noir (Field-Tested),2026-08-05,259.5,0,0
AWP | Neo-Noir (Field-Tested),2026-08-06,268.8,0,0
AWP | Neo-Noir (Field-Tested),2026-08-07,268.0,0,0
AWP | Neo-Noir (Field-Tested),2026-08-08,267.5,0,0
AWP | Neo-Noir (Field-Tested),2026-08-09,266.0,0,0
AWP | Neo-Noir (Field-Tested),2026-08-10,267.5,0,0
AWP | Neo-Noir (Field-Tested),2026-08-11,268.0,0,0
AWP | Neo-Noir (Field-Tested),2026-08-12,266.0,0,0
AWP | Neo-Noir (Field-Tested),2026-08-13,268.0,0,0
AWP | Neo-Noir (Field-Tested),2026-08-14,261.5,0,0
AWP | Neo-Noir (Field-Tested),2026-08-15,270.0,0,0
AWP | Neo-Noir (Field-Tested),2026-08-16,266.68,0,0
AWP | Neo-Noir (Field-Tested),2026-08-17,260.0,0,0
AWP | Neo-Noir (Field-Tested),2026-08-18,264.2,0,0
AWP | Neo-Noir (Field-Tested),2026-08-19,258.96,0,0
AWP | Neo-Noir (Field-Tested),2026-08-20,259.39,0,0
AWP | Neo-Noir (Field-Tested),2026-08-21,256.84,0,0
AWP | Neo-Noir (Field-Tested),2026-08-22,256.84,0,0
AWP | Neo-Noir (Field-Tested),2026-08-23,258.43,0,0
AWP | Neo-Noir (Field-Tested),2026-08-24,259.5,0,0
AWP | Neo-Noir (Field-Tested),2026-08-25,261.0,0,0
AWP | Neo-Noir (Field-Tested),2026-08-26,260.0,0,0
AWP | Neo-Noir (Field-Tested),2026-08-27,264.6,0,0
AWP | Neo-Noir (Field-Tested),2026-08-28,263.0,0,0
AWP | Neo-Noir (Field-Tested),2026-08-29,265.88,0,0
AWP | Neo-Noir (Field-Tested),2026-08-30,267.01,0,0
AWP | Neo-Noir (Field-Tested),2026-08-31,259.15,0,0
AWP | Neo-Noir (Field-Tested),2026-09-01,260.0,0,0
AWP | Neo-Noir (Field-Tested),2026-09-02,256.65,0,0
AWP | Neo-Noir (Field-Tested),2026-09-03,262.12,0,0
AWP | Neo-Noir (Field-Tested),2026-09-04,260.91,0,0
AWP | Neo-Noir (Field-Tested),2026-09-05,259.31,0,0
AWP | Neo-Noir (Field-Tested),2026-09-06,255.99,0,0
AWP | Neo-Noir (Field-Tested),2026-09-07,253.5,0,0
AWP | Neo-Noir (Field-Tested),2026-09-08,258.3,0,0
AWP | Neo-Noir (Field-Tested),2026-09-09,252.67,0,0
AWP | Neo-Noir (Field-Tested),2026-09-10,249.64,0,0
AWP | Neo-Noir (Field-Tested),2026-09-11,253.5,0,0
AWP | Neo-Noir (Field-Tested),2026-09-12,254.5,0,0
AWP | Neo-Noir (Field-Tested),2026-09-13,258.39,0,0
AWP | Neo-Noir (Field-Tested),2026-09-14,259.2,0,0
AWP | Neo-Noir (Field-Tested),2026-09-15,252.49,0,0
AWP | Neo-Noir (Field-Tested),2026-09-16,258.5,0,0
AWP | Neo-Noir (Field-Tested),2026-09-17,256.32,0,0
AWP | Neo-Noir (Field-Tested),2026-09-18,255.48,0,0
AWP | Neo-Noir (Field-Tested),2026-09-19,249.0,0,0
AWP | Neo-Noir (Field-Tested),2026-09-20,249.0,0,376
AWP | Wildfire (Field-Tested),2025-09-21,338.0,0,0
AWP | Wildfire (Field-Tested),2025-09-22,340.0,0,0
AWP | Wildfire (Field-Tested),2025-09-23,342.5,0,0
AWP | Wildfire (Field-Tested),2025-09-24,342.0,0,0
AWP | Wildfire (Field-Tested),2025-09-25,337.9,0,0
AWP | Wildfire (Field-Tested),2025-09-26,341.5,0,0
AWP | Wildfire (Field-Tested),2025-09-27,341.0,0,0
AWP | Wildfire (Field-Tested),2025-09-28,343.0,0,0
AWP | Wildfire (Field-Tested),2025-09-29,344.4,0,0
AWP | Wildfire (Field-Tested),2025-09-30,347.88,0,0
AWP | Wildfire (Field-Tested),2025-10-01,340.0,0,0
AWP | Wildfire (Field-Tested),2025-10-02,340.0,0,0
AWP | Wildfire (Field-Tested),2025-10-03,341.8,0,0
AWP | Wildfire (Field-Tested),2025-10-04,340.0,0,0
AWP | Wildfire (Field-Tested),2025-10-05,339.89,0,0
AWP | Wildfire (Field-Tested),2025-10-06,335.5,0,0
AWP | Wildfire (Field-Tested),2025-10-07,338.2,0,0
AWP | Wildfire (Field-Tested),2025-10-08,335.5,0,0
AWP | Wildfire (Field-Tested),2025-10-09,338.98,0,0
AWP | Wildfire (Field-Tested),2025-10-10,334.98,0,0
AWP | Wildfire (Field-Tested),2025-10-11,339.3,0,0
AWP | Wildfire (Field-Tested),2025-10-12,340.5,0,0
AWP | Wildfire (Field-Tested),2025-10-13,339.0,0,0
AWP | Wildfire (Field-Tested),2025-10-14,343.9,0,0
AWP | Wildfire (Field-Tested),2025-10-15,341.5,0,0
AWP | Wildfire (Field-Tested),2025-10-16,340.0,0,0
AWP | Wildfire (Field-Tested),2025-10-17,341.5,0,0
AWP | Wildfire (Field-Tested),2025-10-18,338.3,0,0
AWP | Wildfire (Field-Tested),2025-10-19,340.0,0,0
AWP | Wildfire (Field-Tested),2025-10-20,338.99,0,0
AWP | Wildfire (Field-Tested),2025-10-21,335.0,0,0
AWP | Wildfire (Field-Tested),2025-10-22,336.5,0,0
AWP | Wildfire (Field-Tested),2025-10-23,297.0,0,0
AWP | Wildfire (Field-Tested),2025-10-24,238.8,0,0
AWP | Wildfire (Field-Tested),2025-10-25,287.5,0,0
AWP | Wildfire (Field-Tested),2025-10-26,282.0,0,0
AWP | Wildfire (Field-Tested),2025-10-27,287.0,0,0
AWP | Wildfire (Field-Tested),2025-10-28,290.5,0,0
AWP | Wildfire (Field-Tested),2025-10-29,289.99,0,0
AWP | Wildfire (Field-Tested),2025-10-30,289.5,0,0
AWP | Wildfire (Field-Tested),2025-10-31,303.0,0,0
AWP | Wildfire (Field-Tested),2025-11-01,307.5,0,0
AWP | Wildfire (Field-Tested),2025-11-02,314.5,0,0
AWP | Wildfire (Field-Tested),2025-11-03,312.99,0,0
AWP | Wildfire (Field-Tested),2025-11-04,312.4,0,0
AWP | Wildfire (Field-Tested),2025-11-05,324.5,0,0
AWP | Wildfire (Field-Tested),2025-11-06,329.99,0,0
AWP | Wildfire (Field-Tested),2025-11-07,319.49,0,0
AWP | Wildfire (Field-Tested),2025-11-08,329.99,0,0
AWP | Wildfire (Field-Tested),2025-11-09,326.0,0,0
AWP | Wildfire (Field-Tested),2025-11-10,329.5,0,0
AWP | Wildfire (Field-Tested),2025-11-11,328.0,0,0
AWP | Wildfire (Field-Tested),2025-11-12,328.0,0,0
AWP | Wildfire (Field-Tested),2025-11-13,329.5,0,0
AWP | Wildfire (Field-Tested),2025-11-14,325.4,0,0
AWP | Wildfire (Field-Tested),2025-11-15,325.0,0,0
AWP | Wildfire (Field-Tested),2025-11-16,328.5,0,0
AWP | Wildfire (Field-Tested),2025-11-17,330.0,0,0
AWP | Wildfire (Field-Tested),2025-11-18,331.5,0,0
AWP | Wildfire (Field-Tested),2025-11-19,330.8,0,0
AWP | Wildfire (Field-Tested),2025-11-20,327.5,0,0
AWP | Wildfire (Field-Tested),2025-11-21,327.0,0,0
AWP | Wildfire (Field-Tested),2025-11-22,331.0,0,0
AWP | Wildfire (Field-Tested),2025-11-23,331.83,0,0
AWP | Wildfire (Field-Tested),2025-11-24,327.0,0,0
AWP | Wildfire (Field-Tested),2025-11-25,326.16,0,0
AWP | Wildfire (Field-Tested),2025-11-26,327.0,0,0
AWP | Wildfire (Field-Tested),2025-11-27,334.49,0,0
AWP | Wildfire (Field-Tested),2025-11-28,338.0,0,0
AWP | Wildfire (Field-Tested),2025-11-29,344.1,0,0
AWP | Wildfire (Field-Tested),2025-11-30,336.78,0,0
AWP | Wildfire (Field-Tested),2025-12-01,339.38,0,0
AWP | Wildfire (Field-Tested),2025-12-02,335.0,0,0
AWP | Wildfire (Field-Tested),2025-12-03,339.0,0,0
AWP | Wildfire (Field-Tested),2025-12-04,341.0,0,0
AWP | Wildfire (Field-Tested),2025-12-05,338.0,0,0
AWP | Wildfire (Field-Tested),2025-12-06,338.5,0,0
AWP | Wildfire (Field-Tested),2025-12-07,339.0,0,0
AWP | Wildfire (Field-Tested),2025-12-08,339.5,0,0
AWP | Wildfire (Field-Tested),2025-12-09,336.0,0,0
AWP | Wildfire (Field-Tested),2025-12-10,338.0,0,0
AWP | Wildfire (Field-Tested),2025-12-11,337.49,0,0
AWP | Wildfire (Field-Tested),2025-12-12,337.0,0,0
AWP | Wildfire (Field-Tested),2025-12-13,339.79,0,0
AWP | Wildfire (Field-Tested),2025-12-14,338.0,0,0
AWP | Wildfire (Field-Tested),2025-12-15,338.26,0,0
AWP | Wildfire (Field-Tested),2025-12-16,338.0,0,0
AWP | Wildfire (Field-Tested),2025-12-17,337.99,0,0
AWP | Wildfire (Field-Tested),2025-12-18,340.0,0,0
AWP | Wildfire (Field-Tested),2025-12-19,342.49,0,0
AWP | Wildfire (Field-Tested),2025-12-20,341.8,0,0
AWP | Wildfire (Field-Tested),2025-12-21,339.5,0,0
AWP | Wildfire (Field-Tested),2025-12-22,345.0,0,0
AWP | Wildfire (Field-Tested),2025-12-23,346.5,0,0
AWP | Wildfire (Field-Tested),2025-12-24,345.6,0,0
AWP | Wildfire (Field-Tested),2025-12-25,345.59,0,0
AWP | Wildfire (Field-Tested),2025-12-26,348.5,0,0
AWP | Wildfire (Field-Tested),2025-12-27,343.4,0,0
AWP | Wildfire (Field-Tested),2025-12-28,343.05,0,0
AWP | Wildfire (Field-Tested),2025-12-29,346.98,0,0
AWP | Wildfire (Field-Tested),2025-12-30,346.0,0,0
AWP | Wildfire (Field-Tested),2025-12-31,348.0,0,0
AWP | Wildfire (Field-Tested),2026-01-01,349.0,0,0
AWP | Wildfire (Field-Tested),2026-01-02,352.79,0,0
AWP | Wildfire (Field-Tested),2026-01-03,351.88,0,0
AWP | Wildfire (Field-Tested),2026-01-04,352.38,0,0
AWP | Wildfire (Field-Tested),2026-01-05,349.0,0,0
AWP | Wildfire (Field-Tested),2026-01-06,350.0,0,0
AWP | Wildfire (Field-Tested),2026-01-07,349.0,0,0
AWP | Wildfire (Field-Tested),2026-01-08,346.0,0,0
AWP | Wildfire (Field-Tested),2026-01-09,344.4,0,0
AWP | Wildfire (Field-Tested),2026-01-10,343.0,0,0
AWP | Wildfire (Field-Tested),2026-01-11,343.5,0,0
AWP | Wildfire (Field-Tested),2026-01-12,343.0,0,0
AWP | Wildfire (Field-Tested),2026-01-13,345.0,0,0
AWP | Wildfire (Field-Tested),2026-01-14,345.0,0,0
AWP | Wildfire (Field-Tested),2026-01-15,343.5,0,0
AWP | Wildfire (Field-Tested),2026-01-16,344.0,0,0
AWP | Wildfire (Field-Tested),2026-01-17,345.0,0,0
AWP | Wildfire (Field-Tested),2026-01-18,346.5,0,0
AWP | Wildfire (Field-Tested),2026-01-19,345.0,0,0
AWP | Wildfire (Field-Tested),2026-01-20,345.0,0,0
AWP | Wildfire (Field-Tested),2026-01-21,343.5,0,0
AWP | Wildfire (Field-Tested),2026-01-22,340.5,0,0
AWP | Wildfire (Field-Tested),2026-01-23,336.0,0,0
AWP | Wildfire (Field-Tested),2026-01-24,339.0,0,0
AWP | Wildfire (Field-Tested),2026-01-25,336.0,0,0
AWP | Wildfire (Field-Tested),2026-01-26,339.49,0,0
AWP | Wildfire (Field-Tested),2026-01-27,338.5,0,0
AWP | Wildfire (Field-Tested),2026-01-28,339.0,0,0
AWP | Wildfire (Field-Tested),2026-01-29,335.0,0,0
AWP | Wildfire (Field-Tested),2026-01-30,331.0,0,0
AWP | Wildfire (Field-Tested),2026-01-31,335.0,0,0
AWP | Wildfire (Field-Tested),2026-02-01,337.0,0,0
AWP | Wildfire (Field-Tested),2026-02-02,337.9,0,0
AWP | Wildfire (Field-Tested),2026-02-03,336.99,0,0
AWP | Wildfire (Field-Tested),2026-02-04,338.98,0,0
AWP | Wildfire (Field-Tested),2026-02-05,339.49,0,0
AWP | Wildfire (Field-Tested),2026-02-06,341.0,0,0
AWP | Wildfire (Field-Tested),2026-02-07,341.5,0,0
AWP | Wildfire (Field-Tested),2026-02-08,340.5,0,0
AWP | Wildfire (Field-Tested),2026-02-09,340.4,0,0
AWP | Wildfire (Field-Tested),2026-02-10,339.5,0,0
AWP | Wildfire (Field-Tested),2026-02-11,340.0,0,0
AWP | Wildfire (Field-Tested),2026-02-12,343.99,0,0
AWP | Wildfire (Field-Tested),2026-02-13,349.0,0,0
AWP | Wildfire (Field-Tested),2026-02-14,352.0,0,0
AWP | Wildfire (Field-Tested),2026-02-15,350.5,0,0
AWP | Wildfire (Field-Tested),2026-02-16,359.0,0,0
AWP | Wildfire (Field-Tested),2026-02-17,360.0,0,0
AWP | Wildfire (Field-Tested),2026-02-18,359.5,0,0
AWP | Wildfire (Field-Tested),2026-02-19,359.0,0,0
AWP | Wildfire (Field-Tested),2026-02-20,359.5,0,0
AWP | Wildfire (Field-Tested),2026-02-21,359.0,0,0
AWP | Wildfire (Field-Tested),2026-02-22,359.5,0,0
AWP | Wildfire (Field-Tested),2026-02-23,357.49,0,0
AWP | Wildfire (Field-Tested),2026-02-24,355.5,0,0
AWP | Wildfire (Field-Tested),2026-02-25,357.0,0,0
AWP | Wildfire (Field-Tested),2026-02-26,358.99,0,0
AWP | Wildfire (Field-Tested),2026-02-27,365.0,0,0
AWP | Wildfire (Field-Tested),2026-02-28,360.5,0,0
AWP | Wildfire (Field-Tested),2026-03-01,364.9,0,0
AWP | Wildfire (Field-Tested),2026-03-02,364.66,0,0
AWP | Wildfire (Field-Tested),2026-03-03,364.5,0,0
AWP | Wildfire (Field-Tested),2026-03-04,362.9,0,0
AWP | Wildfire (Field-Tested),2026-03-05,359.0,0,0
AWP | Wildfire (Field-Tested),2026-03-06,358.0,0,0
AWP | Wildfire (Field-Tested),2026-03-07,360.0,0,0
AWP | Wildfire (Field-Tested),2026-03-08,360.0,0,0
AWP | Wildfire (Field-Tested),2026-03-09,363.07,0,0
AWP | Wildfire (Field-Tested),2026-03-10,363.99,0,0
AWP | Wildfire (Field-Tested),2026-03-11,361.9,0,0
AWP | Wildfire (Field-Tested),2026-03-12,360.4,0,0
AWP | Wildfire (Field-Tested),2026-03-13,365.0,0,0
AWP | Wildfire (Field-Tested),2026-03-14,361.0,0,0
AWP | Wildfire (Field-Tested),2026-03-15,364.69,0,0
AWP | Wildfire (Field-Tested),2026-03-16,362.5,0,0
AWP | Wildfire (Field-Tested),2026-03-17,363.98,0,0
AWP | Wildfire (Field-Tested),2026-03-18,367.0,0,0
AWP | Wildfire (Field-Tested),2026-03-19,358.49,0,0
AWP | Wildfire (Field-Tested),2026-03-20,359.52,0,0
AWP | Wildfire (Field-Tested),2026-03-21,359.0,0,0
AWP | Wildfire (Field-Tested),2026-03-22,353.0,0,0
AWP | Wildfire (Field-Tested),2026-03-23,357.5,0,0
AWP | Wildfire (Field-Tested),2026-03-24,359.0,0,0
AWP | Wildfire (Field-Tested),2026-03-25,360.0,0,0
AWP | Wildfire (Field-Tested),2026-03-26,358.0,0,0
AWP | Wildfire (Field-Tested),2026-03-27,357.35,0,0
AWP | Wildfire (Field-Tested),2026-03-28,360.0,0,0
AWP | Wildfire (Field-Tested),2026-03-29,360.0,0,0
AWP | Wildfire (Field-Tested),2026-03-30,358.68,0,0
AWP | Wildfire (Field-Tested),2026-03-31,360.0,0,0
AWP | Wildfire (Field-Tested),2026-04-01,357.0,0,0
AWP | Wildfire (Field-Tested),2026-04-02,352.5,0,0
AWP | Wildfire (Field-Tested),2026-04-03,354.0,0,0
AWP | Wildfire (Field-Tested),2026-04-04,354.99,0,0
AWP | Wildfire (Field-Tested),2026-04-05,354.87,0,0
AWP | Wildfire (Field-Tested),2026-04-06,350.5,0,0
AWP | Wildfire (Field-Tested),2026-04-07,347.7,0,0
AWP | Wildfire (Field-Tested),2026-04-08,345.9,0,0
AWP | Wildfire (Field-Tested),2026-04-09,351.9,0,0
AWP | Wildfire (Field-Tested),2026-04-10,347.0,0,0
AWP | Wildfire (Field-Tested),2026-04-11,345.4,0,0
AWP | Wildfire (Field-Tested),2026-04-12,344.49,0,0
AWP | Wildfire (Field-Tested),2026-04-13,338.99,0,0
AWP | Wildfire (Field-Tested),2026-04-14,334.99,0,0
AWP | Wildfire (Field-Tested),2026-04-15,332.84,0,0
AWP | Wildfire (Field-Tested),2026-04-16,325.25,0,0
AWP | Wildfire (Field-Tested),2026-04-17,324.4,0,0
AWP | Wildfire (Field-Tested),2026-04-18,319.5,0,0
AWP | Wildfire (Field-Tested),2026-04-19,326.0,0,0
AWP | Wildfire (Field-Tested),2026-04-20,327.5,0,0
AWP | Wildfire (Field-Tested),2026-04-21,322.0,0,0
AWP | Wildfire (Field-Tested),2026-04-22,320.0,0,0
AWP | Wildfire (Field-Tested),2026-04-23,313.5,0,0
AWP | Wildfire (Field-Tested),2026-04-24,303.5,0,0
AWP | Wildfire (Field-Tested),2026-04-25,315.5,0,0
AWP | Wildfire (Field-Tested),2026-04-26,324.5,0,0
AWP | Wildfire (Field-Tested),2026-04-27,315.0,0,0
AWP | Wildfire (Field-Tested),2026-04-28,314.98,0,0
AWP | Wildfire (Field-Tested),2026-04-29,312.0,0,0
AWP | Wildfire (Field-Tested),2026-04-30,310.0,0,0
AWP | Wildfire (Field-Tested),2026-05-01,317.8,0,0
AWP | Wildfire (Field-Tested),2026-05-02,320.0,0,0
AWP | Wildfire (Field-Tested),2026-05-03,317.0,0,0
AWP | Wildfire (Field-Tested),2026-05-04,315.0,0,0
AWP | Wildfire (Field-Tested),2026-05-05,309.0,0,0
AWP | Wildfire (Field-Tested),2026-05-06,310.0,0,0
AWP | Wildfire (Field-Tested),2026-05-07,312.0,0,0
AWP | Wildfire (Field-Tested),2026-05-08,309.0,0,0
AWP | Wildfire (Field-Tested),2026-05-09,305.0,0,0
AWP | Wildfire (Field-Tested),2026-05-10,303.97,0,0
AWP | Wildfire (Field-Tested),2026-05-11,289.0,0,0
AWP | Wildfire (Field-Tested),2026-05-12,286.8,0,0
AWP | Wildfire (Field-Tested),2026-05-13,296.82,0,0
AWP | Wildfire (Field-Tested),2026-05-14,297.0,0,0
AWP | Wildfire (Field-Tested),2026-05-15,291.3,0,0
AWP | Wildfire (Field-Tested),2026-05-16,294.0,0,0
AWP | Wildfire (Field-Tested),2026-05-17,300.0,0,0
AWP | Wildfire (Field-Tested),2026-05-18,300.4,0,0
AWP | Wildfire (Field-Tested),2026-05-19,304.7,0,0
AWP | Wildfire (Field-Tested),2026-05-20,306.0,0,0
AWP | Wildfire (Field-Tested),2026-05-21,304.0,0,0
AWP | Wildfire (Field-Tested),2026-05-22,297.5,0,0
AWP | Wildfire (Field-Tested),2026-05-23,296.5,0,0
AWP | Wildfire (Field-Tested),2026-05-24,295.0,0,0
AWP | Wildfire (Field-Tested),2026-05-25,297.0,0,0
AWP | Wildfire (Field-Tested),2026-05-26,288.0,0,0
AWP | Wildfire (Field-Tested),2026-05-27,282.99,0,0
AWP | Wildfire (Field-Tested),2026-05-28,289.6,0,0
AWP | Wildfire (Field-Tested),2026-05-29,290.6,0,0
AWP | Wildfire (Field-Tested),2026-05-30,299.29,0,0
AWP | Wildfire (Field-Tested),2026-05-31,297.0,0,0
AWP | Wildfire (Field-Tested),2026-06-01,297.5,0,0
AWP | Wildfire (Field-Tested),2026-06-02,297.5,0,0
AWP | Wildfire (Field-Tested),2026-06-03,302.49,0,0
AWP | Wildfire (Field-Tested),2026-06-04,304.5,0,0
AWP | Wildfire (Field-Tested),2026-06-05,303.7,0,0
AWP | Wildfire (Field-Tested),2026-06-06,315.0,0,0
AWP | Wildfire (Field-Tested),2026-06-07,309.6,0,0
AWP | Wildfire (Field-Tested),2026-06-08,304.5,0,0
AWP | Wildfire (Field-Tested),2026-06-09,308.2,0,0
AWP | Wildfire (Field-Tested),2026-06-10,309.99,0,0
AWP | Wildfire (Field-Tested),2026-06-11,307.0,0,0
AWP | Wildfire (Field-Tested),2026-06-12,310.0,0,0
AWP | Wildfire (Field-Tested),2026-06-13,308.0,0,0
AWP | Wildfire (Field-Tested),2026-06-14,309.5,0,0
AWP | Wildfire (Field-Tested),2026-06-15,309.99,0,0
AWP | Wildfire (Field-Tested),2026-06-16,314.4,0,0
AWP | Wildfire (Field-Tested),2026-06-17,315.69,0,0
AWP | Wildfire (Field-Tested),2026-06-18,318.49,0,0
AWP | Wildfire (Field-Tested),2026-06-19,312.9,0,0
AWP | Wildfire (Field-Tested),2026-06-20,310.5,0,0
AWP | Wildfire (Field-Tested),2026-06-21,315.0,0,0
AWP | Wildfire (Field-Tested),2026-06-22,310.99,0,0
AWP | Wildfire (Field-Tested),2026-06-23,309.5,0,0
AWP | Wildfire (Field-Tested),2026-06-24,312.0,0,0
AWP | Wildfire (Field-Tested),2026-06-25,316.9,0,0
AWP | Wildfire (Field-Tested),2026-06-26,317.89,0,0
AWP | Wildfire (Field-Tested),2026-06-27,317.9,0,0
AWP | Wildfire (Field-Tested),2026-06-28,319.5,0,0
AWP | Wildfire (Field-Tested),2026-06-29,321.0,0,0
AWP | Wildfire (Field-Tested),2026-06-30,316.0,0,0
AWP | Wildfire (Field-Tested),2026-07-01,305.5,0,0
AWP | Wildfire (Field-Tested),2026-07-02,313.99,0,0
AWP | Wildfire (Field-Tested),2026-07-03,316.0,0,0
AWP | Wildfire (Field-Tested),2026-07-04,316.9,0,0
AWP | Wildfire (Field-Tested),2026-07-05,307.0,0,0
AWP | Wildfire (Field-Tested),2026-07-06,308.0,0,0
AWP | Wildfire (Field-Tested),2026-07-07,305.99,0,0
AWP | Wildfire (Field-Tested),2026-07-08,306.5,0,0
AWP | Wildfire (Field-Tested),2026-07-09,310.03,0,0
AWP | Wildfire (Field-Tested),2026-07-10,306.77,0,0
AWP | Wildfire (Field-Tested),2026-07-11,305.0,0,0
AWP | Wildfire (Field-Tested),2026-07-12,305.69,0,0
AWP | Wildfire (Field-Tested),2026-07-13,306.07,0,0
AWP | Wildfire (Field-Tested),2026-07-14,310.0,0,0
AWP | Wildfire (Field-Tested),2026-07-15,312.49,0,0
AWP | Wildfire (Field-Tested),2026-07-16,310.5,0,0
AWP | Wildfire (Field-Tested),2026-07-17,310.0,0,0
AWP | Wildfire (Field-Tested),2026-07-18,304.5,0,0
AWP | Wildfire (Field-Tested),2026-07-19,307.0,0,0
AWP | Wildfire (Field-Tested),2026-07-20,305.0,0,0
AWP | Wildfire (Field-Tested),2026-07-21,304.3,0,0
AWP | Wildfire (Field-Tested),2026-07-22,304.5,0,0
AWP | Wildfire (Field-Tested),2026-07-23,302.97,0,0
AWP | Wildfire (Field-Tested),2026-07-24,301.43,0,0
AWP | Wildfire (Field-Tested),2026-07-25,299.9,0,0
AWP | Wildfire (Field-Tested),2026-07-26,301.0,0,0
AWP | Wildfire (Field-Tested),2026-07-27,302.0,0,0
AWP | Wildfire (Field-Tested),2026-07-28,299.49,0,0
AWP | Wildfire (Field-Tested),2026-07-29,296.5,0,0
AWP | Wildfire (Field-Tested),2026-07-30,299.4,0,0
AWP | Wildfire (Field-Tested),2026-07-31,293.5,0,0
AWP | Wildfire (Field-Tested),2026-08-01,287.0,0,0
AWP | Wildfire (Field-Tested),2026-08-02,285.99,0,0
AWP | Wildfire (Field-Tested),2026-08-03,285.0,0,0
AWP | Wildfire (Field-Tested),2026-08-04,287.49,0,0
AWP | Wildfire (Field-Tested),2026-08-05,289.5,0,0
AWP | Wildfire (Field-Tested),2026-08-06,281.0,0,0
AWP | Wildfire (Field-Tested),2026-08-07,294.99,0,0
AWP | Wildfire (Field-Tested),2026-08-08,297.29,0,0
AWP | Wildfire (Field-Tested),2026-08-09,295.5,0,0
AWP | Wildfire (Field-Tested),2026-08-10,285.0,0,0
AWP | Wildfire (Field-Tested),2026-08-11,289.0,0,0
AWP | Wildfire (Field-Tested),2026-08-12,290.0,0,0
AWP | Wildfire (Field-Tested),2026-08-13,285.78,0,0
AWP | Wildfire (Field-Tested),2026-08-14,284.98,0,0
AWP | Wildfire (Field-Tested),2026-08-15,283.78,0,0
AWP | Wildfire (Field-Tested),2026-08-16,282.4,0,0
AWP | Wildfire (Field-Tested),2026-08-17,280.0,0,0
AWP | Wildfire (Field-Tested),2026-08-18,280.0,0,0
AWP | Wildfire (Field-Tested),2026-08-19,278.5,0,0
AWP | Wildfire (Field-Tested),2026-08-20,274.0,0,0
AWP | Wildfire (Field-Tested),2026-08-21,277.88,0,0
AWP | Wildfire (Field-Tested),2026-08-22,278.5,0,0
AWP | Wildfire (Field-Tested),2026-08-23,277.5,0,0
AWP | Wildfire (Field-Tested),2026-08-24,278.8,0,0
AWP | Wildfire (Field-Tested),2026-08-25,275.5,0,0
AWP | Wildfire (Field-Tested),2026-08-26,275.1,0,0
AWP | Wildfire (Field-Tested),2026-08-27,278.49,0,0
AWP | Wildfire (Field-Tested),2026-08-28,276.5,0,0
AWP | Wildfire (Field-Tested),2026-08-29,277.5,0,0
AWP | Wildfire (Field-Tested),2026-08-30,280.5,0,0
AWP | Wildfire (Field-Tested),2026-08-31,277.2,0,0
AWP | Wildfire (Field-Tested),2026-09-01,280.5,0,0
AWP | Wildfire (Field-Tested),2026-09-02,275.0,0,0
AWP | Wildfire (Field-Tested),2026-09-03,273.45,0,0
AWP | Wildfire (Field-Tested),2026-09-04,272.71,0,0
AWP | Wildfire (Field-Tested),2026-09-05,271.0,0,0
AWP | Wildfire (Field-Tested),2026-09-06,271.22,0,0
AWP | Wildfire (Field-Tested),2026-09-07,269.0,0,0
AWP | Wildfire (Field-Tested),2026-09-08,267.0,0,0
AWP | Wildfire (Field-Tested),2026-09-09,266.49,0,0
AWP | Wildfire (Field-Tested),2026-09-10,262.5,0,0
AWP | Wildfire (Field-Tested),2026-09-11,264.0,0,0
AWP | Wildfire (Field-Tested),2026-09-12,260.0,0,0
AWP | Wildfire (Field-Tested),2026-09-13,264.48,0,0
AWP | Wildfire (Field-Tested),2026-09-14,266.4,0,0
AWP | Wildfire (Field-Tested),2026-09-15,268.5,0,0
AWP | Wildfire (Field-Tested),2026-09-16,267.49,0,0
AWP | Wildfire (Field-Tested),2026-09-17,268.57,0,0
AWP | Wildfire (Field-Tested),2026-09-18,265.5,0,0
AWP | Wildfire (Field-Tested),2026-09-19,266.0,0,0
AWP | Wildfire (Field-Tested),2026-09-20,266.5,0,531
Desert Eagle | Printstream (Field-Tested),2025-09-21,216.4,0,0
Desert Eagle | Printstream (Field-Tested),2025-09-22,214.5,0,0
Desert Eagle | Printstream (Field-Tested),2025-09-23,216.39,0,0
Desert Eagle | Printstream (Field-Tested),2025-09-24,214.49,0,0
Desert Eagle | Printstream (Field-Tested),2025-09-25,213.99,0,0
Desert Eagle | Printstream (Field-Tested),2025-09-26,213.5,0,0
Desert Eagle | Printstream (Field-Tested),2025-09-27,215.0,0,0
Desert Eagle | Printstream (Field-Tested),2025-09-28,213.0,0,0
Desert Eagle | Printstream (Field-Tested),2025-09-29,215.88,0,0
Desert Eagle | Printstream (Field-Tested),2025-09-30,217.0,0,0
Desert Eagle | Printstream (Field-Tested),2025-10-01,216.99,0,0
Desert Eagle | Printstream (Field-Tested),2025-10-02,216.0,0,0
Desert Eagle | Printstream (Field-Tested),2025-10-03,214.5,0,0
Desert Eagle | Printstream (Field-Tested),2025-10-04,213.0,0,0
Desert Eagle | Printstream (Field-Tested),2025-10-05,214.0,0,0
Desert Eagle | Printstream (Field-Tested),2025-10-06,214.0,0,0
Desert Eagle | Printstream (Field-Tested),2025-10-07,212.66,0,0
Desert Eagle | Printstream (Field-Tested),2025-10-08,213.89,0,0
Desert Eagle | Printstream (Field-Tested),2025-10-09,213.5,0,0
Desert Eagle | Printstream (Field-Tested),2025-10-10,212.96,0,0
Desert Eagle | Printstream (Field-Tested),2025-10-11,212.0,0,0
Desert Eagle | Printstream (Field-Tested),2025-10-12,211.5,0,0
Desert Eagle | Printstream (Field-Tested),2025-10-13,212.4,0,0
Desert Eagle | Printstream (Field-Tested),2025-10-14,214.49,0,0
Desert Eagle | Printstream (Field-Tested),2025-10-15,214.97,0,0
Desert Eagle | Printstream (Field-Tested),2025-10-16,214.0,0,0
Desert Eagle | Printstream (Field-Tested),2025-10-17,215.0,0,0
Desert Eagle | Printstream (Field-Tested),2025-10-18,215.0,0,0
Desert Eagle | Printstream (Field-Tested),2025-10-19,214.0,0,0
Desert Eagle | Printstream (Field-Tested),2025-10-20,214.5,0,0
Desert Eagle | Printstream (Field-Tested),2025-10-21,214.9,0,0
Desert Eagle | Printstream (Field-Tested),2025-10-22,213.0,0,0
Desert Eagle | Printstream (Field-Tested),2025-10-23,191.0,0,0
Desert Eagle | Printstream (Field-Tested),2025-10-24,164.0,0,0
Desert Eagle | Printstream (Field-Tested),2025-10-25,192.0,0,0
Desert Eagle | Printstream (Field-Tested),2025-10-26,184.0,0,0
Desert Eagle | Printstream (Field-Tested),2025-10-27,193.99,0,0
Desert Eagle | Printstream (Field-Tested),2025-10-28,191.0,0,0
Desert Eagle | Printstream (Field-Tested),2025-10-29,189.9,0,0
Desert Eagle | Printstream (Field-Tested),2025-10-30,197.0,0,0
Desert Eagle | Printstream (Field-Tested),2025-10-31,199.99,0,0
Desert Eagle | Printstream (Field-Tested),2025-11-01,207.4,0,0
Desert Eagle | Printstream (Field-Tested),2025-11-02,214.4,0,0
Desert Eagle | Printstream (Field-Tested),2025-11-03,215.95,0,0
Desert Eagle | Printstream (Field-Tested),2025-11-04,214.5,0,0
Desert Eagle | Printstream (Field-Tested),2025-11-05,228.0,0,0
Desert Eagle | Printstream (Field-Tested),2025-11-06,233.5,0,0
Desert Eagle | Printstream (Field-Tested),2025-11-07,227.45,0,0
Desert Eagle | Printstream (Field-Tested),2025-11-08,217.3,0,0
Desert Eagle | Printstream (Field-Tested),2025-11-09,220.0,0,0
Desert Eagle | Printstream (Field-Tested),2025-11-10,217.0,0,0
Desert Eagle | Printstream (Field-Tested),2025-11-11,220.0,0,0
Desert Eagle | Printstream (Field-Tested),2025-11-12,224.38,0,0
Desert Eagle | Printstream (Field-Tested),2025-11-13,221.0,0,0
Desert Eagle | Printstream (Field-Tested),2025-11-14,220.0,0,0
Desert Eagle | Printstream (Field-Tested),2025-11-15,223.5,0,0
Desert Eagle | Printstream (Field-Tested),2025-11-16,222.5,0,0
Desert Eagle | Printstream (Field-Tested),2025-11-17,225.0,0,0
Desert Eagle | Printstream (Field-Tested),2025-11-18,225.99,0,0
Desert Eagle | Printstream (Field-Tested),2025-11-19,221.0,0,0
Desert Eagle | Printstream (Field-Tested),2025-11-20,225.99,0,0
Desert Eagle | Printstream (Field-Tested),2025-11-21,227.6,0,0
Desert Eagle | Printstream (Field-Tested),2025-11-22,226.89,0,0
Desert Eagle | Printstream (Field-Tested),2025-11-23,223.5,0,0
Desert Eagle | Printstream (Field-Tested),2025-11-24,221.98,0,0
Desert Eagle | Printstream (Field-Tested),2025-11-25,220.5,0,0
Desert Eagle | Printstream (Field-Tested),2025-11-26,224.5,0,0
Desert Eagle | Printstream (Field-Tested),2025-11-27,225.0,0,0
Desert Eagle | Printstream (Field-Tested),2025-11-28,229.5,0,0
Desert Eagle | Printstream (Field-Tested),2025-11-29,230.0,0,0
Desert Eagle | Printstream (Field-Tested),2025-11-30,229.5,0,0
Desert Eagle | Printstream (Field-Tested),2025-12-01,230.0,0,0
Desert Eagle | Printstream (Field-Tested),2025-12-02,230.5,0,0
Desert Eagle | Printstream (Field-Tested),2025-12-03,230.0,0,0
Desert Eagle | Printstream (Field-Tested),2025-12-04,234.0,0,0
Desert Eagle | Printstream (Field-Tested),2025-12-05,233.99,0,0
Desert Eagle | Printstream (Field-Tested),2025-12-06,234.0,0,0
Desert Eagle | Printstream (Field-Tested),2025-12-07,233.0,0,0
Desert Eagle | Printstream (Field-Tested),2025-12-08,232.5,0,0
Desert Eagle | Printstream (Field-Tested),2025-12-09,232.5,0,0
Desert Eagle | Printstream (Field-Tested),2025-12-10,234.0,0,0
Desert Eagle | Printstream (Field-Tested),2025-12-11,236.0,0,0
Desert Eagle | Printstream (Field-Tested),2025-12-12,236.5,0,0
Desert Eagle | Printstream (Field-Tested),2025-12-13,234.5,0,0
Desert Eagle | Printstream (Field-Tested),2025-12-14,234.0,0,0
Desert Eagle | Printstream (Field-Tested),2025-12-15,237.0,0,0
Desert Eagle | Printstream (Field-Tested),2025-12-16,238.0,0,0
Desert Eagle | Printstream (Field-Tested),2025-12-17,235.0,0,0
Desert Eagle | Printstream (Field-Tested),2025-12-18,237.88,0,0
Desert Eagle | Printstream (Field-Tested),2025-12-19,238.69,0,0
Desert Eagle | Printstream (Field-Tested),2025-12-20,238.5,0,0
Desert Eagle | Printstream (Field-Tested),2025-12-21,239.87,0,0
Desert Eagle | Printstream (Field-Tested),2025-12-22,239.98,0,0
Desert Eagle | Printstream (Field-Tested),2025-12-23,241.5,0,0
Desert Eagle | Printstream (Field-Tested),2025-12-24,243.9,0,0
Desert Eagle | Printstream (Field-Tested),2025-12-25,241.5,0,0
Desert Eagle | Printstream (Field-Tested),2025-12-26,240.0,0,0
Desert Eagle | Printstream (Field-Tested),2025-12-27,241.28,0,0
Desert Eagle | Printstream (Field-Tested),2025-12-28,241.0,0,0
Desert Eagle | Printstream (Field-Tested),2025-12-29,241.4,0,0
Desert Eagle | Printstream (Field-Tested),2025-12-30,243.5,0,0
Desert Eagle | Printstream (Field-Tested),2025-12-31,248.5,0,0
Desert Eagle | Printstream (Field-Tested),2026-01-01,246.88,0,0
Desert Eagle | Printstream (Field-Tested),2026-01-02,249.4,0,0
Desert Eagle | Printstream (Field-Tested),2026-01-03,248.0,0,0
Desert Eagle | Printstream (Field-Tested),2026-01-04,249.5,0,0
Desert Eagle | Printstream (Field-Tested),2026-01-05,250.0,0,0
Desert Eagle | Printstream (Field-Tested),2026-01-06,249.0,0,0
Desert Eagle | Printstream (Field-Tested),2026-01-07,250.0,0,0
Desert Eagle | Printstream (Field-Tested),2026-01-08,250.0,0,0
Desert Eagle | Printstream (Field-Tested),2026-01-09,250.5,0,0
Desert Eagle | Printstream (Field-Tested),2026-01-10,250.0,0,0
Desert Eagle | Printstream (Field-Tested),2026-01-11,252.0,0,0
Desert Eagle | Printstream (Field-Tested),2026-01-12,250.0,0,0
Desert Eagle | Printstream (Field-Tested),2026-01-13,249.0,0,0
Desert Eagle | Printstream (Field-Tested),2026-01-14,249.5,0,0
Desert Eagle | Printstream (Field-Tested),2026-01-15,249.9,0,0
Desert Eagle | Printstream (Field-Tested),2026-01-16,250.0,0,0
Desert Eagle | Printstream (Field-Tested),2026-01-17,249.5,0,0
Desert Eagle | Printstream (Field-Tested),2026-01-18,249.0,0,0
Desert Eagle | Printstream (Field-Tested),2026-01-19,249.0,0,0
Desert Eagle | Printstream (Field-Tested),2026-01-20,249.4,0,0
Desert Eagle | Printstream (Field-Tested),2026-01-21,248.0,0,0
Desert Eagle | Printstream (Field-Tested),2026-01-22,249.0,0,0
Desert Eagle | Printstream (Field-Tested),2026-01-23,244.0,0,0
Desert Eagle | Printstream (Field-Tested),2026-01-24,245.0,0,0
Desert Eagle | Printstream (Field-Tested),2026-01-25,248.0,0,0
Desert Eagle | Printstream (Field-Tested),2026-01-26,250.0,0,0
Desert Eagle | Printstream (Field-Tested),2026-01-27,248.4,0,0
Desert Eagle | Printstream (Field-Tested),2026-01-28,249.38,0,0
Desert Eagle | Printstream (Field-Tested),2026-01-29,249.5,0,0
Desert Eagle | Printstream (Field-Tested),2026-01-30,251.0,0,0
Desert Eagle | Printstream (Field-Tested),2026-01-31,248.5,0,0
Desert Eagle | Printstream (Field-Tested),2026-02-01,252.0,0,0
Desert Eagle | Printstream (Field-Tested),2026-02-02,252.0,0,0
Desert Eagle | Printstream (Field-Tested),2026-02-03,253.9,0,0
Desert Eagle | Printstream (Field-Tested),2026-02-04,250.5,0,0
Desert Eagle | Printstream (Field-Tested),2026-02-05,249.0,0,0
Desert Eagle | Printstream (Field-Tested),2026-02-06,249.5,0,0
Desert Eagle | Printstream (Field-Tested),2026-02-07,248.95,0,0
Desert Eagle | Printstream (Field-Tested),2026-02-08,249.0,0,0
Desert Eagle | Printstream (Field-Tested),2026-02-09,253.5,0,0
Desert Eagle | Printstream (Field-Tested),2026-02-10,253.49,0,0
Desert Eagle | Printstream (Field-Tested),2026-02-11,253.0,0,0
Desert Eagle | Printstream (Field-Tested),2026-02-12,252.0,0,0
Desert Eagle | Printstream (Field-Tested),2026-02-13,256.0,0,0
Desert Eagle | Printstream (Field-Tested),2026-02-14,258.88,0,0
Desert Eagle | Printstream (Field-Tested),2026-02-15,259.0,0,0
Desert Eagle | Printstream (Field-Tested),2026-02-16,262.46,0,0
Desert Eagle | Printstream (Field-Tested),2026-02-17,264.3,0,0
Desert Eagle | Printstream (Field-Tested),2026-02-18,264.5,0,0
Desert Eagle | Printstream (Field-Tested),2026-02-19,262.98,0,0
Desert Eagle | Printstream (Field-Tested),2026-02-20,268.8,0,0
Desert Eagle | Printstream (Field-Tested),2026-02-21,267.5,0,0
Desert Eagle | Printstream (Field-Tested),2026-02-22,267.0,0,0
Desert Eagle | Printstream (Field-Tested),2026-02-23,265.5,0,0
Desert Eagle | Printstream (Field-Tested),2026-02-24,267.0,0,0
Desert Eagle | Printstream (Field-Tested),2026-02-25,268.0,0,0
Desert Eagle | Printstream (Field-Tested),2026-02-26,270.87,0,0
Desert Eagle | Printstream (Field-Tested),2026-02-27,270.5,0,0
Desert Eagle | Printstream (Field-Tested),2026-02-28,273.3,0,0
Desert Eagle | Printstream (Field-Tested),2026-03-01,274.0,0,0
Desert Eagle | Printstream (Field-Tested),2026-03-02,255.0,0,0
Desert Eagle | Printstream (Field-Tested),2026-03-03,276.0,0,0
Desert Eagle | Printstream (Field-Tested),2026-03-04,279.59,0,0
Desert Eagle | Printstream (Field-Tested),2026-03-05,278.0,0,0
Desert Eagle | Printstream (Field-Tested),2026-03-06,279.0,0,0
Desert Eagle | Printstream (Field-Tested),2026-03-07,280.0,0,0
Desert Eagle | Printstream (Field-Tested),2026-03-08,278.0,0,0
Desert Eagle | Printstream (Field-Tested),2026-03-09,277.4,0,0
Desert Eagle | Printstream (Field-Tested),2026-03-10,273.0,0,0
Desert Eagle | Printstream (Field-Tested),2026-03-11,274.9,0,0
Desert Eagle | Printstream (Field-Tested),2026-03-12,268.0,0,0
Desert Eagle | Printstream (Field-Tested),2026-03-13,268.49,0,0
Desert Eagle | Printstream (Field-Tested),2026-03-14,265.0,0,0
Desert Eagle | Printstream (Field-Tested),2026-03-15,270.0,0,0
Desert Eagle | Printstream (Field-Tested),2026-03-16,272.0,0,0
Desert Eagle | Printstream (Field-Tested),2026-03-17,271.07,0,0
Desert Eagle | Printstream (Field-Tested),2026-03-18,269.0,0,0
Desert Eagle | Printstream (Field-Tested),2026-03-19,263.0,0,0
Desert Eagle | Printstream (Field-Tested),2026-03-20,266.08,0,0
Desert Eagle | Printstream (Field-Tested),2026-03-21,263.9,0,0
Desert Eagle | Printstream (Field-Tested),2026-03-22,265.0,0,0
Desert Eagle | Printstream (Field-Tested),2026-03-23,262.5,0,0
Desert Eagle | Printstream (Field-Tested),2026-03-24,266.0,0,0
Desert Eagle | Printstream (Field-Tested),2026-03-25,265.6,0,0
Desert Eagle | Printstream (Field-Tested),2026-03-26,263.0,0,0
Desert Eagle | Printstream (Field-Tested),2026-03-27,267.0,0,0
Desert Eagle | Printstream (Field-Tested),2026-03-28,265.5,0,0
Desert Eagle | Printstream (Field-Tested),2026-03-29,265.0,0,0
Desert Eagle | Printstream (Field-Tested),2026-03-30,264.3,0,0
Desert Eagle | Printstream (Field-Tested),2026-03-31,265.57,0,0
Desert Eagle | Printstream (Field-Tested),2026-04-01,264.5,0,0
Desert Eagle | Printstream (Field-Tested),2026-04-02,266.3,0,0
Desert Eagle | Printstream (Field-Tested),2026-04-03,265.0,0,0
Desert Eagle | Printstream (Field-Tested),2026-04-04,264.0,0,0
Desert Eagle | Printstream (Field-Tested),2026-04-05,260.0,0,0
Desert Eagle | Printstream (Field-Tested),2026-04-06,261.0,0,0
Desert Eagle | Printstream (Field-Tested),2026-04-07,263.5,0,0
Desert Eagle | Printstream (Field-Tested),2026-04-08,261.4,0,0
Desert Eagle | Printstream (Field-Tested),2026-04-09,263.0,0,0
Desert Eagle | Printstream (Field-Tested),2026-04-10,263.0,0,0
Desert Eagle | Printstream (Field-Tested),2026-04-11,264.0,0,0
Desert Eagle | Printstream (Field-Tested),2026-04-12,260.99,0,0
Desert Eagle | Printstream (Field-Tested),2026-04-13,263.4,0,0
Desert Eagle | Printstream (Field-Tested),2026-04-14,263.47,0,0
Desert Eagle | Printstream (Field-Tested),2026-04-15,259.95,0,0
Desert Eagle | Printstream (Field-Tested),2026-04-16,259.09,0,0
Desert Eagle | Printstream (Field-Tested),2026-04-17,254.5,0,0
Desert Eagle | Printstream (Field-Tested),2026-04-18,255.0,0,0
Desert Eagle | Printstream (Field-Tested),2026-04-19,259.49,0,0
Desert Eagle | Printstream (Field-Tested),2026-04-20,257.9,0,0
Desert Eagle | Printstream (Field-Tested),2026-04-21,256.0,0,0
Desert Eagle | Printstream (Field-Tested),2026-04-22,255.0,0,0
Desert Eagle | Printstream (Field-Tested),2026-04-23,241.5,0,0
Desert Eagle | Printstream (Field-Tested),2026-04-24,243.5,0,0
Desert Eagle | Printstream (Field-Tested),2026-04-25,252.48,0,0
Desert Eagle | Printstream (Field-Tested),2026-04-26,253.0,0,0
Desert Eagle | Printstream (Field-Tested),2026-04-27,248.0,0,0
Desert Eagle | Printstream (Field-Tested),2026-04-28,248.35,0,0
Desert Eagle | Printstream (Field-Tested),2026-04-29,249.8,0,0
Desert Eagle | Printstream (Field-Tested),2026-04-30,248.95,0,0
Desert Eagle | Printstream (Field-Tested),2026-05-01,249.0,0,0
Desert Eagle | Printstream (Field-Tested),2026-05-02,250.0,0,0
Desert Eagle | Printstream (Field-Tested),2026-05-03,248.0,0,0
Desert Eagle | Printstream (Field-Tested),2026-05-04,248.99,0,0
Desert Eagle | Printstream (Field-Tested),2026-05-05,247.5,0,0
Desert Eagle | Printstream (Field-Tested),2026-05-06,248.0,0,0
Desert Eagle | Printstream (Field-Tested),2026-05-07,245.0,0,0
Desert Eagle | Printstream (Field-Tested),2026-05-08,245.0,0,0
Desert Eagle | Printstream (Field-Tested),2026-05-09,241.5,0,0
Desert Eagle | Printstream (Field-Tested),2026-05-10,239.0,0,0
Desert Eagle | Printstream (Field-Tested),2026-05-11,224.5,0,0
Desert Eagle | Printstream (Field-Tested),2026-05-12,230.0,0,0
Desert Eagle | Printstream (Field-Tested),2026-05-13,234.2,0,0
Desert Eagle | Printstream (Field-Tested),2026-05-14,229.5,0,0
Desert Eagle | Printstream (Field-Tested),2026-05-15,231.9,0,0
Desert Eagle | Printstream (Field-Tested),2026-05-16,233.88,0,0
Desert Eagle | Printstream (Field-Tested),2026-05-17,237.0,0,0
Desert Eagle | Printstream (Field-Tested),2026-05-18,237.25,0,0
Desert Eagle | Printstream (Field-Tested),2026-05-19,235.5,0,0
Desert Eagle | Printstream (Field-Tested),2026-05-20,242.39,0,0
Desert Eagle | Printstream (Field-Tested),2026-05-21,237.49,0,0
Desert Eagle | Printstream (Field-Tested),2026-05-22,232.5,0,0
Desert Eagle | Printstream (Field-Tested),2026-05-23,233.0,0,0
Desert Eagle | Printstream (Field-Tested),2026-05-24,234.48,0,0
Desert Eagle | Printstream (Field-Tested),2026-05-25,225.5,0,0
Desert Eagle | Printstream (Field-Tested),2026-05-26,216.51,0,0
Desert Eagle | Printstream (Field-Tested),2026-05-27,221.5,0,0
Desert Eagle | Printstream (Field-Tested),2026-05-28,230.0,0,0
Desert Eagle | Printstream (Field-Tested),2026-05-29,233.97,0,0
Desert Eagle | Printstream (Field-Tested),2026-05-30,235.99,0,0
Desert Eagle | Printstream (Field-Tested),2026-05-31,236.5,0,0
Desert Eagle | Printstream (Field-Tested),2026-06-01,237.4,0,0
Desert Eagle | Printstream (Field-Tested),2026-06-02,238.0,0,0
Desert Eagle | Printstream (Field-Tested),2026-06-03,242.5,0,0
Desert Eagle | Printstream (Field-Tested),2026-06-04,239.5,0,0
Desert Eagle | Printstream (Field-Tested),2026-06-05,240.0,0,0
Desert Eagle | Printstream (Field-Tested),2026-06-06,240.95,0,0
Desert Eagle | Printstream (Field-Tested),2026-06-07,243.1,0,0
Desert Eagle | Printstream (Field-Tested),2026-06-08,243.4,0,0
Desert Eagle | Printstream (Field-Tested),2026-06-09,244.36,0,0
Desert Eagle | Printstream (Field-Tested),2026-06-10,247.03,0,0
Desert Eagle | Printstream (Field-Tested),2026-06-11,244.6,0,0
Desert Eagle | Printstream (Field-Tested),2026-06-12,244.6,0,0
Desert Eagle | Printstream (Field-Tested),2026-06-13,249.88,0,0
Desert Eagle | Printstream (Field-Tested),2026-06-14,249.25,0,0
Desert Eagle | Printstream (Field-Tested),2026-06-15,251.0,0,0
Desert Eagle | Printstream (Field-Tested),2026-06-16,250.27,0,0
Desert Eagle | Printstream (Field-Tested),2026-06-17,247.5,0,0
Desert Eagle | Printstream (Field-Tested),2026-06-18,248.99,0,0
Desert Eagle | Printstream (Field-Tested),2026-06-19,249.5,0,0
Desert Eagle | Printstream (Field-Tested),2026-06-20,249.99,0,0
Desert Eagle | Printstream (Field-Tested),2026-06-21,250.0,0,0
Desert Eagle | Printstream (Field-Tested),2026-06-22,252.67,0,0
Desert Eagle | Printstream (Field-Tested),2026-06-23,253.74,0,0
Desert Eagle | Printstream (Field-Tested),2026-06-24,257.86,0,0
Desert Eagle | Printstream (Field-Tested),2026-06-25,257.0,0,0
Desert Eagle | Printstream (Field-Tested),2026-06-26,259.98,0,0
Desert Eagle | Printstream (Field-Tested),2026-06-27,263.3,0,0
Desert Eagle | Printstream (Field-Tested),2026-06-28,260.89,0,0
Desert Eagle | Printstream (Field-Tested),2026-06-29,259.5,0,0
Desert Eagle | Printstream (Field-Tested),2026-06-30,254.47,0,0
Desert Eagle | Printstream (Field-Tested),2026-07-01,256.45,0,0
Desert Eagle | Printstream (Field-Tested),2026-07-02,256.2,0,0
Desert Eagle | Printstream (Field-Tested),2026-07-03,257.09,0,0
Desert Eagle | Printstream (Field-Tested),2026-07-04,259.6,0,0
Desert Eagle | Printstream (Field-Tested),2026-07-05,254.0,0,0
Desert Eagle | Printstream (Field-Tested),2026-07-06,256.45,0,0
Desert Eagle | Printstream (Field-Tested),2026-07-07,256.3,0,0
Desert Eagle | Printstream (Field-Tested),2026-07-08,250.55,0,0
Desert Eagle | Printstream (Field-Tested),2026-07-09,250.0,0,0
Desert Eagle | Printstream (Field-Tested),2026-07-10,254.88,0,0
Desert Eagle | Printstream (Field-Tested),2026-07-11,256.99,0,0
Desert Eagle | Printstream (Field-Tested),2026-07-12,251.0,0,0
Desert Eagle | Printstream (Field-Tested),2026-07-13,252.0,0,0
Desert Eagle | Printstream (Field-Tested),2026-07-14,256.0,0,0
Desert Eagle | Printstream (Field-Tested),2026-07-15,255.0,0,0
Desert Eagle | Printstream (Field-Tested),2026-07-16,256.29,0,0
Desert Eagle | Printstream (Field-Tested),2026-07-17,254.95,0,0
Desert Eagle | Printstream (Field-Tested),2026-07-18,249.0,0,0
Desert Eagle | Printstream (Field-Tested),2026-07-19,253.07,0,0
Desert Eagle | Printstream (Field-Tested),2026-07-20,251.5,0,0
Desert Eagle | Printstream (Field-Tested),2026-07-21,251.6,0,0
Desert Eagle | Printstream (Field-Tested),2026-07-22,252.44,0,0
Desert Eagle | Printstream (Field-Tested),2026-07-23,251.73,0,0
Desert Eagle | Printstream (Field-Tested),2026-07-24,251.01,0,0
Desert Eagle | Printstream (Field-Tested),2026-07-25,250.3,0,0
Desert Eagle | Printstream (Field-Tested),2026-07-26,250.5,0,0
Desert Eagle | Printstream (Field-Tested),2026-07-27,245.0,0,0
Desert Eagle | Printstream (Field-Tested),2026-07-28,249.0,0,0
Desert Eagle | Printstream (Field-Tested),2026-07-29,244.49,0,0
Desert Eagle | Printstream (Field-Tested),2026-07-30,241.65,0,0
Desert Eagle | Printstream (Field-Tested),2026-07-31,240.0,0,0
Desert Eagle | Printstream (Field-Tested),2026-08-01,240.4,0,0
Desert Eagle | Printstream (Field-Tested),2026-08-02,238.5,0,0
Desert Eagle | Printstream (Field-Tested),2026-08-03,229.0,0,0
Desert Eagle | Printstream (Field-Tested),2026-08-04,234.0,0,0
Desert Eagle | Printstream (Field-Tested),2026-08-05,233.0,0,0
Desert Eagle | Printstream (Field-Tested),2026-08-06,234.88,0,0
Desert Eagle | Printstream (Field-Tested),2026-08-07,236.4,0,0
Desert Eagle | Printstream (Field-Tested),2026-08-08,233.39,0,0
Desert Eagle | Printstream (Field-Tested),2026-08-09,235.0,0,0
Desert Eagle | Printstream (Field-Tested),2026-08-10,235.38,0,0
Desert Eagle | Printstream (Field-Tested),2026-08-11,234.0,0,0
Desert Eagle | Printstream (Field-Tested),2026-08-12,232.7,0,0
Desert Eagle | Printstream (Field-Tested),2026-08-13,229.0,0,0
Desert Eagle | Printstream (Field-Tested),2026-08-14,230.4,0,0
Desert Eagle | Printstream (Field-Tested),2026-08-15,232.0,0,0
Desert Eagle | Printstream (Field-Tested),2026-08-16,231.44,0,0
Desert Eagle | Printstream (Field-Tested),2026-08-17,227.38,0,0
Desert Eagle | Printstream (Field-Tested),2026-08-18,229.4,0,0
Desert Eagle | Printstream (Field-Tested),2026-08-19,229.25,0,0
Desert Eagle | Printstream (Field-Tested),2026-08-20,226.3,0,0
Desert Eagle | Printstream (Field-Tested),2026-08-21,225.27,0,0
Desert Eagle | Printstream (Field-Tested),2026-08-22,227.5,0,0
Desert Eagle | Printstream (Field-Tested),2026-08-23,230.79,0,0
Desert Eagle | Printstream (Field-Tested),2026-08-24,230.0,0,0
Desert Eagle | Printstream (Field-Tested),2026-08-25,230.79,0,0
Desert Eagle | Printstream (Field-Tested),2026-08-26,230.79,0,0
Desert Eagle | Printstream (Field-Tested),2026-08-27,230.79,0,0
Desert Eagle | Printstream (Field-Tested),2026-08-28,230.79,0,0
Desert Eagle | Printstream (Field-Tested),2026-08-29,230.79,0,0
Desert Eagle | Printstream (Field-Tested),2026-08-30,230.79,0,0
Desert Eagle | Printstream (Field-Tested),2026-08-31,230.79,0,0
Desert Eagle | Printstream (Field-Tested),2026-09-01,230.79,0,0
Desert Eagle | Printstream (Field-Tested),2026-09-02,229.03,0,0
Desert Eagle | Printstream (Field-Tested),2026-09-03,230.2,0,0
Desert Eagle | Printstream (Field-Tested),2026-09-04,228.3,0,0
Desert Eagle | Printstream (Field-Tested),2026-09-05,230.79,0,0
Desert Eagle | Printstream (Field-Tested),2026-09-06,228.9,0,0
Desert Eagle | Printstream (Field-Tested),2026-09-07,229.88,0,0
Desert Eagle | Printstream (Field-Tested),2026-09-08,229.0,0,0
Desert Eagle | Printstream (Field-Tested),2026-09-09,225.49,0,0
Desert Eagle | Printstream (Field-Tested),2026-09-10,228.0,0,0
Desert Eagle | Printstream (Field-Tested),2026-09-11,226.64,0,0
Desert Eagle | Printstream (Field-Tested),2026-09-12,227.0,0,0
Desert Eagle | Printstream (Field-Tested),2026-09-13,224.49,0,0
Desert Eagle | Printstream (Field-Tested),2026-09-14,222.8,0,0
Desert Eagle | Printstream (Field-Tested),2026-09-15,222.61,0,0
Desert Eagle | Printstream (Field-Tested),2026-09-16,222.9,0,0
Desert Eagle | Printstream (Field-Tested),2026-09-17,220.0,0,0
Desert Eagle | Printstream (Field-Tested),2026-09-18,221.7,0,0
Desert Eagle | Printstream (Field-Tested),2026-09-19,220.5,0,0
Desert Eagle | Printstream (Field-Tested),2026-09-20,224.0,0,2737
Glock-18 | Fade (Factory New),2025-09-21,14999.99,0,0
Glock-18 | Fade (Factory New),2025-09-22,14600.0,0,0
Glock-18 | Fade (Factory New),2025-09-23,14550.0,0,0
Glock-18 | Fade (Factory New),2025-09-24,14800.0,0,0
Glock-18 | Fade (Factory New),2025-09-25,14800.0,0,0
Glock-18 | Fade (Factory New),2025-09-26,14785.0,0,0
Glock-18 | Fade (Factory New),2025-09-27,15169.5,0,0
Glock-18 | Fade (Factory New),2025-09-28,15000.0,0,0
Glock-18 | Fade (Factory New),2025-09-29,14847.5,0,0
Glock-18 | Fade (Factory New),2025-09-30,14691.5,0,0
Glock-18 | Fade (Factory New),2025-10-01,14700.0,0,0
Glock-18 | Fade (Factory New),2025-10-02,14593.5,0,0
Glock-18 | Fade (Factory New),2025-10-03,14790.0,0,0
Glock-18 | Fade (Factory New),2025-10-04,15050.0,0,0
Glock-18 | Fade (Factory New),2025-10-05,15238.0,0,0
Glock-18 | Fade (Factory New),2025-10-06,15999.0,0,0
Glock-18 | Fade (Factory New),2025-10-07,18440.0,0,0
Glock-18 | Fade (Factory New),2025-10-08,20888.0,0,0
Glock-18 | Fade (Factory New),2025-10-09,21900.0,0,0
Glock-18 | Fade (Factory New),2025-10-10,20598.5,0,0
Glock-18 | Fade (Factory New),2025-10-11,19997.5,0,0
Glock-18 | Fade (Factory New),2025-10-12,19266.0,0,0
Glock-18 | Fade (Factory New),2025-10-13,19400.0,0,0
Glock-18 | Fade (Factory New),2025-10-14,19350.0,0,0
Glock-18 | Fade (Factory New),2025-10-15,17487.5,0,0
Glock-18 | Fade (Factory New),2025-10-16,18300.0,0,0
Glock-18 | Fade (Factory New),2025-10-17,18300.0,0,0
Glock-18 | Fade (Factory New),2025-10-18,17998.0,0,0
Glock-18 | Fade (Factory New),2025-10-19,17000.0,0,0
Glock-18 | Fade (Factory New),2025-10-20,16998.0,0,0
Glock-18 | Fade (Factory New),2025-10-21,16865.5,0,0
Glock-18 | Fade (Factory New),2025-10-22,19999.0,0,0
Glock-18 | Fade (Factory New),2025-10-23,16399.5,0,0
Glock-18 | Fade (Factory New),2025-10-24,9000.0,0,0
Glock-18 | Fade (Factory New),2025-10-25,11800.0,0,0
Glock-18 | Fade (Factory New),2025-10-26,14600.0,0,0
Glock-18 | Fade (Factory New),2025-10-27,15987.5,0,0
Glock-18 | Fade (Factory New),2025-10-28,14967.75,0,0
Glock-18 | Fade (Factory New),2025-10-29,13948.0,0,0
Glock-18 | Fade (Factory New),2025-10-30,16435.15,0,0
Glock-18 | Fade (Factory New),2025-10-31,16490.0,0,0
Glock-18 | Fade (Factory New),2025-11-01,18486.99,0,0
Glock-18 | Fade (Factory New),2025-11-02,18148.3,0,0
Glock-18 | Fade (Factory New),2025-11-03,16954.74,0,0
Glock-18 | Fade (Factory New),2025-11-04,17500.0,0,0
Glock-18 | Fade (Factory New),2025-11-05,18027.5,0,0
Glock-18 | Fade (Factory New),2025-11-06,17555.0,0,0
Glock-18 | Fade (Factory New),2025-11-07,17398.0,0,0
Glock-18 | Fade (Factory New),2025-11-08,17000.0,0,0
Glock-18 | Fade (Factory New),2025-11-09,16500.0,0,0
Glock-18 | Fade (Factory New),2025-11-10,16400.0,0,0
Glock-18 | Fade (Factory New),2025-11-11,16099.5,0,0
Glock-18 | Fade (Factory New),2025-11-12,15998.5,0,0
Glock-18 | Fade (Factory New),2025-11-13,15980.0,0,0
Glock-18 | Fade (Factory New),2025-11-14,15349.5,0,0
Glock-18 | Fade (Factory New),2025-11-15,15280.0,0,0
Glock-18 | Fade (Factory New),2025-11-16,15750.0,0,0
Glock-18 | Fade (Factory New),2025-11-17,15880.0,0,0
Glock-18 | Fade (Factory New),2025-11-18,15698.5,0,0
Glock-18 | Fade (Factory New),2025-11-19,15199.5,0,0
Glock-18 | Fade (Factory New),2025-11-20,14880.0,0,0
Glock-18 | Fade (Factory New),2025-11-21,14687.5,0,0
Glock-18 | Fade (Factory New),2025-11-22,14685.0,0,0
Glock-18 | Fade (Factory New),2025-11-23,15888.0,0,0
Glock-18 | Fade (Factory New),2025-11-24,16777.0,0,0
Glock-18 | Fade (Factory New),2025-11-25,16399.5,0,0
Glock-18 | Fade (Factory New),2025-11-26,15989.0,0,0
Glock-18 | Fade (Factory New),2025-11-27,15943.0,0,0
Glock-18 | Fade (Factory New),2025-11-28,16189.5,0,0
Glock-18 | Fade (Factory New),2025-11-29,16349.44,0,0
Glock-18 | Fade (Factory New),2025-11-30,16099.0,0,0
Glock-18 | Fade (Factory New),2025-12-01,16300.0,0,0
Glock-18 | Fade (Factory New),2025-12-02,17666.0,0,0
Glock-18 | Fade (Factory New),2025-12-03,17600.0,0,0
Glock-18 | Fade (Factory New),2025-12-04,17200.0,0,0
Glock-18 | Fade (Factory New),2025-12-05,17200.0,0,0
Glock-18 | Fade (Factory New),2025-12-06,16579.5,0,0
Glock-18 | Fade (Factory New),2025-12-07,17144.4,0,0
Glock-18 | Fade (Factory New),2025-12-08,16800.0,0,0
Glock-18 | Fade (Factory New),2025-12-09,16699.5,0,0
Glock-18 | Fade (Factory New),2025-12-10,16834.5,0,0
Glock-18 | Fade (Factory New),2025-12-11,16700.0,0,0
Glock-18 | Fade (Factory New),2025-12-12,16699.5,0,0
Glock-18 | Fade (Factory New),2025-12-13,16600.0,0,0
Glock-18 | Fade (Factory New),2025-12-14,16000.0,0,0
Glock-18 | Fade (Factory New),2025-12-15,15989.5,0,0
Glock-18 | Fade (Factory New),2025-12-16,15700.0,0,0
Glock-18 | Fade (Factory New),2025-12-17,16199.5,0,0
Glock-18 | Fade (Factory New),2025-12-18,15948.5,0,0
Glock-18 | Fade (Factory New),2025-12-19,15590.0,0,0
Glock-18 | Fade (Factory New),2025-12-20,15555.0,0,0
Glock-18 | Fade (Factory New),2025-12-21,14899.5,0,0
Glock-18 | Fade (Factory New),2025-12-22,15199.0,0,0
Glock-18 | Fade (Factory New),2025-12-23,14900.0,0,0
Glock-18 | Fade (Factory New),2025-12-24,14650.0,0,0
Glock-18 | Fade (Factory New),2025-12-25,14948.5,0,0
Glock-18 | Fade (Factory New),2025-12-26,14399.0,0,0
Glock-18 | Fade (Factory New),2025-12-27,14486.98,0,0
Glock-18 | Fade (Factory New),2025-12-28,14349.48,0,0
Glock-18 | Fade (Factory New),2025-12-29,14300.0,0,0
Glock-18 | Fade (Factory New),2025-12-30,14350.0,0,0
Glock-18 | Fade (Factory New),2025-12-31,14350.0,0,0
Glock-18 | Fade (Factory New),2026-01-01,14498.0,0,0
Glock-18 | Fade (Factory New),2026-01-02,14456.99,0,0
Glock-18 | Fade (Factory New),2026-01-03,14463.0,0,0
Glock-18 | Fade (Factory New),2026-01-04,14600.0,0,0
Glock-18 | Fade (Factory New),2026-01-05,14400.0,0,0
Glock-18 | Fade (Factory New),2026-01-06,14300.0,0,0
Glock-18 | Fade (Factory New),2026-01-07,14489.5,0,0
Glock-18 | Fade (Factory New),2026-01-08,14399.0,0,0
Glock-18 | Fade (Factory New),2026-01-09,14000.0,0,0
Glock-18 | Fade (Factory New),2026-01-10,14100.0,0,0
Glock-18 | Fade (Factory New),2026-01-11,13998.5,0,0
Glock-18 | Fade (Factory New),2026-01-12,13500.0,0,0
Glock-18 | Fade (Factory New),2026-01-13,13699.49,0,0
Glock-18 | Fade (Factory New),2026-01-14,13686.0,0,0
Glock-18 | Fade (Factory New),2026-01-15,14865.0,0,0
Glock-18 | Fade (Factory New),2026-01-16,15088.0,0,0
Glock-18 | Fade (Factory New),2026-01-17,14989.5,0,0
Glock-18 | Fade (Factory New),2026-01-18,14424.5,0,0
Glock-18 | Fade (Factory New),2026-01-19,14199.48,0,0
Glock-18 | Fade (Factory New),2026-01-20,14200.0,0,0
Glock-18 | Fade (Factory New),2026-01-21,14220.0,0,0
Glock-18 | Fade (Factory New),2026-01-22,14400.0,0,0
Glock-18 | Fade (Factory New),2026-01-23,14000.0,0,0
Glock-18 | Fade (Factory New),2026-01-24,13888.0,0,0
Glock-18 | Fade (Factory New),2026-01-25,13888.0,0,0
Glock-18 | Fade (Factory New),2026-01-26,14200.0,0,0
Glock-18 | Fade (Factory New),2026-01-27,13999.99,0,0
Glock-18 | Fade (Factory New),2026-01-28,13751.0,0,0
Glock-18 | Fade (Factory New),2026-01-29,13949.5,0,0
Glock-18 | Fade (Factory New),2026-01-30,13887.0,0,0
Glock-18 | Fade (Factory New),2026-01-31,13947.0,0,0
Glock-18 | Fade (Factory New),2026-02-01,14199.5,0,0
Glock-18 | Fade (Factory New),2026-02-02,14000.0,0,0
Glock-18 | Fade (Factory New),2026-02-03,13950.0,0,0
Glock-18 | Fade (Factory New),2026-02-04,13797.5,0,0
Glock-18 | Fade (Factory New),2026-02-05,13693.0,0,0
Glock-18 | Fade (Factory New),2026-02-06,13589.5,0,0
Glock-18 | Fade (Factory New),2026-02-07,13875.0,0,0
Glock-18 | Fade (Factory New),2026-02-08,13949.0,0,0
Glock-18 | Fade (Factory New),2026-02-09,13898.5,0,0
Glock-18 | Fade (Factory New),2026-02-10,13699.5,0,0
Glock-18 | Fade (Factory New),2026-02-11,13874.0,0,0
Glock-18 | Fade (Factory New),2026-02-12,14695.0,0,0
Glock-18 | Fade (Factory New),2026-02-13,14587.5,0,0
Glock-18 | Fade (Factory New),2026-02-14,14466.0,0,0
Glock-18 | Fade (Factory New),2026-02-15,14466.0,0,0
Glock-18 | Fade (Factory New),2026-02-16,14695.0,0,0
Glock-18 | Fade (Factory New),2026-02-17,14688.88,0,0
Glock-18 | Fade (Factory New),2026-02-18,14666.0,0,0
Glock-18 | Fade (Factory New),2026-02-19,14000.0,0,0
Glock-18 | Fade (Factory New),2026-02-20,13998.5,0,0
Glock-18 | Fade (Factory New),2026-02-21,14000.0,0,0
Glock-18 | Fade (Factory New),2026-02-22,13887.3,0,0
Glock-18 | Fade (Factory New),2026-02-23,14149.99,0,0
Glock-18 | Fade (Factory New),2026-02-24,13979.5,0,0
Glock-18 | Fade (Factory New),2026-02-25,13977.0,0,0
Glock-18 | Fade (Factory New),2026-02-26,13968.5,0,0
Glock-18 | Fade (Factory New),2026-02-27,13952.0,0,0
Glock-18 | Fade (Factory New),2026-02-28,14442.0,0,0
Glock-18 | Fade (Factory New),2026-03-01,14888.0,0,0
Glock-18 | Fade (Factory New),2026-03-02,14699.0,0,0
Glock-18 | Fade (Factory New),2026-03-03,14847.5,0,0
Glock-18 | Fade (Factory New),2026-03-04,14997.5,0,0
Glock-18 | Fade (Factory New),2026-03-05,15399.5,0,0
Glock-18 | Fade (Factory New),2026-03-06,16888.0,0,0
Glock-18 | Fade (Factory New),2026-03-07,16500.0,0,0
Glock-18 | Fade (Factory New),2026-03-08,16550.0,0,0
Glock-18 | Fade (Factory New),2026-03-09,16395.0,0,0
Glock-18 | Fade (Factory New),2026-03-10,16399.0,0,0
Glock-18 | Fade (Factory New),2026-03-11,16288.5,0,0
Glock-18 | Fade (Factory New),2026-03-12,16190.0,0,0
Glock-18 | Fade (Factory New),2026-03-13,16380.0,0,0
Glock-18 | Fade (Factory New),2026-03-14,16299.5,0,0
Glock-18 | Fade (Factory New),2026-03-15,16380.0,0,0
Glock-18 | Fade (Factory New),2026-03-16,16399.5,0,0
Glock-18 | Fade (Factory New),2026-03-17,16088.0,0,0
Glock-18 | Fade (Factory New),2026-03-18,15780.0,0,0
Glock-18 | Fade (Factory New),2026-03-19,14998.0,0,0
Glock-18 | Fade (Factory New),2026-03-20,14990.0,0,0
Glock-18 | Fade (Factory New),2026-03-21,14999.0,0,0
Glock-18 | Fade (Factory New),2026-03-22,14299.5,0,0
Glock-18 | Fade (Factory New),2026-03-23,13999.0,0,0
Glock-18 | Fade (Factory New),2026-03-24,13988.0,0,0
Glock-18 | Fade (Factory New),2026-03-25,14390.0,0,0
Glock-18 | Fade (Factory New),2026-03-26,14040.0,0,0
Glock-18 | Fade (Factory New),2026-03-27,14000.0,0,0
Glock-18 | Fade (Factory New),2026-03-28,14000.0,0,0
Glock-18 | Fade (Factory New),2026-03-29,13949.5,0,0
Glock-18 | Fade (Factory New),2026-03-30,13799.5,0,0
Glock-18 | Fade (Factory New),2026-03-31,14000.0,0,0
Glock-18 | Fade (Factory New),2026-04-01,13695.8,0,0
Glock-18 | Fade (Factory New),2026-04-02,13882.9,0,0
Glock-18 | Fade (Factory New),2026-04-03,13500.0,0,0
Glock-18 | Fade (Factory New),2026-04-04,13449.9,0,0
Glock-18 | Fade (Factory New),2026-04-05,13449.9,0,0
Glock-18 | Fade (Factory New),2026-04-06,13328.7,0,0
Glock-18 | Fade (Factory New),2026-04-07,12998.5,0,0
Glock-18 | Fade (Factory New),2026-04-08,12737.3,0,0
Glock-18 | Fade (Factory New),2026-04-09,12732.5,0,0
Glock-18 | Fade (Factory New),2026-04-10,13287.0,0,0
Glock-18 | Fade (Factory New),2026-04-11,13374.99,0,0
Glock-18 | Fade (Factory New),2026-04-12,13088.0,0,0
Glock-18 | Fade (Factory New),2026-04-13,12999.0,0,0
Glock-18 | Fade (Factory New),2026-04-14,12980.6,0,0
Glock-18 | Fade (Factory New),2026-04-15,12899.0,0,0
Glock-18 | Fade (Factory New),2026-04-16,12682.5,0,0
Glock-18 | Fade (Factory New),2026-04-17,12549.9,0,0
Glock-18 | Fade (Factory New),2026-04-18,12499.0,0,0
Glock-18 | Fade (Factory New),2026-04-19,12798.5,0,0
Glock-18 | Fade (Factory New),2026-04-20,12599.0,0,0
Glock-18 | Fade (Factory New),2026-04-21,12479.5,0,0
Glock-18 | Fade (Factory New),2026-04-22,11799.5,0,0
Glock-18 | Fade (Factory New),2026-04-23,11587.99,0,0
Glock-18 | Fade (Factory New),2026-04-24,12880.0,0,0
Glock-18 | Fade (Factory New),2026-04-25,13750.0,0,0
Glock-18 | Fade (Factory New),2026-04-26,13467.5,0,0
Glock-18 | Fade (Factory New),2026-04-27,12949.5,0,0
Glock-18 | Fade (Factory New),2026-04-28,13767.0,0,0
Glock-18 | Fade (Factory New),2026-04-29,13573.5,0,0
Glock-18 | Fade (Factory New),2026-04-30,13920.0,0,0
Glock-18 | Fade (Factory New),2026-05-01,13799.0,0,0
Glock-18 | Fade (Factory New),2026-05-02,13588.0,0,0
Glock-18 | Fade (Factory New),2026-05-03,13400.0,0,0
Glock-18 | Fade (Factory New),2026-05-04,13400.0,0,0
Glock-18 | Fade (Factory New),2026-05-05,13194.5,0,0
Glock-18 | Fade (Factory New),2026-05-06,12770.0,0,0
Glock-18 | Fade (Factory New),2026-05-07,13138.5,0,0
Glock-18 | Fade (Factory New),2026-05-08,12800.0,0,0
Glock-18 | Fade (Factory New),2026-05-09,12784.5,0,0
Glock-18 | Fade (Factory New),2026-05-10,12554.5,0,0
Glock-18 | Fade (Factory New),2026-05-11,11300.0,0,0
Glock-18 | Fade (Factory New),2026-05-12,12300.0,0,0
Glock-18 | Fade (Factory New),2026-05-13,11998.4,0,0
Glock-18 | Fade (Factory New),2026-05-14,11500.0,0,0
Glock-18 | Fade (Factory New),2026-05-15,11900.0,0,0
Glock-18 | Fade (Factory New),2026-05-16,11950.0,0,0
Glock-18 | Fade (Factory New),2026-05-17,11896.0,0,0
Glock-18 | Fade (Factory New),2026-05-18,11895.0,0,0
Glock-18 | Fade (Factory New),2026-05-19,11948.9,0,0
Glock-18 | Fade (Factory New),2026-05-20,11799.5,0,0
Glock-18 | Fade (Factory New),2026-05-21,11797.5,0,0
Glock-18 | Fade (Factory New),2026-05-22,11500.0,0,0
Glock-18 | Fade (Factory New),2026-05-23,11597.91,0,0
Glock-18 | Fade (Factory New),2026-05-24,11350.0,0,0
Glock-18 | Fade (Factory New),2026-05-25,11094.91,0,0
Glock-18 | Fade (Factory New),2026-05-26,9900.0,0,0
Glock-18 | Fade (Factory New),2026-05-27,10400.0,0,0
Glock-18 | Fade (Factory New),2026-05-28,10666.0,0,0
Glock-18 | Fade (Factory New),2026-05-29,10990.0,0,0
Glock-18 | Fade (Factory New),2026-05-30,10700.0,0,0
Glock-18 | Fade (Factory New),2026-05-31,10595.0,0,0
Glock-18 | Fade (Factory New),2026-06-01,11100.0,0,0
Glock-18 | Fade (Factory New),2026-06-02,11850.0,0,0
Glock-18 | Fade (Factory New),2026-06-03,12950.0,0,0
Glock-18 | Fade (Factory New),2026-06-04,12700.0,0,0
Glock-18 | Fade (Factory New),2026-06-05,12698.0,0,0
Glock-18 | Fade (Factory New),2026-06-06,13194.5,0,0
Glock-18 | Fade (Factory New),2026-06-07,12599.3,0,0
Glock-18 | Fade (Factory New),2026-06-08,12549.5,0,0
Glock-18 | Fade (Factory New),2026-06-09,12399.5,0,0
Glock-18 | Fade (Factory New),2026-06-10,12000.0,0,0
Glock-18 | Fade (Factory New),2026-06-11,11882.0,0,0
Glock-18 | Fade (Factory New),2026-06-12,11610.25,0,0
Glock-18 | Fade (Factory New),2026-06-13,11338.5,0,0
Glock-18 | Fade (Factory New),2026-06-14,11298.0,0,0
Glock-18 | Fade (Factory New),2026-06-15,12849.5,0,0
Glock-18 | Fade (Factory New),2026-06-16,13100.0,0,0
Glock-18 | Fade (Factory New),2026-06-17,12999.5,0,0
Glock-18 | Fade (Factory New),2026-06-18,12800.0,0,0
Glock-18 | Fade (Factory New),2026-06-19,12000.0,0,0
Glock-18 | Fade (Factory New),2026-06-20,12198.99,0,0
Glock-18 | Fade (Factory New),2026-06-21,12197.49,0,0
Glock-18 | Fade (Factory New),2026-06-22,12387.0,0,0
Glock-18 | Fade (Factory New),2026-06-23,13000.0,0,0
Glock-18 | Fade (Factory New),2026-06-24,13440.0,0,0
Glock-18 | Fade (Factory New),2026-06-25,13440.0,0,0
Glock-18 | Fade (Factory New),2026-06-26,13445.0,0,0
Glock-18 | Fade (Factory New),2026-06-27,13399.0,0,0
Glock-18 | Fade (Factory New),2026-06-28,13384.5,0,0
Glock-18 | Fade (Factory New),2026-06-29,13100.0,0,0
Glock-18 | Fade (Factory New),2026-06-30,12880.0,0,0
Glock-18 | Fade (Factory New),2026-07-01,12880.0,0,0
Glock-18 | Fade (Factory New),2026-07-02,12498.5,0,0
Glock-18 | Fade (Factory New),2026-07-03,12400.0,0,0
Glock-18 | Fade (Factory New),2026-07-04,12150.0,0,0
Glock-18 | Fade (Factory New),2026-07-05,12444.44,0,0
Glock-18 | Fade (Factory New),2026-07-06,12200.0,0,0
Glock-18 | Fade (Factory New),2026-07-07,12400.0,0,0
Glock-18 | Fade (Factory New),2026-07-08,12300.0,0,0
Glock-18 | Fade (Factory New),2026-07-09,12750.0,0,0
Glock-18 | Fade (Factory New),2026-07-10,12466.0,0,0
Glock-18 | Fade (Factory New),2026-07-11,12700.0,0,0
Glock-18 | Fade (Factory New),2026-07-12,12299.5,0,0
Glock-18 | Fade (Factory New),2026-07-13,12200.0,0,0
Glock-18 | Fade (Factory New),2026-07-14,11900.0,0,0
Glock-18 | Fade (Factory New),2026-07-15,12299.5,0,0
Glock-18 | Fade (Factory New),2026-07-16,12574.5,0,0
Glock-18 | Fade (Factory New),2026-07-17,12497.77,0,0
Glock-18 | Fade (Factory New),2026-07-18,12479.5,0,0
Glock-18 | Fade (Factory New),2026-07-19,12379.5,0,0
Glock-18 | Fade (Factory New),2026-07-20,11888.28,0,0
Glock-18 | Fade (Factory New),2026-07-21,11827.5,0,0
Glock-18 | Fade (Factory New),2026-07-22,12099.5,0,0
Glock-18 | Fade (Factory New),2026-07-23,12162.33,0,0
Glock-18 | Fade (Factory New),2026-07-24,12225.17,0,0
Glock-18 | Fade (Factory New),2026-07-25,12288.0,0,0
Glock-18 | Fade (Factory New),2026-07-26,12000.0,0,0
Glock-18 | Fade (Factory New),2026-07-27,11999.0,0,0
Glock-18 | Fade (Factory New),2026-07-28,11898.5,0,0
Glock-18 | Fade (Factory New),2026-07-29,11888.0,0,0
Glock-18 | Fade (Factory New),2026-07-30,11850.0,0,0
Glock-18 | Fade (Factory New),2026-07-31,11848.0,0,0
Glock-18 | Fade (Factory New),2026-08-01,11799.5,0,0
Glock-18 | Fade (Factory New),2026-08-02,11388.0,0,0
Glock-18 | Fade (Factory New),2026-08-03,11387.0,0,0
Glock-18 | Fade (Factory New),2026-08-04,11387.5,0,0
Glock-18 | Fade (Factory New),2026-08-05,11384.5,0,0
Glock-18 | Fade (Factory New),2026-08-06,11384.0,0,0
Glock-18 | Fade (Factory New),2026-08-07,11299.5,0,0
Glock-18 | Fade (Factory New),2026-08-08,11287.5,0,0
Glock-18 | Fade (Factory New),2026-08-09,11272.38,0,0
Glock-18 | Fade (Factory New),2026-08-10,11236.29,0,0
Glock-18 | Fade (Factory New),2026-08-11,10984.99,0,0
Glock-18 | Fade (Factory New),2026-08-12,10953.45,0,0
Glock-18 | Fade (Factory New),2026-08-13,10879.46,0,0
Glock-18 | Fade (Factory New),2026-08-14,10795.0,0,0
Glock-18 | Fade (Factory New),2026-08-15,10784.0,0,0
Glock-18 | Fade (Factory New),2026-08-16,10781.99,0,0
Glock-18 | Fade (Factory New),2026-08-17,10488.0,0,0
Glock-18 | Fade (Factory New),2026-08-18,10299.0,0,0
Glock-18 | Fade (Factory New),2026-08-19,10099.99,0,0
Glock-18 | Fade (Factory New),2026-08-20,10297.99,0,0
Glock-18 | Fade (Factory New),2026-08-21,10159.0,0,0
Glock-18 | Fade (Factory New),2026-08-22,10386.99,0,0
Glock-18 | Fade (Factory New),2026-08-23,10403.41,0,0
Glock-18 | Fade (Factory New),2026-08-24,10527.38,0,0
Glock-18 | Fade (Factory New),2026-08-25,10525.0,0,0
Glock-18 | Fade (Factory New),2026-08-26,10356.27,0,0
Glock-18 | Fade (Factory New),2026-08-27,10478.0,0,0
Glock-18 | Fade (Factory New),2026-08-28,10427.0,0,0
Glock-18 | Fade (Factory New),2026-08-29,10299.0,0,0
Glock-18 | Fade (Factory New),2026-08-30,10343.92,0,0
Glock-18 | Fade (Factory New),2026-08-31,10389.5,0,0
Glock-18 | Fade (Factory New),2026-09-01,10300.0,0,0
Glock-18 | Fade (Factory New),2026-09-02,10399.0,0,0
Glock-18 | Fade (Factory New),2026-09-03,10399.0,0,0
Glock-18 | Fade (Factory New),2026-09-04,10449.9,0,0
Glock-18 | Fade (Factory New),2026-09-05,10399.9,0,0
Glock-18 | Fade (Factory New),2026-09-06,10387.5,0,0
Glock-18 | Fade (Factory New),2026-09-07,10298.0,0,0
Glock-18 | Fade (Factory New),2026-09-08,10250.0,0,0
Glock-18 | Fade (Factory New),2026-09-09,10239.0,0,0
Glock-18 | Fade (Factory New),2026-09-10,10250.0,0,0
Glock-18 | Fade (Factory New),2026-09-11,10239.5,0,0
Glock-18 | Fade (Factory New),2026-09-12,10200.0,0,0
Glock-18 | Fade (Factory New),2026-09-13,10100.0,0,0
Glock-18 | Fade (Factory New),2026-09-14,10147.0,0,0
Glock-18 | Fade (Factory New),2026-09-15,10145.0,0,0
Glock-18 | Fade (Factory New),2026-09-16,10097.5,0,0
Glock-18 | Fade (Factory New),2026-09-17,10050.0,0,0
Glock-18 | Fade (Factory New),2026-09-18,9949.0,0,0
Glock-18 | Fade (Factory New),2026-09-19,9799.5,0,0
Glock-18 | Fade (Factory New),2026-09-20,9800.0,0,134
M4A1-S | Golden Coil (Field-Tested),2025-09-21,406.0,0,0
M4A1-S | Golden Coil (Field-Tested),2025-09-22,411.0,0,0
M4A1-S | Golden Coil (Field-Tested),2025-09-23,410.0,0,0
M4A1-S | Golden Coil (Field-Tested),2025-09-24,410.0,0,0
M4A1-S | Golden Coil (Field-Tested),2025-09-25,405.5,0,0
M4A1-S | Golden Coil (Field-Tested),2025-09-26,409.49,0,0
M4A1-S | Golden Coil (Field-Tested),2025-09-27,405.0,0,0
M4A1-S | Golden Coil (Field-Tested),2025-09-28,409.0,0,0
M4A1-S | Golden Coil (Field-Tested),2025-09-29,410.0,0,0
M4A1-S | Golden Coil (Field-Tested),2025-09-30,407.0,0,0
M4A1-S | Golden Coil (Field-Tested),2025-10-01,409.0,0,0
M4A1-S | Golden Coil (Field-Tested),2025-10-02,410.5,0,0
M4A1-S | Golden Coil (Field-Tested),2025-10-03,408.5,0,0
M4A1-S | Golden Coil (Field-Tested),2025-10-04,412.28,0,0
M4A1-S | Golden Coil (Field-Tested),2025-10-05,409.9,0,0
M4A1-S | Golden Coil (Field-Tested),2025-10-06,408.9,0,0
M4A1-S | Golden Coil (Field-Tested),2025-10-07,408.0,0,0
M4A1-S | Golden Coil (Field-Tested),2025-10-08,410.0,0,0
M4A1-S | Golden Coil (Field-Tested),2025-10-09,409.5,0,0
M4A1-S | Golden Coil (Field-Tested),2025-10-10,407.5,0,0
M4A1-S | Golden Coil (Field-Tested),2025-10-11,408.5,0,0
M4A1-S | Golden Coil (Field-Tested),2025-10-12,412.0,0,0
M4A1-S | Golden Coil (Field-Tested),2025-10-13,434.5,0,0
M4A1-S | Golden Coil (Field-Tested),2025-10-14,420.0,0,0
M4A1-S | Golden Coil (Field-Tested),2025-10-15,412.0,0,0
M4A1-S | Golden Coil (Field-Tested),2025-10-16,415.3,0,0
M4A1-S | Golden Coil (Field-Tested),2025-10-17,418.0,0,0
M4A1-S | Golden Coil (Field-Tested),2025-10-18,418.0,0,0
M4A1-S | Golden Coil (Field-Tested),2025-10-19,416.0,0,0
M4A1-S | Golden Coil (Field-Tested),2025-10-20,409.0,0,0
M4A1-S | Golden Coil (Field-Tested),2025-10-21,411.0,0,0
M4A1-S | Golden Coil (Field-Tested),2025-10-22,418.0,0,0
M4A1-S | Golden Coil (Field-Tested),2025-10-23,338.0,0,0
M4A1-S | Golden Coil (Field-Tested),2025-10-24,279.5,0,0
M4A1-S | Golden Coil (Field-Tested),2025-10-25,343.5,0,0
M4A1-S | Golden Coil (Field-Tested),2025-10-26,336.75,0,0
M4A1-S | Golden Coil (Field-Tested),2025-10-27,330.0,0,0
M4A1-S | Golden Coil (Field-Tested),2025-10-28,344.5,0,0
M4A1-S | Golden Coil (Field-Tested),2025-10-29,336.0,0,0
M4A1-S | Golden Coil (Field-Tested),2025-10-30,349.0,0,0
M4A1-S | Golden Coil (Field-Tested),2025-10-31,375.0,0,0
M4A1-S | Golden Coil (Field-Tested),2025-11-01,389.0,0,0
M4A1-S | Golden Coil (Field-Tested),2025-11-02,392.16,0,0
M4A1-S | Golden Coil (Field-Tested),2025-11-03,394.5,0,0
M4A1-S | Golden Coil (Field-Tested),2025-11-04,388.0,0,0
M4A1-S | Golden Coil (Field-Tested),2025-11-05,400.0,0,0
M4A1-S | Golden Coil (Field-Tested),2025-11-06,412.0,0,0
M4A1-S | Golden Coil (Field-Tested),2025-11-07,405.0,0,0
M4A1-S | Golden Coil (Field-Tested),2025-11-08,409.0,0,0
M4A1-S | Golden Coil (Field-Tested),2025-11-09,404.5,0,0
M4A1-S | Golden Coil (Field-Tested),2025-11-10,412.0,0,0
M4A1-S | Golden Coil (Field-Tested),2025-11-11,410.0,0,0
M4A1-S | Golden Coil (Field-Tested),2025-11-12,412.0,0,0
M4A1-S | Golden Coil (Field-Tested),2025-11-13,417.0,0,0
M4A1-S | Golden Coil (Field-Tested),2025-11-14,413.4,0,0
M4A1-S | Golden Coil (Field-Tested),2025-11-15,413.5,0,0
M4A1-S | Golden Coil (Field-Tested),2025-11-16,430.0,0,0
M4A1-S | Golden Coil (Field-Tested),2025-11-17,444.5,0,0
M4A1-S | Golden Coil (Field-Tested),2025-11-18,448.0,0,0
M4A1-S | Golden Coil (Field-Tested),2025-11-19,480.0,0,0
M4A1-S | Golden Coil (Field-Tested),2025-11-20,478.0,0,0
M4A1-S | Golden Coil (Field-Tested),2025-11-21,498.0,0,0
M4A1-S | Golden Coil (Field-Tested),2025-11-22,500.0,0,0
M4A1-S | Golden Coil (Field-Tested),2025-11-23,520.0,0,0
M4A1-S | Golden Coil (Field-Tested),2025-11-24,548.0,0,0
M4A1-S | Golden Coil (Field-Tested),2025-11-25,530.0,0,0
M4A1-S | Golden Coil (Field-Tested),2025-11-26,550.0,0,0
M4A1-S | Golden Coil (Field-Tested),2025-11-27,532.0,0,0
M4A1-S | Golden Coil (Field-Tested),2025-11-28,550.0,0,0
M4A1-S | Golden Coil (Field-Tested),2025-11-29,529.0,0,0
M4A1-S | Golden Coil (Field-Tested),2025-11-30,513.0,0,0
M4A1-S | Golden Coil (Field-Tested),2025-12-01,492.0,0,0
M4A1-S | Golden Coil (Field-Tested),2025-12-02,496.0,0,0
M4A1-S | Golden Coil (Field-Tested),2025-12-03,503.45,0,0
M4A1-S | Golden Coil (Field-Tested),2025-12-04,483.0,0,0
M4A1-S | Golden Coil (Field-Tested),2025-12-05,471.5,0,0
M4A1-S | Golden Coil (Field-Tested),2025-12-06,480.0,0,0
M4A1-S | Golden Coil (Field-Tested),2025-12-07,479.5,0,0
M4A1-S | Golden Coil (Field-Tested),2025-12-08,469.0,0,0
M4A1-S | Golden Coil (Field-Tested),2025-12-09,483.0,0,0
M4A1-S | Golden Coil (Field-Tested),2025-12-10,485.0,0,0
M4A1-S | Golden Coil (Field-Tested),2025-12-11,485.5,0,0
M4A1-S | Golden Coil (Field-Tested),2025-12-12,490.0,0,0
M4A1-S | Golden Coil (Field-Tested),2025-12-13,494.0,0,0
M4A1-S | Golden Coil (Field-Tested),2025-12-14,484.5,0,0
M4A1-S | Golden Coil (Field-Tested),2025-12-15,489.5,0,0
M4A1-S | Golden Coil (Field-Tested),2025-12-16,497.5,0,0
M4A1-S | Golden Coil (Field-Tested),2025-12-17,496.0,0,0
M4A1-S | Golden Coil (Field-Tested),2025-12-18,497.0,0,0
M4A1-S | Golden Coil (Field-Tested),2025-12-19,506.41,0,0
M4A1-S | Golden Coil (Field-Tested),2025-12-20,513.0,0,0
M4A1-S | Golden Coil (Field-Tested),2025-12-21,515.0,0,0
M4A1-S | Golden Coil (Field-Tested),2025-12-22,518.0,0,0
M4A1-S | Golden Coil (Field-Tested),2025-12-23,509.8,0,0
M4A1-S | Golden Coil (Field-Tested),2025-12-24,509.0,0,0
M4A1-S | Golden Coil (Field-Tested),2025-12-25,499.0,0,0
M4A1-S | Golden Coil (Field-Tested),2025-12-26,506.8,0,0
M4A1-S | Golden Coil (Field-Tested),2025-12-27,504.0,0,0
M4A1-S | Golden Coil (Field-Tested),2025-12-28,497.0,0,0
M4A1-S | Golden Coil (Field-Tested),2025-12-29,498.25,0,0
M4A1-S | Golden Coil (Field-Tested),2025-12-30,503.5,0,0
M4A1-S | Golden Coil (Field-Tested),2025-12-31,505.0,0,0
M4A1-S | Golden Coil (Field-Tested),2026-01-01,517.0,0,0
M4A1-S | Golden Coil (Field-Tested),2026-01-02,530.0,0,0
M4A1-S | Golden Coil (Field-Tested),2026-01-03,523.0,0,0
M4A1-S | Golden Coil (Field-Tested),2026-01-04,525.0,0,0
M4A1-S | Golden Coil (Field-Tested),2026-01-05,524.0,0,0
M4A1-S | Golden Coil (Field-Tested),2026-01-06,523.99,0,0
M4A1-S | Golden Coil (Field-Tested),2026-01-07,522.99,0,0
M4A1-S | Golden Coil (Field-Tested),2026-01-08,523.0,0,0
M4A1-S | Golden Coil (Field-Tested),2026-01-09,512.0,0,0
M4A1-S | Golden Coil (Field-Tested),2026-01-10,503.0,0,0
M4A1-S | Golden Coil (Field-Tested),2026-01-11,507.0,0,0
M4A1-S | Golden Coil (Field-Tested),2026-01-12,510.0,0,0
M4A1-S | Golden Coil (Field-Tested),2026-01-13,512.1,0,0
M4A1-S | Golden Coil (Field-Tested),2026-01-14,499.0,0,0
M4A1-S | Golden Coil (Field-Tested),2026-01-15,495.0,0,0
M4A1-S | Golden Coil (Field-Tested),2026-01-16,505.0,0,0
M4A1-S | Golden Coil (Field-Tested),2026-01-17,498.5,0,0
M4A1-S | Golden Coil (Field-Tested),2026-01-18,501.0,0,0
M4A1-S | Golden Coil (Field-Tested),2026-01-19,506.5,0,0
M4A1-S | Golden Coil (Field-Tested),2026-01-20,498.5,0,0
M4A1-S | Golden Coil (Field-Tested),2026-01-21,496.5,0,0
M4A1-S | Golden Coil (Field-Tested),2026-01-22,489.5,0,0
M4A1-S | Golden Coil (Field-Tested),2026-01-23,470.0,0,0
M4A1-S | Golden Coil (Field-Tested),2026-01-24,467.2,0,0
M4A1-S | Golden Coil (Field-Tested),2026-01-25,484.5,0,0
M4A1-S | Golden Coil (Field-Tested),2026-01-26,469.0,0,0
M4A1-S | Golden Coil (Field-Tested),2026-01-27,473.5,0,0
M4A1-S | Golden Coil (Field-Tested),2026-01-28,470.0,0,0
M4A1-S | Golden Coil (Field-Tested),2026-01-29,471.8,0,0
M4A1-S | Golden Coil (Field-Tested),2026-01-30,478.0,0,0
M4A1-S | Golden Coil (Field-Tested),2026-01-31,477.88,0,0
M4A1-S | Golden Coil (Field-Tested),2026-02-01,484.0,0,0
M4A1-S | Golden Coil (Field-Tested),2026-02-02,479.0,0,0
M4A1-S | Golden Coil (Field-Tested),2026-02-03,476.0,0,0
M4A1-S | Golden Coil (Field-Tested),2026-02-04,475.0,0,0
M4A1-S | Golden Coil (Field-Tested),2026-02-05,475.0,0,0
M4A1-S | Golden Coil (Field-Tested),2026-02-06,470.5,0,0
M4A1-S | Golden Coil (Field-Tested),2026-02-07,469.5,0,0
M4A1-S | Golden Coil (Field-Tested),2026-02-08,468.88,0,0
M4A1-S | Golden Coil (Field-Tested),2026-02-09,477.0,0,0
M4A1-S | Golden Coil (Field-Tested),2026-02-10,470.0,0,0
M4A1-S | Golden Coil (Field-Tested),2026-02-11,473.5,0,0
M4A1-S | Golden Coil (Field-Tested),2026-02-12,469.5,0,0
M4A1-S | Golden Coil (Field-Tested),2026-02-13,480.0,0,0
M4A1-S | Golden Coil (Field-Tested),2026-02-14,487.88,0,0
M4A1-S | Golden Coil (Field-Tested),2026-02-15,489.9,0,0
M4A1-S | Golden Coil (Field-Tested),2026-02-16,487.4,0,0
M4A1-S | Golden Coil (Field-Tested),2026-02-17,495.5,0,0
M4A1-S | Golden Coil (Field-Tested),2026-02-18,494.49,0,0
M4A1-S | Golden Coil (Field-Tested),2026-02-19,504.0,0,0
M4A1-S | Golden Coil (Field-Tested),2026-02-20,492.5,0,0
M4A1-S | Golden Coil (Field-Tested),2026-02-21,489.0,0,0
M4A1-S | Golden Coil (Field-Tested),2026-02-22,499.0,0,0
M4A1-S | Golden Coil (Field-Tested),2026-02-23,497.5,0,0
M4A1-S | Golden Coil (Field-Tested),2026-02-24,498.0,0,0
M4A1-S | Golden Coil (Field-Tested),2026-02-25,499.0,0,0
M4A1-S | Golden Coil (Field-Tested),2026-02-26,491.5,0,0
M4A1-S | Golden Coil (Field-Tested),2026-02-27,495.99,0,0
M4A1-S | Golden Coil (Field-Tested),2026-02-28,493.0,0,0
M4A1-S | Golden Coil (Field-Tested),2026-03-01,495.0,0,0
M4A1-S | Golden Coil (Field-Tested),2026-03-02,497.0,0,0
M4A1-S | Golden Coil (Field-Tested),2026-03-03,508.99,0,0
M4A1-S | Golden Coil (Field-Tested),2026-03-04,502.0,0,0
M4A1-S | Golden Coil (Field-Tested),2026-03-05,507.0,0,0
M4A1-S | Golden Coil (Field-Tested),2026-03-06,510.0,0,0
M4A1-S | Golden Coil (Field-Tested),2026-03-07,506.5,0,0
M4A1-S | Golden Coil (Field-Tested),2026-03-08,506.5,0,0
M4A1-S | Golden Coil (Field-Tested),2026-03-09,508.5,0,0
M4A1-S | Golden Coil (Field-Tested),2026-03-10,514.0,0,0
M4A1-S | Golden Coil (Field-Tested),2026-03-11,512.45,0,0
M4A1-S | Golden Coil (Field-Tested),2026-03-12,499.5,0,0
M4A1-S | Golden Coil (Field-Tested),2026-03-13,497.0,0,0
M4A1-S | Golden Coil (Field-Tested),2026-03-14,499.0,0,0
M4A1-S | Golden Coil (Field-Tested),2026-03-15,507.5,0,0
M4A1-S | Golden Coil (Field-Tested),2026-03-16,507.5,0,0
M4A1-S | Golden Coil (Field-Tested),2026-03-17,507.5,0,0
M4A1-S | Golden Coil (Field-Tested),2026-03-18,511.0,0,0
M4A1-S | Golden Coil (Field-Tested),2026-03-19,500.0,0,0
M4A1-S | Golden Coil (Field-Tested),2026-03-20,490.0,0,0
M4A1-S | Golden Coil (Field-Tested),2026-03-21,494.5,0,0
M4A1-S | Golden Coil (Field-Tested),2026-03-22,489.0,0,0
M4A1-S | Golden Coil (Field-Tested),2026-03-23,487.5,0,0
M4A1-S | Golden Coil (Field-Tested),2026-03-24,489.0,0,0
M4A1-S | Golden Coil (Field-Tested),2026-03-25,490.0,0,0
M4A1-S | Golden Coil (Field-Tested),2026-03-26,485.0,0,0
M4A1-S | Golden Coil (Field-Tested),2026-03-27,494.5,0,0
M4A1-S | Golden Coil (Field-Tested),2026-03-28,489.5,0,0
M4A1-S | Golden Coil (Field-Tested),2026-03-29,487.5,0,0
M4A1-S | Golden Coil (Field-Tested),2026-03-30,488.5,0,0
M4A1-S | Golden Coil (Field-Tested),2026-03-31,488.5,0,0
M4A1-S | Golden Coil (Field-Tested),2026-04-01,485.0,0,0
M4A1-S | Golden Coil (Field-Tested),2026-04-02,484.0,0,0
M4A1-S | Golden Coil (Field-Tested),2026-04-03,488.4,0,0
M4A1-S | Golden Coil (Field-Tested),2026-04-04,485.0,0,0
M4A1-S | Golden Coil (Field-Tested),2026-04-05,485.5,0,0
M4A1-S | Golden Coil (Field-Tested),2026-04-06,480.0,0,0
M4A1-S | Golden Coil (Field-Tested),2026-04-07,469.0,0,0
M4A1-S | Golden Coil (Field-Tested),2026-04-08,466.5,0,0
M4A1-S | Golden Coil (Field-Tested),2026-04-09,468.0,0,0
M4A1-S | Golden Coil (Field-Tested),2026-04-10,469.5,0,0
M4A1-S | Golden Coil (Field-Tested),2026-04-11,469.0,0,0
M4A1-S | Golden Coil (Field-Tested),2026-04-12,469.9,0,0
M4A1-S | Golden Coil (Field-Tested),2026-04-13,472.88,0,0
M4A1-S | Golden Coil (Field-Tested),2026-04-14,473.48,0,0
M4A1-S | Golden Coil (Field-Tested),2026-04-15,469.0,0,0
M4A1-S | Golden Coil (Field-Tested),2026-04-16,468.0,0,0
M4A1-S | Golden Coil (Field-Tested),2026-04-17,460.0,0,0
M4A1-S | Golden Coil (Field-Tested),2026-04-18,452.5,0,0
M4A1-S | Golden Coil (Field-Tested),2026-04-19,453.0,0,0
M4A1-S | Golden Coil (Field-Tested),2026-04-20,459.0,0,0
M4A1-S | Golden Coil (Field-Tested),2026-04-21,457.5,0,0
M4A1-S | Golden Coil (Field-Tested),2026-04-22,429.0,0,0
M4A1-S | Golden Coil (Field-Tested),2026-04-23,413.5,0,0
M4A1-S | Golden Coil (Field-Tested),2026-04-24,427.5,0,0
M4A1-S | Golden Coil (Field-Tested),2026-04-25,442.49,0,0
M4A1-S | Golden Coil (Field-Tested),2026-04-26,450.0,0,0
M4A1-S | Golden Coil (Field-Tested),2026-04-27,448.0,0,0
M4A1-S | Golden Coil (Field-Tested),2026-04-28,449.0,0,0
M4A1-S | Golden Coil (Field-Tested),2026-04-29,440.7,0,0
M4A1-S | Golden Coil (Field-Tested),2026-04-30,442.4,0,0
M4A1-S | Golden Coil (Field-Tested),2026-05-01,447.5,0,0
M4A1-S | Golden Coil (Field-Tested),2026-05-02,446.48,0,0
M4A1-S | Golden Coil (Field-Tested),2026-05-03,443.5,0,0
M4A1-S | Golden Coil (Field-Tested),2026-05-04,444.48,0,0
M4A1-S | Golden Coil (Field-Tested),2026-05-05,445.0,0,0
M4A1-S | Golden Coil (Field-Tested),2026-05-06,440.0,0,0
M4A1-S | Golden Coil (Field-Tested),2026-05-07,442.0,0,0
M4A1-S | Golden Coil (Field-Tested),2026-05-08,444.5,0,0
M4A1-S | Golden Coil (Field-Tested),2026-05-09,439.5,0,0
M4A1-S | Golden Coil (Field-Tested),2026-05-10,438.0,0,0
M4A1-S | Golden Coil (Field-Tested),2026-05-11,416.16,0,0
M4A1-S | Golden Coil (Field-Tested),2026-05-12,413.5,0,0
M4A1-S | Golden Coil (Field-Tested),2026-05-13,414.9,0,0
M4A1-S | Golden Coil (Field-Tested),2026-05-14,416.0,0,0
M4A1-S | Golden Coil (Field-Tested),2026-05-15,414.5,0,0
M4A1-S | Golden Coil (Field-Tested),2026-05-16,418.0,0,0
M4A1-S | Golden Coil (Field-Tested),2026-05-17,429.0,0,0
M4A1-S | Golden Coil (Field-Tested),2026-05-18,430.0,0,0
M4A1-S | Golden Coil (Field-Tested),2026-05-19,435.0,0,0
M4A1-S | Golden Coil (Field-Tested),2026-05-20,440.0,0,0
M4A1-S | Golden Coil (Field-Tested),2026-05-21,439.0,0,0
M4A1-S | Golden Coil (Field-Tested),2026-05-22,399.0,0,0
M4A1-S | Golden Coil (Field-Tested),2026-05-23,422.5,0,0
M4A1-S | Golden Coil (Field-Tested),2026-05-24,430.0,0,0
M4A1-S | Golden Coil (Field-Tested),2026-05-25,420.5,0,0
M4A1-S | Golden Coil (Field-Tested),2026-05-26,399.5,0,0
M4A1-S | Golden Coil (Field-Tested),2026-05-27,390.0,0,0
M4A1-S | Golden Coil (Field-Tested),2026-05-28,410.0,0,0
M4A1-S | Golden Coil (Field-Tested),2026-05-29,400.0,0,0
M4A1-S | Golden Coil (Field-Tested),2026-05-30,418.0,0,0
M4A1-S | Golden Coil (Field-Tested),2026-05-31,414.49,0,0
M4A1-S | Golden Coil (Field-Tested),2026-06-01,413.0,0,0
M4A1-S | Golden Coil (Field-Tested),2026-06-02,412.3,0,0
M4A1-S | Golden Coil (Field-Tested),2026-06-03,418.8,0,0
M4A1-S | Golden Coil (Field-Tested),2026-06-04,438.5,0,0
M4A1-S | Golden Coil (Field-Tested),2026-06-05,431.99,0,0
M4A1-S | Golden Coil (Field-Tested),2026-06-06,437.0,0,0
M4A1-S | Golden Coil (Field-Tested),2026-06-07,439.9,0,0
M4A1-S | Golden Coil (Field-Tested),2026-06-08,435.5,0,0
M4A1-S | Golden Coil (Field-Tested),2026-06-09,441.4,0,0
M4A1-S | Golden Coil (Field-Tested),2026-06-10,440.0,0,0
M4A1-S | Golden Coil (Field-Tested),2026-06-11,438.49,0,0
M4A1-S | Golden Coil (Field-Tested),2026-06-12,437.0,0,0
M4A1-S | Golden Coil (Field-Tested),2026-06-13,444.0,0,0
M4A1-S | Golden Coil (Field-Tested),2026-06-14,445.0,0,0
M4A1-S | Golden Coil (Field-Tested),2026-06-15,442.5,0,0
M4A1-S | Golden Coil (Field-Tested),2026-06-16,443.49,0,0
M4A1-S | Golden Coil (Field-Tested),2026-06-17,439.0,0,0
M4A1-S | Golden Coil (Field-Tested),2026-06-18,444.5,0,0
M4A1-S | Golden Coil (Field-Tested),2026-06-19,444.44,0,0
M4A1-S | Golden Coil (Field-Tested),2026-06-20,443.99,0,0
M4A1-S | Golden Coil (Field-Tested),2026-06-21,435.0,0,0
M4A1-S | Golden Coil (Field-Tested),2026-06-22,444.98,0,0
M4A1-S | Golden Coil (Field-Tested),2026-06-23,450.0,0,0
M4A1-S | Golden Coil (Field-Tested),2026-06-24,449.0,0,0
M4A1-S | Golden Coil (Field-Tested),2026-06-25,455.0,0,0
M4A1-S | Golden Coil (Field-Tested),2026-06-26,454.8,0,0
M4A1-S | Golden Coil (Field-Tested),2026-06-27,457.86,0,0
M4A1-S | Golden Coil (Field-Tested),2026-06-28,459.0,0,0
M4A1-S | Golden Coil (Field-Tested),2026-06-29,454.85,0,0
M4A1-S | Golden Coil (Field-Tested),2026-06-30,447.0,0,0
M4A1-S | Golden Coil (Field-Tested),2026-07-01,449.45,0,0
M4A1-S | Golden Coil (Field-Tested),2026-07-02,439.0,0,0
M4A1-S | Golden Coil (Field-Tested),2026-07-03,434.0,0,0
M4A1-S | Golden Coil (Field-Tested),2026-07-04,443.7,0,0
M4A1-S | Golden Coil (Field-Tested),2026-07-05,445.0,0,0
M4A1-S | Golden Coil (Field-Tested),2026-07-06,438.0,0,0
M4A1-S | Golden Coil (Field-Tested),2026-07-07,447.5,0,0
M4A1-S | Golden Coil (Field-Tested),2026-07-08,437.9,0,0
M4A1-S | Golden Coil (Field-Tested),2026-07-09,429.0,0,0
M4A1-S | Golden Coil (Field-Tested),2026-07-10,440.0,0,0
M4A1-S | Golden Coil (Field-Tested),2026-07-11,437.0,0,0
M4A1-S | Golden Coil (Field-Tested),2026-07-12,437.5,0,0
M4A1-S | Golden Coil (Field-Tested),2026-07-13,437.0,0,0
M4A1-S | Golden Coil (Field-Tested),2026-07-14,433.56,0,0
M4A1-S | Golden Coil (Field-Tested),2026-07-15,432.0,0,0
M4A1-S | Golden Coil (Field-Tested),2026-07-16,437.0,0,0
M4A1-S | Golden Coil (Field-Tested),2026-07-17,437.4,0,0
M4A1-S | Golden Coil (Field-Tested),2026-07-18,429.5,0,0
M4A1-S | Golden Coil (Field-Tested),2026-07-19,437.0,0,0
M4A1-S | Golden Coil (Field-Tested),2026-07-20,428.0,0,0
M4A1-S | Golden Coil (Field-Tested),2026-07-21,420.0,0,0
M4A1-S | Golden Coil (Field-Tested),2026-07-22,423.99,0,0
M4A1-S | Golden Coil (Field-Tested),2026-07-23,422.49,0,0
M4A1-S | Golden Coil (Field-Tested),2026-07-24,421.0,0,0
M4A1-S | Golden Coil (Field-Tested),2026-07-25,419.5,0,0
M4A1-S | Golden Coil (Field-Tested),2026-07-26,419.0,0,0
M4A1-S | Golden Coil (Field-Tested),2026-07-27,419.5,0,0
M4A1-S | Golden Coil (Field-Tested),2026-07-28,415.0,0,0
M4A1-S | Golden Coil (Field-Tested),2026-07-29,418.75,0,0
M4A1-S | Golden Coil (Field-Tested),2026-07-30,411.72,0,0
M4A1-S | Golden Coil (Field-Tested),2026-07-31,406.0,0,0
M4A1-S | Golden Coil (Field-Tested),2026-08-01,413.0,0,0
M4A1-S | Golden Coil (Field-Tested),2026-08-02,419.0,0,0
M4A1-S | Golden Coil (Field-Tested),2026-08-03,417.0,0,0
M4A1-S | Golden Coil (Field-Tested),2026-08-04,416.0,0,0
M4A1-S | Golden Coil (Field-Tested),2026-08-05,417.41,0,0
M4A1-S | Golden Coil (Field-Tested),2026-08-06,414.5,0,0
M4A1-S | Golden Coil (Field-Tested),2026-08-07,410.0,0,0
M4A1-S | Golden Coil (Field-Tested),2026-08-08,406.5,0,0
M4A1-S | Golden Coil (Field-Tested),2026-08-09,406.49,0,0
M4A1-S | Golden Coil (Field-Tested),2026-08-10,407.0,0,0
M4A1-S | Golden Coil (Field-Tested),2026-08-11,405.0,0,0
M4A1-S | Golden Coil (Field-Tested),2026-08-12,398.5,0,0
M4A1-S | Golden Coil (Field-Tested),2026-08-13,398.0,0,0
M4A1-S | Golden Coil (Field-Tested),2026-08-14,398.0,0,0
M4A1-S | Golden Coil (Field-Tested),2026-08-15,398.0,0,0
M4A1-S | Golden Coil (Field-Tested),2026-08-16,397.5,0,0
M4A1-S | Golden Coil (Field-Tested),2026-08-17,400.0,0,0
M4A1-S | Golden Coil (Field-Tested),2026-08-18,399.4,0,0
M4A1-S | Golden Coil (Field-Tested),2026-08-19,395.2,0,0
M4A1-S | Golden Coil (Field-Tested),2026-08-20,368.0,0,0
M4A1-S | Golden Coil (Field-Tested),2026-08-21,375.0,0,0
M4A1-S | Golden Coil (Field-Tested),2026-08-22,378.99,0,0
M4A1-S | Golden Coil (Field-Tested),2026-08-23,394.99,0,0
M4A1-S | Golden Coil (Field-Tested),2026-08-24,393.5,0,0
M4A1-S | Golden Coil (Field-Tested),2026-08-25,392.0,0,0
M4A1-S | Golden Coil (Field-Tested),2026-08-26,393.5,0,0
M4A1-S | Golden Coil (Field-Tested),2026-08-27,397.0,0,0
M4A1-S | Golden Coil (Field-Tested),2026-08-28,398.3,0,0
M4A1-S | Golden Coil (Field-Tested),2026-08-29,396.0,0,0
M4A1-S | Golden Coil (Field-Tested),2026-08-30,404.62,0,0
M4A1-S | Golden Coil (Field-Tested),2026-08-31,413.5,0,0
M4A1-S | Golden Coil (Field-Tested),2026-09-01,408.5,0,0
M4A1-S | Golden Coil (Field-Tested),2026-09-02,416.5,0,0
M4A1-S | Golden Coil (Field-Tested),2026-09-03,414.5,0,0
M4A1-S | Golden Coil (Field-Tested),2026-09-04,414.0,0,0
M4A1-S | Golden Coil (Field-Tested),2026-09-05,412.0,0,0
M4A1-S | Golden Coil (Field-Tested),2026-09-06,409.0,0,0
M4A1-S | Golden Coil (Field-Tested),2026-09-07,400.0,0,0
M4A1-S | Golden Coil (Field-Tested),2026-09-08,391.99,0,0
M4A1-S | Golden Coil (Field-Tested),2026-09-09,404.2,0,0
M4A1-S | Golden Coil (Field-Tested),2026-09-10,400.0,0,0
M4A1-S | Golden Coil (Field-Tested),2026-09-11,399.49,0,0
M4A1-S | Golden Coil (Field-Tested),2026-09-12,407.0,0,0
M4A1-S | Golden Coil (Field-Tested),2026-09-13,405.5,0,0
M4A1-S | Golden Coil (Field-Tested),2026-09-14,405.0,0,0
M4A1-S | Golden Coil (Field-Tested),2026-09-15,400.0,0,0
M4A1-S | Golden Coil (Field-Tested),2026-09-16,401.28,0,0
M4A1-S | Golden Coil (Field-Tested),2026-09-17,398.9,0,0
M4A1-S | Golden Coil (Field-Tested),2026-09-18,400.0,0,0
M4A1-S | Golden Coil (Field-Tested),2026-09-19,399.0,0,0
M4A1-S | Golden Coil (Field-Tested),2026-09-20,399.3,0,297
M4A1-S | Printstream (Field-Tested),2025-09-21,1858.0,0,0
M4A1-S | Printstream (Field-Tested),2025-09-22,1855.0,0,0
M4A1-S | Printstream (Field-Tested),2025-09-23,1852.0,0,0
M4A1-S | Printstream (Field-Tested),2025-09-24,1844.0,0,0
M4A1-S | Printstream (Field-Tested),2025-09-25,1838.0,0,0
M4A1-S | Printstream (Field-Tested),2025-09-26,1830.0,0,0
M4A1-S | Printstream (Field-Tested),2025-09-27,1839.9,0,0
M4A1-S | Printstream (Field-Tested),2025-09-28,1844.0,0,0
M4A1-S | Printstream (Field-Tested),2025-09-29,1843.99,0,0
M4A1-S | Printstream (Field-Tested),2025-09-30,1850.0,0,0
M4A1-S | Printstream (Field-Tested),2025-10-01,1857.0,0,0
M4A1-S | Printstream (Field-Tested),2025-10-02,1856.5,0,0
M4A1-S | Printstream (Field-Tested),2025-10-03,1850.0,0,0
M4A1-S | Printstream (Field-Tested),2025-10-04,1843.0,0,0
M4A1-S | Printstream (Field-Tested),2025-10-05,1839.99,0,0
M4A1-S | Printstream (Field-Tested),2025-10-06,1855.5,0,0
M4A1-S | Printstream (Field-Tested),2025-10-07,1844.4,0,0
M4A1-S | Printstream (Field-Tested),2025-10-08,1839.49,0,0
M4A1-S | Printstream (Field-Tested),2025-10-09,1837.98,0,0
M4A1-S | Printstream (Field-Tested),2025-10-10,1836.64,0,0
M4A1-S | Printstream (Field-Tested),2025-10-11,1834.79,0,0
M4A1-S | Printstream (Field-Tested),2025-10-12,1839.5,0,0
M4A1-S | Printstream (Field-Tested),2025-10-13,1838.97,0,0
M4A1-S | Printstream (Field-Tested),2025-10-14,1842.37,0,0
M4A1-S | Printstream (Field-Tested),2025-10-15,1847.99,0,0
M4A1-S | Printstream (Field-Tested),2025-10-16,1844.0,0,0
M4A1-S | Printstream (Field-Tested),2025-10-17,1842.0,0,0
M4A1-S | Printstream (Field-Tested),2025-10-18,1840.0,0,0
M4A1-S | Printstream (Field-Tested),2025-10-19,1843.0,0,0
M4A1-S | Printstream (Field-Tested),2025-10-20,1845.7,0,0
M4A1-S | Printstream (Field-Tested),2025-10-21,1844.0,0,0
M4A1-S | Printstream (Field-Tested),2025-10-22,1844.5,0,0
M4A1-S | Printstream (Field-Tested),2025-10-23,1443.5,0,0
M4A1-S | Printstream (Field-Tested),2025-10-24,1020.0,0,0
M4A1-S | Printstream (Field-Tested),2025-10-25,1396.0,0,0
M4A1-S | Printstream (Field-Tested),2025-10-26,1287.5,0,0
M4A1-S | Printstream (Field-Tested),2025-10-27,1313.5,0,0
M4A1-S | Printstream (Field-Tested),2025-10-28,1285.0,0,0
M4A1-S | Printstream (Field-Tested),2025-10-29,1196.5,0,0
M4A1-S | Printstream (Field-Tested),2025-10-30,1378.49,0,0
M4A1-S | Printstream (Field-Tested),2025-10-31,1464.0,0,0
M4A1-S | Printstream (Field-Tested),2025-11-01,1516.0,0,0
M4A1-S | Printstream (Field-Tested),2025-11-02,1510.0,0,0
M4A1-S | Printstream (Field-Tested),2025-11-03,1459.5,0,0
M4A1-S | Printstream (Field-Tested),2025-11-04,1407.5,0,0
M4A1-S | Printstream (Field-Tested),2025-11-05,1430.0,0,0
M4A1-S | Printstream (Field-Tested),2025-11-06,1432.0,0,0
M4A1-S | Printstream (Field-Tested),2025-11-07,1436.0,0,0
M4A1-S | Printstream (Field-Tested),2025-11-08,1427.0,0,0
M4A1-S | Printstream (Field-Tested),2025-11-09,1418.5,0,0
M4A1-S | Printstream (Field-Tested),2025-11-10,1429.5,0,0
M4A1-S | Printstream (Field-Tested),2025-11-11,1435.0,0,0
M4A1-S | Printstream (Field-Tested),2025-11-12,1443.5,0,0
M4A1-S | Printstream (Field-Tested),2025-11-13,1448.5,0,0
M4A1-S | Printstream (Field-Tested),2025-11-14,1430.0,0,0
M4A1-S | Printstream (Field-Tested),2025-11-15,1447.0,0,0
M4A1-S | Printstream (Field-Tested),2025-11-16,1445.4,0,0
M4A1-S | Printstream (Field-Tested),2025-11-17,1433.0,0,0
M4A1-S | Printstream (Field-Tested),2025-11-18,1443.5,0,0
M4A1-S | Printstream (Field-Tested),2025-11-19,1449.9,0,0
M4A1-S | Printstream (Field-Tested),2025-11-20,1444.5,0,0
M4A1-S | Printstream (Field-Tested),2025-11-21,1438.0,0,0
M4A1-S | Printstream (Field-Tested),2025-11-22,1435.5,0,0
M4A1-S | Printstream (Field-Tested),2025-11-23,1423.5,0,0
M4A1-S | Printstream (Field-Tested),2025-11-24,1424.0,0,0
M4A1-S | Printstream (Field-Tested),2025-11-25,1428.0,0,0
M4A1-S | Printstream (Field-Tested),2025-11-26,1431.65,0,0
M4A1-S | Printstream (Field-Tested),2025-11-27,1429.15,0,0
M4A1-S | Printstream (Field-Tested),2025-11-28,1448.0,0,0
M4A1-S | Printstream (Field-Tested),2025-11-29,1488.49,0,0
M4A1-S | Printstream (Field-Tested),2025-11-30,1472.0,0,0
M4A1-S | Printstream (Field-Tested),2025-12-01,1457.98,0,0
M4A1-S | Printstream (Field-Tested),2025-12-02,1465.0,0,0
M4A1-S | Printstream (Field-Tested),2025-12-03,1460.0,0,0
M4A1-S | Printstream (Field-Tested),2025-12-04,1450.5,0,0
M4A1-S | Printstream (Field-Tested),2025-12-05,1444.8,0,0
M4A1-S | Printstream (Field-Tested),2025-12-06,1439.0,0,0
M4A1-S | Printstream (Field-Tested),2025-12-07,1446.5,0,0
M4A1-S | Printstream (Field-Tested),2025-12-08,1437.99,0,0
M4A1-S | Printstream (Field-Tested),2025-12-09,1447.24,0,0
M4A1-S | Printstream (Field-Tested),2025-12-10,1438.0,0,0
M4A1-S | Printstream (Field-Tested),2025-12-11,1465.0,0,0
M4A1-S | Printstream (Field-Tested),2025-12-12,1465.5,0,0
M4A1-S | Printstream (Field-Tested),2025-12-13,1467.8,0,0
M4A1-S | Printstream (Field-Tested),2025-12-14,1454.5,0,0
M4A1-S | Printstream (Field-Tested),2025-12-15,1449.99,0,0
M4A1-S | Printstream (Field-Tested),2025-12-16,1453.5,0,0
M4A1-S | Printstream (Field-Tested),2025-12-17,1459.5,0,0
M4A1-S | Printstream (Field-Tested),2025-12-18,1460.0,0,0
M4A1-S | Printstream (Field-Tested),2025-12-19,1505.0,0,0
M4A1-S | Printstream (Field-Tested),2025-12-20,1520.0,0,0
M4A1-S | Printstream (Field-Tested),2025-12-21,1542.0,0,0
M4A1-S | Printstream (Field-Tested),2025-12-22,1541.76,0,0
M4A1-S | Printstream (Field-Tested),2025-12-23,1551.9,0,0
M4A1-S | Printstream (Field-Tested),2025-12-24,1517.5,0,0
M4A1-S | Printstream (Field-Tested),2025-12-25,1519.5,0,0
M4A1-S | Printstream (Field-Tested),2025-12-26,1518.49,0,0
M4A1-S | Printstream (Field-Tested),2025-12-27,1540.0,0,0
M4A1-S | Printstream (Field-Tested),2025-12-28,1546.5,0,0
M4A1-S | Printstream (Field-Tested),2025-12-29,1540.0,0,0
M4A1-S | Printstream (Field-Tested),2025-12-30,1546.0,0,0
M4A1-S | Printstream (Field-Tested),2025-12-31,1549.5,0,0
M4A1-S | Printstream (Field-Tested),2026-01-01,1572.49,0,0
M4A1-S | Printstream (Field-Tested),2026-01-02,1583.47,0,0
M4A1-S | Printstream (Field-Tested),2026-01-03,1616.0,0,0
M4A1-S | Printstream (Field-Tested),2026-01-04,1636.0,0,0
M4A1-S | Printstream (Field-Tested),2026-01-05,1632.88,0,0
M4A1-S | Printstream (Field-Tested),2026-01-06,1605.5,0,0
M4A1-S | Printstream (Field-Tested),2026-01-07,1605.5,0,0
M4A1-S | Printstream (Field-Tested),2026-01-08,1590.0,0,0
M4A1-S | Printstream (Field-Tested),2026-01-09,1566.5,0,0
M4A1-S | Printstream (Field-Tested),2026-01-10,1578.0,0,0
M4A1-S | Printstream (Field-Tested),2026-01-11,1578.0,0,0
M4A1-S | Printstream (Field-Tested),2026-01-12,1554.5,0,0
M4A1-S | Printstream (Field-Tested),2026-01-13,1554.8,0,0
M4A1-S | Printstream (Field-Tested),2026-01-14,1556.5,0,0
M4A1-S | Printstream (Field-Tested),2026-01-15,1568.0,0,0
M4A1-S | Printstream (Field-Tested),2026-01-16,1578.5,0,0
M4A1-S | Printstream (Field-Tested),2026-01-17,1568.0,0,0
M4A1-S | Printstream (Field-Tested),2026-01-18,1567.5,0,0
M4A1-S | Printstream (Field-Tested),2026-01-19,1563.5,0,0
M4A1-S | Printstream (Field-Tested),2026-01-20,1567.9,0,0
M4A1-S | Printstream (Field-Tested),2026-01-21,1567.5,0,0
M4A1-S | Printstream (Field-Tested),2026-01-22,1550.0,0,0
M4A1-S | Printstream (Field-Tested),2026-01-23,1503.1,0,0
M4A1-S | Printstream (Field-Tested),2026-01-24,1522.0,0,0
M4A1-S | Printstream (Field-Tested),2026-01-25,1533.5,0,0
M4A1-S | Printstream (Field-Tested),2026-01-26,1527.49,0,0
M4A1-S | Printstream (Field-Tested),2026-01-27,1520.5,0,0
M4A1-S | Printstream (Field-Tested),2026-01-28,1515.5,0,0
M4A1-S | Printstream (Field-Tested),2026-01-29,1506.5,0,0
M4A1-S | Printstream (Field-Tested),2026-01-30,1508.0,0,0
M4A1-S | Printstream (Field-Tested),2026-01-31,1517.5,0,0
M4A1-S | Printstream (Field-Tested),2026-02-01,1516.0,0,0
M4A1-S | Printstream (Field-Tested),2026-02-02,1534.5,0,0
M4A1-S | Printstream (Field-Tested),2026-02-03,1529.5,0,0
M4A1-S | Printstream (Field-Tested),2026-02-04,1534.5,0,0
M4A1-S | Printstream (Field-Tested),2026-02-05,1525.0,0,0
M4A1-S | Printstream (Field-Tested),2026-02-06,1515.0,0,0
M4A1-S | Printstream (Field-Tested),2026-02-07,1515.9,0,0
M4A1-S | Printstream (Field-Tested),2026-02-08,1524.99,0,0
M4A1-S | Printstream (Field-Tested),2026-02-09,1513.0,0,0
M4A1-S | Printstream (Field-Tested),2026-02-10,1525.5,0,0
M4A1-S | Printstream (Field-Tested),2026-02-11,1530.0,0,0
M4A1-S | Printstream (Field-Tested),2026-02-12,1544.0,0,0
M4A1-S | Printstream (Field-Tested),2026-02-13,1579.0,0,0
M4A1-S | Printstream (Field-Tested),2026-02-14,1566.5,0,0
M4A1-S | Printstream (Field-Tested),2026-02-15,1566.0,0,0
M4A1-S | Printstream (Field-Tested),2026-02-16,1573.0,0,0
M4A1-S | Printstream (Field-Tested),2026-02-17,1577.5,0,0
M4A1-S | Printstream (Field-Tested),2026-02-18,1580.99,0,0
M4A1-S | Printstream (Field-Tested),2026-02-19,1580.5,0,0
M4A1-S | Printstream (Field-Tested),2026-02-20,1602.5,0,0
M4A1-S | Printstream (Field-Tested),2026-02-21,1597.0,0,0
M4A1-S | Printstream (Field-Tested),2026-02-22,1595.0,0,0
M4A1-S | Printstream (Field-Tested),2026-02-23,1585.0,0,0
M4A1-S | Printstream (Field-Tested),2026-02-24,1581.88,0,0
M4A1-S | Printstream (Field-Tested),2026-02-25,1599.0,0,0
M4A1-S | Printstream (Field-Tested),2026-02-26,1582.5,0,0
M4A1-S | Printstream (Field-Tested),2026-02-27,1581.0,0,0
M4A1-S | Printstream (Field-Tested),2026-02-28,1590.0,0,0
M4A1-S | Printstream (Field-Tested),2026-03-01,1598.0,0,0
M4A1-S | Printstream (Field-Tested),2026-03-02,1599.4,0,0
M4A1-S | Printstream (Field-Tested),2026-03-03,1589.5,0,0
M4A1-S | Printstream (Field-Tested),2026-03-04,1598.5,0,0
M4A1-S | Printstream (Field-Tested),2026-03-05,1595.88,0,0
M4A1-S | Printstream (Field-Tested),2026-03-06,1593.88,0,0
M4A1-S | Printstream (Field-Tested),2026-03-07,1591.0,0,0
M4A1-S | Printstream (Field-Tested),2026-03-08,1592.3,0,0
M4A1-S | Printstream (Field-Tested),2026-03-09,1585.5,0,0
M4A1-S | Printstream (Field-Tested),2026-03-10,1589.9,0,0
M4A1-S | Printstream (Field-Tested),2026-03-11,1581.7,0,0
M4A1-S | Printstream (Field-Tested),2026-03-12,1575.99,0,0
M4A1-S | Printstream (Field-Tested),2026-03-13,1568.4,0,0
M4A1-S | Printstream (Field-Tested),2026-03-14,1576.0,0,0
M4A1-S | Printstream (Field-Tested),2026-03-15,1567.5,0,0
M4A1-S | Printstream (Field-Tested),2026-03-16,1570.0,0,0
M4A1-S | Printstream (Field-Tested),2026-03-17,1559.5,0,0
M4A1-S | Printstream (Field-Tested),2026-03-18,1569.5,0,0
M4A1-S | Printstream (Field-Tested),2026-03-19,1500.0,0,0
M4A1-S | Printstream (Field-Tested),2026-03-20,1526.0,0,0
M4A1-S | Printstream (Field-Tested),2026-03-21,1520.2,0,0
M4A1-S | Printstream (Field-Tested),2026-03-22,1519.0,0,0
M4A1-S | Printstream (Field-Tested),2026-03-23,1509.8,0,0
M4A1-S | Printstream (Field-Tested),2026-03-24,1505.3,0,0
M4A1-S | Printstream (Field-Tested),2026-03-25,1520.0,0,0
M4A1-S | Printstream (Field-Tested),2026-03-26,1513.0,0,0
M4A1-S | Printstream (Field-Tested),2026-03-27,1513.0,0,0
M4A1-S | Printstream (Field-Tested),2026-03-28,1510.0,0,0
M4A1-S | Printstream (Field-Tested),2026-03-29,1511.0,0,0
M4A1-S | Printstream (Field-Tested),2026-03-30,1489.0,0,0
M4A1-S | Printstream (Field-Tested),2026-03-31,1486.99,0,0
M4A1-S | Printstream (Field-Tested),2026-04-01,1493.5,0,0
M4A1-S | Printstream (Field-Tested),2026-04-02,1488.0,0,0
M4A1-S | Printstream (Field-Tested),2026-04-03,1493.0,0,0
M4A1-S | Printstream (Field-Tested),2026-04-04,1496.0,0,0
M4A1-S | Printstream (Field-Tested),2026-04-05,1492.0,0,0
M4A1-S | Printstream (Field-Tested),2026-04-06,1488.0,0,0
M4A1-S | Printstream (Field-Tested),2026-04-07,1487.7,0,0
M4A1-S | Printstream (Field-Tested),2026-04-08,1470.0,0,0
M4A1-S | Printstream (Field-Tested),2026-04-09,1465.49,0,0
M4A1-S | Printstream (Field-Tested),2026-04-10,1474.0,0,0
M4A1-S | Printstream (Field-Tested),2026-04-11,1470.0,0,0
M4A1-S | Printstream (Field-Tested),2026-04-12,1468.5,0,0
M4A1-S | Printstream (Field-Tested),2026-04-13,1466.5,0,0
M4A1-S | Printstream (Field-Tested),2026-04-14,1471.5,0,0
M4A1-S | Printstream (Field-Tested),2026-04-15,1467.99,0,0
M4A1-S | Printstream (Field-Tested),2026-04-16,1455.0,0,0
M4A1-S | Printstream (Field-Tested),2026-04-17,1390.0,0,0
M4A1-S | Printstream (Field-Tested),2026-04-18,1394.99,0,0
M4A1-S | Printstream (Field-Tested),2026-04-19,1423.5,0,0
M4A1-S | Printstream (Field-Tested),2026-04-20,1413.9,0,0
M4A1-S | Printstream (Field-Tested),2026-04-21,1419.0,0,0
M4A1-S | Printstream (Field-Tested),2026-04-22,1399.0,0,0
M4A1-S | Printstream (Field-Tested),2026-04-23,1298.0,0,0
M4A1-S | Printstream (Field-Tested),2026-04-24,1348.0,0,0
M4A1-S | Printstream (Field-Tested),2026-04-25,1400.0,0,0
M4A1-S | Printstream (Field-Tested),2026-04-26,1400.0,0,0
M4A1-S | Printstream (Field-Tested),2026-04-27,1396.0,0,0
M4A1-S | Printstream (Field-Tested),2026-04-28,1387.0,0,0
M4A1-S | Printstream (Field-Tested),2026-04-29,1365.0,0,0
M4A1-S | Printstream (Field-Tested),2026-04-30,1386.88,0,0
M4A1-S | Printstream (Field-Tested),2026-05-01,1392.5,0,0
M4A1-S | Printstream (Field-Tested),2026-05-02,1386.0,0,0
M4A1-S | Printstream (Field-Tested),2026-05-03,1357.49,0,0
M4A1-S | Printstream (Field-Tested),2026-05-04,1350.0,0,0
M4A1-S | Printstream (Field-Tested),2026-05-05,1344.49,0,0
M4A1-S | Printstream (Field-Tested),2026-05-06,1335.78,0,0
M4A1-S | Printstream (Field-Tested),2026-05-07,1333.0,0,0
M4A1-S | Printstream (Field-Tested),2026-05-08,1323.8,0,0
M4A1-S | Printstream (Field-Tested),2026-05-09,1300.0,0,0
M4A1-S | Printstream (Field-Tested),2026-05-10,1284.0,0,0
M4A1-S | Printstream (Field-Tested),2026-05-11,1199.5,0,0
M4A1-S | Printstream (Field-Tested),2026-05-12,1242.5,0,0
M4A1-S | Printstream (Field-Tested),2026-05-13,1258.5,0,0
M4A1-S | Printstream (Field-Tested),2026-05-14,1250.0,0,0
M4A1-S | Printstream (Field-Tested),2026-05-15,1253.8,0,0
M4A1-S | Printstream (Field-Tested),2026-05-16,1282.0,0,0
M4A1-S | Printstream (Field-Tested),2026-05-17,1330.0,0,0
M4A1-S | Printstream (Field-Tested),2026-05-18,1315.0,0,0
M4A1-S | Printstream (Field-Tested),2026-05-19,1318.5,0,0
M4A1-S | Printstream (Field-Tested),2026-05-20,1309.5,0,0
M4A1-S | Printstream (Field-Tested),2026-05-21,1299.0,0,0
M4A1-S | Printstream (Field-Tested),2026-05-22,1233.99,0,0
M4A1-S | Printstream (Field-Tested),2026-05-23,1235.0,0,0
M4A1-S | Printstream (Field-Tested),2026-05-24,1222.0,0,0
M4A1-S | Printstream (Field-Tested),2026-05-25,1169.5,0,0
M4A1-S | Printstream (Field-Tested),2026-05-26,1089.5,0,0
M4A1-S | Printstream (Field-Tested),2026-05-27,1164.5,0,0
M4A1-S | Printstream (Field-Tested),2026-05-28,1219.0,0,0
M4A1-S | Printstream (Field-Tested),2026-05-29,1195.0,0,0
M4A1-S | Printstream (Field-Tested),2026-05-30,1229.0,0,0
M4A1-S | Printstream (Field-Tested),2026-05-31,1219.0,0,0
M4A1-S | Printstream (Field-Tested),2026-06-01,1226.66,0,0
M4A1-S | Printstream (Field-Tested),2026-06-02,1217.5,0,0
M4A1-S | Printstream (Field-Tested),2026-06-03,1228.0,0,0
M4A1-S | Printstream (Field-Tested),2026-06-04,1239.5,0,0
M4A1-S | Printstream (Field-Tested),2026-06-05,1239.0,0,0
M4A1-S | Printstream (Field-Tested),2026-06-06,1240.99,0,0
M4A1-S | Printstream (Field-Tested),2026-06-07,1249.5,0,0
M4A1-S | Printstream (Field-Tested),2026-06-08,1253.0,0,0
M4A1-S | Printstream (Field-Tested),2026-06-09,1288.88,0,0
M4A1-S | Printstream (Field-Tested),2026-06-10,1302.5,0,0
M4A1-S | Printstream (Field-Tested),2026-06-11,1284.0,0,0
M4A1-S | Printstream (Field-Tested),2026-06-12,1276.9,0,0
M4A1-S | Printstream (Field-Tested),2026-06-13,1284.0,0,0
M4A1-S | Printstream (Field-Tested),2026-06-14,1279.5,0,0
M4A1-S | Printstream (Field-Tested),2026-06-15,1283.0,0,0
M4A1-S | Printstream (Field-Tested),2026-06-16,1288.5,0,0
M4A1-S | Printstream (Field-Tested),2026-06-17,1293.0,0,0
M4A1-S | Printstream (Field-Tested),2026-06-18,1293.5,0,0
M4A1-S | Printstream (Field-Tested),2026-06-19,1277.0,0,0
M4A1-S | Printstream (Field-Tested),2026-06-20,1276.99,0,0
M4A1-S | Printstream (Field-Tested),2026-06-21,1293.0,0,0
M4A1-S | Printstream (Field-Tested),2026-06-22,1318.16,0,0
M4A1-S | Printstream (Field-Tested),2026-06-23,1330.0,0,0
M4A1-S | Printstream (Field-Tested),2026-06-24,1380.0,0,0
M4A1-S | Printstream (Field-Tested),2026-06-25,1382.98,0,0
M4A1-S | Printstream (Field-Tested),2026-06-26,1375.0,0,0
M4A1-S | Printstream (Field-Tested),2026-06-27,1369.0,0,0
M4A1-S | Printstream (Field-Tested),2026-06-28,1370.0,0,0
M4A1-S | Printstream (Field-Tested),2026-06-29,1335.5,0,0
M4A1-S | Printstream (Field-Tested),2026-06-30,1327.5,0,0
M4A1-S | Printstream (Field-Tested),2026-07-01,1315.0,0,0
M4A1-S | Printstream (Field-Tested),2026-07-02,1318.45,0,0
M4A1-S | Printstream (Field-Tested),2026-07-03,1323.0,0,0
M4A1-S | Printstream (Field-Tested),2026-07-04,1320.0,0,0
M4A1-S | Printstream (Field-Tested),2026-07-05,1324.5,0,0
M4A1-S | Printstream (Field-Tested),2026-07-06,1319.0,0,0
M4A1-S | Printstream (Field-Tested),2026-07-07,1333.3,0,0
M4A1-S | Printstream (Field-Tested),2026-07-08,1319.5,0,0
M4A1-S | Printstream (Field-Tested),2026-07-09,1332.0,0,0
M4A1-S | Printstream (Field-Tested),2026-07-10,1326.5,0,0
M4A1-S | Printstream (Field-Tested),2026-07-11,1318.0,0,0
M4A1-S | Printstream (Field-Tested),2026-07-12,1320.5,0,0
M4A1-S | Printstream (Field-Tested),2026-07-13,1317.9,0,0
M4A1-S | Printstream (Field-Tested),2026-07-14,1310.5,0,0
M4A1-S | Printstream (Field-Tested),2026-07-15,1316.0,0,0
M4A1-S | Printstream (Field-Tested),2026-07-16,1310.0,0,0
M4A1-S | Printstream (Field-Tested),2026-07-17,1317.0,0,0
M4A1-S | Printstream (Field-Tested),2026-07-18,1330.0,0,0
M4A1-S | Printstream (Field-Tested),2026-07-19,1324.5,0,0
M4A1-S | Printstream (Field-Tested),2026-07-20,1319.4,0,0
M4A1-S | Printstream (Field-Tested),2026-07-21,1312.9,0,0
M4A1-S | Printstream (Field-Tested),2026-07-22,1299.5,0,0
M4A1-S | Printstream (Field-Tested),2026-07-23,1298.97,0,0
M4A1-S | Printstream (Field-Tested),2026-07-24,1298.43,0,0
M4A1-S | Printstream (Field-Tested),2026-07-25,1297.9,0,0
M4A1-S | Printstream (Field-Tested),2026-07-26,1280.0,0,0
M4A1-S | Printstream (Field-Tested),2026-07-27,1286.5,0,0
M4A1-S | Printstream (Field-Tested),2026-07-28,1284.4,0,0
M4A1-S | Printstream (Field-Tested),2026-07-29,1283.9,0,0
M4A1-S | Printstream (Field-Tested),2026-07-30,1284.5,0,0
M4A1-S | Printstream (Field-Tested),2026-07-31,1282.98,0,0
M4A1-S | Printstream (Field-Tested),2026-08-01,1282.49,0,0
M4A1-S | Printstream (Field-Tested),2026-08-02,1296.9,0,0
M4A1-S | Printstream (Field-Tested),2026-08-03,1286.5,0,0
M4A1-S | Printstream (Field-Tested),2026-08-04,1270.0,0,0
M4A1-S | Printstream (Field-Tested),2026-08-05,1285.0,0,0
M4A1-S | Printstream (Field-Tested),2026-08-06,1287.5,0,0
M4A1-S | Printstream (Field-Tested),2026-08-07,1276.5,0,0
M4A1-S | Printstream (Field-Tested),2026-08-08,1278.0,0,0
M4A1-S | Printstream (Field-Tested),2026-08-09,1260.0,0,0
M4A1-S | Printstream (Field-Tested),2026-08-10,1268.5,0,0
M4A1-S | Printstream (Field-Tested),2026-08-11,1260.0,0,0
M4A1-S | Printstream (Field-Tested),2026-08-12,1244.9,0,0
M4A1-S | Printstream (Field-Tested),2026-08-13,1229.0,0,0
M4A1-S | Printstream (Field-Tested),2026-08-14,1214.0,0,0
M4A1-S | Printstream (Field-Tested),2026-08-15,1200.0,0,0
M4A1-S | Printstream (Field-Tested),2026-08-16,1209.0,0,0
M4A1-S | Printstream (Field-Tested),2026-08-17,1202.0,0,0
M4A1-S | Printstream (Field-Tested),2026-08-18,1204.49,0,0
M4A1-S | Printstream (Field-Tested),2026-08-19,1180.0,0,0
M4A1-S | Printstream (Field-Tested),2026-08-20,1163.0,0,0
M4A1-S | Printstream (Field-Tested),2026-08-21,1155.0,0,0
M4A1-S | Printstream (Field-Tested),2026-08-22,1193.4,0,0
M4A1-S | Printstream (Field-Tested),2026-08-23,1202.0,0,0
M4A1-S | Printstream (Field-Tested),2026-08-24,1199.49,0,0
M4A1-S | Printstream (Field-Tested),2026-08-25,1199.89,0,0
M4A1-S | Printstream (Field-Tested),2026-08-26,1202.0,0,0
M4A1-S | Printstream (Field-Tested),2026-08-27,1193.29,0,0
M4A1-S | Printstream (Field-Tested),2026-08-28,1198.0,0,0
M4A1-S | Printstream (Field-Tested),2026-08-29,1217.5,0,0
M4A1-S | Printstream (Field-Tested),2026-08-30,1217.5,0,0
M4A1-S | Printstream (Field-Tested),2026-08-31,1213.0,0,0
M4A1-S | Printstream (Field-Tested),2026-09-01,1236.0,0,0
M4A1-S | Printstream (Field-Tested),2026-09-02,1224.0,0,0
M4A1-S | Printstream (Field-Tested),2026-09-03,1220.0,0,0
M4A1-S | Printstream (Field-Tested),2026-09-04,1215.86,0,0
M4A1-S | Printstream (Field-Tested),2026-09-05,1217.0,0,0
M4A1-S | Printstream (Field-Tested),2026-09-06,1221.6,0,0
M4A1-S | Printstream (Field-Tested),2026-09-07,1219.5,0,0
M4A1-S | Printstream (Field-Tested),2026-09-08,1218.91,0,0
M4A1-S | Printstream (Field-Tested),2026-09-09,1215.0,0,0
M4A1-S | Printstream (Field-Tested),2026-09-10,1217.9,0,0
M4A1-S | Printstream (Field-Tested),2026-09-11,1214.0,0,0
M4A1-S | Printstream (Field-Tested),2026-09-12,1210.5,0,0
M4A1-S | Printstream (Field-Tested),2026-09-13,1208.5,0,0
M4A1-S | Printstream (Field-Tested),2026-09-14,1210.0,0,0
M4A1-S | Printstream (Field-Tested),2026-09-15,1208.0,0,0
M4A1-S | Printstream (Field-Tested),2026-09-16,1209.5,0,0
M4A1-S | Printstream (Field-Tested),2026-09-17,1199.0,0,0
M4A1-S | Printstream (Field-Tested),2026-09-18,1198.5,0,0
M4A1-S | Printstream (Field-Tested),2026-09-19,1179.5,0,0
M4A1-S | Printstream (Field-Tested),2026-09-20,1210.0,0,1035
M4A4 | Howl (Field-Tested),2025-09-21,36200.0,0,0
M4A4 | Howl (Field-Tested),2025-09-22,36099.0,0,0
M4A4 | Howl (Field-Tested),2025-09-23,36097.5,0,0
M4A4 | Howl (Field-Tested),2025-09-24,36099.0,0,0
M4A4 | Howl (Field-Tested),2025-09-25,35999.5,0,0
M4A4 | Howl (Field-Tested),2025-09-26,36149.0,0,0
M4A4 | Howl (Field-Tested),2025-09-27,36097.5,0,0
M4A4 | Howl (Field-Tested),2025-09-28,35640.0,0,0
M4A4 | Howl (Field-Tested),2025-09-29,36240.0,0,0
M4A4 | Howl (Field-Tested),2025-09-30,36188.0,0,0
M4A4 | Howl (Field-Tested),2025-10-01,36000.0,0,0
M4A4 | Howl (Field-Tested),2025-10-02,36000.0,0,0
M4A4 | Howl (Field-Tested),2025-10-03,36899.0,0,0
M4A4 | Howl (Field-Tested),2025-10-04,36899.0,0,0
M4A4 | Howl (Field-Tested),2025-10-05,37000.0,0,0
M4A4 | Howl (Field-Tested),2025-10-06,37888.0,0,0
M4A4 | Howl (Field-Tested),2025-10-07,38700.0,0,0
M4A4 | Howl (Field-Tested),2025-10-08,37300.0,0,0
M4A4 | Howl (Field-Tested),2025-10-09,38799.5,0,0
M4A4 | Howl (Field-Tested),2025-10-10,38798.5,0,0
M4A4 | Howl (Field-Tested),2025-10-11,37777.0,0,0
M4A4 | Howl (Field-Tested),2025-10-12,37149.5,0,0
M4A4 | Howl (Field-Tested),2025-10-13,37000.0,0,0
M4A4 | Howl (Field-Tested),2025-10-14,36695.0,0,0
M4A4 | Howl (Field-Tested),2025-10-15,36599.5,0,0
M4A4 | Howl (Field-Tested),2025-10-16,37308.32,0,0
M4A4 | Howl (Field-Tested),2025-10-17,37500.0,0,0
M4A4 | Howl (Field-Tested),2025-10-18,37500.0,0,0
M4A4 | Howl (Field-Tested),2025-10-19,37665.5,0,0
M4A4 | Howl (Field-Tested),2025-10-20,37488.0,0,0
M4A4 | Howl (Field-Tested),2025-10-21,36500.0,0,0
M4A4 | Howl (Field-Tested),2025-10-22,37000.0,0,0
M4A4 | Howl (Field-Tested),2025-10-23,30000.0,0,0
M4A4 | Howl (Field-Tested),2025-10-24,26998.5,0,0
M4A4 | Howl (Field-Tested),2025-10-25,32000.0,0,0
M4A4 | Howl (Field-Tested),2025-10-26,31794.5,0,0
M4A4 | Howl (Field-Tested),2025-10-27,31000.0,0,0
M4A4 | Howl (Field-Tested),2025-10-28,31300.0,0,0
M4A4 | Howl (Field-Tested),2025-10-29,30600.0,0,0
M4A4 | Howl (Field-Tested),2025-10-30,30200.0,0,0
M4A4 | Howl (Field-Tested),2025-10-31,31995.0,0,0
M4A4 | Howl (Field-Tested),2025-11-01,33000.0,0,0
M4A4 | Howl (Field-Tested),2025-11-02,33300.0,0,0
M4A4 | Howl (Field-Tested),2025-11-03,33595.0,0,0
M4A4 | Howl (Field-Tested),2025-11-04,33000.0,0,0
M4A4 | Howl (Field-Tested),2025-11-05,32990.0,0,0
M4A4 | Howl (Field-Tested),2025-11-06,32961.0,0,0
M4A4 | Howl (Field-Tested),2025-11-07,32960.5,0,0
M4A4 | Howl (Field-Tested),2025-11-08,32888.0,0,0
M4A4 | Howl (Field-Tested),2025-11-09,32595.0,0,0
M4A4 | Howl (Field-Tested),2025-11-10,31995.0,0,0
M4A4 | Howl (Field-Tested),2025-11-11,31993.0,0,0
M4A4 | Howl (Field-Tested),2025-11-12,31993.0,0,0
M4A4 | Howl (Field-Tested),2025-11-13,31995.0,0,0
M4A4 | Howl (Field-Tested),2025-11-14,31989.99,0,0
M4A4 | Howl (Field-Tested),2025-11-15,31994.49,0,0
M4A4 | Howl (Field-Tested),2025-11-16,31900.0,0,0
M4A4 | Howl (Field-Tested),2025-11-17,32885.66,0,0
M4A4 | Howl (Field-Tested),2025-11-18,31999.0,0,0
M4A4 | Howl (Field-Tested),2025-11-19,32884.66,0,0
M4A4 | Howl (Field-Tested),2025-11-20,32475.0,0,0
M4A4 | Howl (Field-Tested),2025-11-21,32450.0,0,0
M4A4 | Howl (Field-Tested),2025-11-22,32199.0,0,0
M4A4 | Howl (Field-Tested),2025-11-23,32195.0,0,0
M4A4 | Howl (Field-Tested),2025-11-24,32194.5,0,0
M4A4 | Howl (Field-Tested),2025-11-25,32188.0,0,0
M4A4 | Howl (Field-Tested),2025-11-26,32095.0,0,0
M4A4 | Howl (Field-Tested),2025-11-27,32091.0,0,0
M4A4 | Howl (Field-Tested),2025-11-28,31953.0,0,0
M4A4 | Howl (Field-Tested),2025-11-29,32180.0,0,0
M4A4 | Howl (Field-Tested),2025-11-30,31200.0,0,0
M4A4 | Howl (Field-Tested),2025-12-01,32180.0,0,0
M4A4 | Howl (Field-Tested),2025-12-02,32953.6,0,0
M4A4 | Howl (Field-Tested),2025-12-03,33220.0,0,0
M4A4 | Howl (Field-Tested),2025-12-04,33333.0,0,0
M4A4 | Howl (Field-Tested),2025-12-05,33999.0,0,0
M4A4 | Howl (Field-Tested),2025-12-06,33999.0,0,0
M4A4 | Howl (Field-Tested),2025-12-07,33999.0,0,0
M4A4 | Howl (Field-Tested),2025-12-08,33900.0,0,0
M4A4 | Howl (Field-Tested),2025-12-09,33299.0,0,0
M4A4 | Howl (Field-Tested),2025-12-10,33299.0,0,0
M4A4 | Howl (Field-Tested),2025-12-11,34288.0,0,0
M4A4 | Howl (Field-Tested),2025-12-12,34588.0,0,0
M4A4 | Howl (Field-Tested),2025-12-13,34666.0,0,0
M4A4 | Howl (Field-Tested),2025-12-14,34888.0,0,0
M4A4 | Howl (Field-Tested),2025-12-15,34499.0,0,0
M4A4 | Howl (Field-Tested),2025-12-16,34298.5,0,0
M4A4 | Howl (Field-Tested),2025-12-17,33900.0,0,0
M4A4 | Howl (Field-Tested),2025-12-18,33650.0,0,0
M4A4 | Howl (Field-Tested),2025-12-19,33883.5,0,0
M4A4 | Howl (Field-Tested),2025-12-20,33887.5,0,0
M4A4 | Howl (Field-Tested),2025-12-21,33886.5,0,0
M4A4 | Howl (Field-Tested),2025-12-22,33996.5,0,0
M4A4 | Howl (Field-Tested),2025-12-23,33995.0,0,0
M4A4 | Howl (Field-Tested),2025-12-24,33993.0,0,0
M4A4 | Howl (Field-Tested),2025-12-25,33332.0,0,0
M4A4 | Howl (Field-Tested),2025-12-26,32999.5,0,0
M4A4 | Howl (Field-Tested),2025-12-27,32999.0,0,0
M4A4 | Howl (Field-Tested),2025-12-28,32998.5,0,0
M4A4 | Howl (Field-Tested),2025-12-29,32998.5,0,0
M4A4 | Howl (Field-Tested),2025-12-30,33794.1,0,0
M4A4 | Howl (Field-Tested),2025-12-31,33794.1,0,0
M4A4 | Howl (Field-Tested),2026-01-01,33793.5,0,0
M4A4 | Howl (Field-Tested),2026-01-02,33798.0,0,0
M4A4 | Howl (Field-Tested),2026-01-03,32899.0,0,0
M4A4 | Howl (Field-Tested),2026-01-04,33500.0,0,0
M4A4 | Howl (Field-Tested),2026-01-05,32999.0,0,0
M4A4 | Howl (Field-Tested),2026-01-06,32998.5,0,0
M4A4 | Howl (Field-Tested),2026-01-07,32500.0,0,0
M4A4 | Howl (Field-Tested),2026-01-08,32997.0,0,0
M4A4 | Howl (Field-Tested),2026-01-09,33072.94,0,0
M4A4 | Howl (Field-Tested),2026-01-10,33072.44,0,0
M4A4 | Howl (Field-Tested),2026-01-11,33164.0,0,0
M4A4 | Howl (Field-Tested),2026-01-12,33142.0,0,0
M4A4 | Howl (Field-Tested),2026-01-13,33473.0,0,0
M4A4 | Howl (Field-Tested),2026-01-14,33473.0,0,0
M4A4 | Howl (Field-Tested),2026-01-15,32800.0,0,0
M4A4 | Howl (Field-Tested),2026-01-16,32980.0,0,0
M4A4 | Howl (Field-Tested),2026-01-17,32978.5,0,0
M4A4 | Howl (Field-Tested),2026-01-18,32969.5,0,0
M4A4 | Howl (Field-Tested),2026-01-19,32611.0,0,0
M4A4 | Howl (Field-Tested),2026-01-20,32611.0,0,0
M4A4 | Howl (Field-Tested),2026-01-21,32470.0,0,0
M4A4 | Howl (Field-Tested),2026-01-22,32496.0,0,0
M4A4 | Howl (Field-Tested),2026-01-23,32253.0,0,0
M4A4 | Howl (Field-Tested),2026-01-24,32399.5,0,0
M4A4 | Howl (Field-Tested),2026-01-25,31998.89,0,0
M4A4 | Howl (Field-Tested),2026-01-26,31900.0,0,0
M4A4 | Howl (Field-Tested),2026-01-27,31895.3,0,0
M4A4 | Howl (Field-Tested),2026-01-28,31892.76,0,0
M4A4 | Howl (Field-Tested),2026-01-29,31499.0,0,0
M4A4 | Howl (Field-Tested),2026-01-30,31494.48,0,0
M4A4 | Howl (Field-Tested),2026-01-31,31488.98,0,0
M4A4 | Howl (Field-Tested),2026-02-01,31294.0,0,0
M4A4 | Howl (Field-Tested),2026-02-02,31289.5,0,0
M4A4 | Howl (Field-Tested),2026-02-03,31283.48,0,0
M4A4 | Howl (Field-Tested),2026-02-04,31278.98,0,0
M4A4 | Howl (Field-Tested),2026-02-05,30499.0,0,0
M4A4 | Howl (Field-Tested),2026-02-06,30498.98,0,0
M4A4 | Howl (Field-Tested),2026-02-07,30398.97,0,0
M4A4 | Howl (Field-Tested),2026-02-08,30398.47,0,0
M4A4 | Howl (Field-Tested),2026-02-09,30396.47,0,0
M4A4 | Howl (Field-Tested),2026-02-10,30394.97,0,0
M4A4 | Howl (Field-Tested),2026-02-11,30394.97,0,0
M4A4 | Howl (Field-Tested),2026-02-12,31885.0,0,0
M4A4 | Howl (Field-Tested),2026-02-13,31000.0,0,0
M4A4 | Howl (Field-Tested),2026-02-14,31240.0,0,0
M4A4 | Howl (Field-Tested),2026-02-15,30887.5,0,0
M4A4 | Howl (Field-Tested),2026-02-16,30985.0,0,0
M4A4 | Howl (Field-Tested),2026-02-17,30888.0,0,0
M4A4 | Howl (Field-Tested),2026-02-18,30944.0,0,0
M4A4 | Howl (Field-Tested),2026-02-19,30749.5,0,0
M4A4 | Howl (Field-Tested),2026-02-20,30749.0,0,0
M4A4 | Howl (Field-Tested),2026-02-21,30748.5,0,0
M4A4 | Howl (Field-Tested),2026-02-22,30746.5,0,0
M4A4 | Howl (Field-Tested),2026-02-23,30400.0,0,0
M4A4 | Howl (Field-Tested),2026-02-24,30500.0,0,0
M4A4 | Howl (Field-Tested),2026-02-25,30300.0,0,0
M4A4 | Howl (Field-Tested),2026-02-26,30100.0,0,0
M4A4 | Howl (Field-Tested),2026-02-27,29999.0,0,0
M4A4 | Howl (Field-Tested),2026-02-28,30199.5,0,0
M4A4 | Howl (Field-Tested),2026-03-01,30189.5,0,0
M4A4 | Howl (Field-Tested),2026-03-02,30189.0,0,0
M4A4 | Howl (Field-Tested),2026-03-03,30150.0,0,0
M4A4 | Howl (Field-Tested),2026-03-04,30140.0,0,0
M4A4 | Howl (Field-Tested),2026-03-05,30200.0,0,0
M4A4 | Howl (Field-Tested),2026-03-06,30139.5,0,0
M4A4 | Howl (Field-Tested),2026-03-07,30787.5,0,0
M4A4 | Howl (Field-Tested),2026-03-08,30786.5,0,0
M4A4 | Howl (Field-Tested),2026-03-09,30786.5,0,0
M4A4 | Howl (Field-Tested),2026-03-10,30785.5,0,0
M4A4 | Howl (Field-Tested),2026-03-11,30785.0,0,0
M4A4 | Howl (Field-Tested),2026-03-12,30599.5,0,0
M4A4 | Howl (Field-Tested),2026-03-13,30599.0,0,0
M4A4 | Howl (Field-Tested),2026-03-14,30597.5,0,0
M4A4 | Howl (Field-Tested),2026-03-15,30595.8,0,0
M4A4 | Howl (Field-Tested),2026-03-16,30596.5,0,0
M4A4 | Howl (Field-Tested),2026-03-17,30900.0,0,0
M4A4 | Howl (Field-Tested),2026-03-18,30900.0,0,0
M4A4 | Howl (Field-Tested),2026-03-19,30887.5,0,0
M4A4 | Howl (Field-Tested),2026-03-20,30887.0,0,0
M4A4 | Howl (Field-Tested),2026-03-21,30887.0,0,0
M4A4 | Howl (Field-Tested),2026-03-22,31287.5,0,0
M4A4 | Howl (Field-Tested),2026-03-23,31287.0,0,0
M4A4 | Howl (Field-Tested),2026-03-24,31200.0,0,0
M4A4 | Howl (Field-Tested),2026-03-25,31000.0,0,0
M4A4 | Howl (Field-Tested),2026-03-26,31186.5,0,0
M4A4 | Howl (Field-Tested),2026-03-27,30499.0,0,0
M4A4 | Howl (Field-Tested),2026-03-28,31100.0,0,0
M4A4 | Howl (Field-Tested),2026-03-29,31186.0,0,0
M4A4 | Howl (Field-Tested),2026-03-30,31000.0,0,0
M4A4 | Howl (Field-Tested),2026-03-31,29999.0,0,0
M4A4 | Howl (Field-Tested),2026-04-01,30776.5,0,0
M4A4 | Howl (Field-Tested),2026-04-02,30600.0,0,0
M4A4 | Howl (Field-Tested),2026-04-03,30099.5,0,0
M4A4 | Howl (Field-Tested),2026-04-04,30092.0,0,0
M4A4 | Howl (Field-Tested),2026-04-05,30087.9,0,0
M4A4 | Howl (Field-Tested),2026-04-06,30078.7,0,0
M4A4 | Howl (Field-Tested),2026-04-07,29991.5,0,0
M4A4 | Howl (Field-Tested),2026-04-08,29980.99,0,0
M4A4 | Howl (Field-Tested),2026-04-09,29799.5,0,0
M4A4 | Howl (Field-Tested),2026-04-10,29950.0,0,0
M4A4 | Howl (Field-Tested),2026-04-11,29500.0,0,0
M4A4 | Howl (Field-Tested),2026-04-12,29493.0,0,0
M4A4 | Howl (Field-Tested),2026-04-13,30287.5,0,0
M4A4 | Howl (Field-Tested),2026-04-14,30199.5,0,0
M4A4 | Howl (Field-Tested),2026-04-15,30052.5,0,0
M4A4 | Howl (Field-Tested),2026-04-16,29899.0,0,0
M4A4 | Howl (Field-Tested),2026-04-17,29199.5,0,0
M4A4 | Howl (Field-Tested),2026-04-18,29199.5,0,0
M4A4 | Howl (Field-Tested),2026-04-19,30000.0,0,0
M4A4 | Howl (Field-Tested),2026-04-20,30000.0,0,0
M4A4 | Howl (Field-Tested),2026-04-21,30000.0,0,0
M4A4 | Howl (Field-Tested),2026-04-22,30000.0,0,0
M4A4 | Howl (Field-Tested),2026-04-23,29998.0,0,0
M4A4 | Howl (Field-Tested),2026-04-24,29996.0,0,0
M4A4 | Howl (Field-Tested),2026-04-25,29990.0,0,0
M4A4 | Howl (Field-Tested),2026-04-26,29886.8,0,0
M4A4 | Howl (Field-Tested),2026-04-27,29845.0,0,0
M4A4 | Howl (Field-Tested),2026-04-28,29755.0,0,0
M4A4 | Howl (Field-Tested),2026-04-29,29715.0,0,0
M4A4 | Howl (Field-Tested),2026-04-30,29859.97,0,0
M4A4 | Howl (Field-Tested),2026-05-01,29700.0,0,0
M4A4 | Howl (Field-Tested),2026-05-02,29700.0,0,0
M4A4 | Howl (Field-Tested),2026-05-03,29598.5,0,0
M4A4 | Howl (Field-Tested),2026-05-04,29300.0,0,0
M4A4 | Howl (Field-Tested),2026-05-05,29200.0,0,0
M4A4 | Howl (Field-Tested),2026-05-06,29200.0,0,0
M4A4 | Howl (Field-Tested),2026-05-07,29199.88,0,0
M4A4 | Howl (Field-Tested),2026-05-08,29000.0,0,0
M4A4 | Howl (Field-Tested),2026-05-09,29299.0,0,0
M4A4 | Howl (Field-Tested),2026-05-10,29100.0,0,0
M4A4 | Howl (Field-Tested),2026-05-11,28999.99,0,0
M4A4 | Howl (Field-Tested),2026-05-12,28988.5,0,0
M4A4 | Howl (Field-Tested),2026-05-13,28750.0,0,0
M4A4 | Howl (Field-Tested),2026-05-14,27998.0,0,0
M4A4 | Howl (Field-Tested),2026-05-15,28499.5,0,0
M4A4 | Howl (Field-Tested),2026-05-16,28288.0,0,0
M4A4 | Howl (Field-Tested),2026-05-17,28250.0,0,0
M4A4 | Howl (Field-Tested),2026-05-18,28199.0,0,0
M4A4 | Howl (Field-Tested),2026-05-19,28199.0,0,0
M4A4 | Howl (Field-Tested),2026-05-20,28499.0,0,0
M4A4 | Howl (Field-Tested),2026-05-21,28489.5,0,0
M4A4 | Howl (Field-Tested),2026-05-22,29000.0,0,0
M4A4 | Howl (Field-Tested),2026-05-23,29496.5,0,0
M4A4 | Howl (Field-Tested),2026-05-24,29400.0,0,0
M4A4 | Howl (Field-Tested),2026-05-25,28000.0,0,0
M4A4 | Howl (Field-Tested),2026-05-26,26800.0,0,0
M4A4 | Howl (Field-Tested),2026-05-27,26000.0,0,0
M4A4 | Howl (Field-Tested),2026-05-28,25999.5,0,0
M4A4 | Howl (Field-Tested),2026-05-29,26000.0,0,0
M4A4 | Howl (Field-Tested),2026-05-30,26500.0,0,0
M4A4 | Howl (Field-Tested),2026-05-31,26489.5,0,0
M4A4 | Howl (Field-Tested),2026-06-01,26000.0,0,0
M4A4 | Howl (Field-Tested),2026-06-02,25999.5,0,0
M4A4 | Howl (Field-Tested),2026-06-03,26500.0,0,0
M4A4 | Howl (Field-Tested),2026-06-04,27200.0,0,0
M4A4 | Howl (Field-Tested),2026-06-05,27950.0,0,0
M4A4 | Howl (Field-Tested),2026-06-06,28883.0,0,0
M4A4 | Howl (Field-Tested),2026-06-07,29000.0,0,0
M4A4 | Howl (Field-Tested),2026-06-08,29000.0,0,0
M4A4 | Howl (Field-Tested),2026-06-09,29000.0,0,0
M4A4 | Howl (Field-Tested),2026-06-10,29289.4,0,0
M4A4 | Howl (Field-Tested),2026-06-11,28799.5,0,0
M4A4 | Howl (Field-Tested),2026-06-12,28796.0,0,0
M4A4 | Howl (Field-Tested),2026-06-13,28793.0,0,0
M4A4 | Howl (Field-Tested),2026-06-14,28792.5,0,0
M4A4 | Howl (Field-Tested),2026-06-15,29250.0,0,0
M4A4 | Howl (Field-Tested),2026-06-16,29250.0,0,0
M4A4 | Howl (Field-Tested),2026-06-17,29250.0,0,0
M4A4 | Howl (Field-Tested),2026-06-18,29496.0,0,0
M4A4 | Howl (Field-Tested),2026-06-19,29549.5,0,0
M4A4 | Howl (Field-Tested),2026-06-20,29449.5,0,0
M4A4 | Howl (Field-Tested),2026-06-21,29300.0,0,0
M4A4 | Howl (Field-Tested),2026-06-22,29398.0,0,0
M4A4 | Howl (Field-Tested),2026-06-23,29988.0,0,0
M4A4 | Howl (Field-Tested),2026-06-24,29900.0,0,0
M4A4 | Howl (Field-Tested),2026-06-25,29848.0,0,0
M4A4 | Howl (Field-Tested),2026-06-26,29799.5,0,0
M4A4 | Howl (Field-Tested),2026-06-27,29799.0,0,0
M4A4 | Howl (Field-Tested),2026-06-28,30725.18,0,0
M4A4 | Howl (Field-Tested),2026-06-29,30799.0,0,0
M4A4 | Howl (Field-Tested),2026-06-30,30500.0,0,0
M4A4 | Howl (Field-Tested),2026-07-01,30500.0,0,0
M4A4 | Howl (Field-Tested),2026-07-02,30466.0,0,0
M4A4 | Howl (Field-Tested),2026-07-03,30449.0,0,0
M4A4 | Howl (Field-Tested),2026-07-04,30428.99,0,0
M4A4 | Howl (Field-Tested),2026-07-05,30199.5,0,0
M4A4 | Howl (Field-Tested),2026-07-06,29999.5,0,0
M4A4 | Howl (Field-Tested),2026-07-07,29800.0,0,0
M4A4 | Howl (Field-Tested),2026-07-08,29500.0,0,0
M4A4 | Howl (Field-Tested),2026-07-09,29500.0,0,0
M4A4 | Howl (Field-Tested),2026-07-10,29860.0,0,0
M4A4 | Howl (Field-Tested),2026-07-11,29849.5,0,0
M4A4 | Howl (Field-Tested),2026-07-12,29840.0,0,0
M4A4 | Howl (Field-Tested),2026-07-13,29839.5,0,0
M4A4 | Howl (Field-Tested),2026-07-14,29749.5,0,0
M4A4 | Howl (Field-Tested),2026-07-15,29749.5,0,0
M4A4 | Howl (Field-Tested),2026-07-16,30489.5,0,0
M4A4 | Howl (Field-Tested),2026-07-17,29500.0,0,0
M4A4 | Howl (Field-Tested),2026-07-18,29500.0,0,0
M4A4 | Howl (Field-Tested),2026-07-19,29495.0,0,0
M4A4 | Howl (Field-Tested),2026-07-20,29000.0,0,0
M4A4 | Howl (Field-Tested),2026-07-21,29998.9,0,0
M4A4 | Howl (Field-Tested),2026-07-22,29998.0,0,0
M4A4 | Howl (Field-Tested),2026-07-23,29997.83,0,0
M4A4 | Howl (Field-Tested),2026-07-24,29997.67,0,0
M4A4 | Howl (Field-Tested),2026-07-25,29997.5,0,0
M4A4 | Howl (Field-Tested),2026-07-26,29999.0,0,0
M4A4 | Howl (Field-Tested),2026-07-27,30000.0,0,0
M4A4 | Howl (Field-Tested),2026-07-28,30000.0,0,0
M4A4 | Howl (Field-Tested),2026-07-29,30999.0,0,0
M4A4 | Howl (Field-Tested),2026-07-30,30999.0,0,0
M4A4 | Howl (Field-Tested),2026-07-31,30998.9,0,0
M4A4 | Howl (Field-Tested),2026-08-01,30887.5,0,0
M4A4 | Howl (Field-Tested),2026-08-02,30587.5,0,0
M4A4 | Howl (Field-Tested),2026-08-03,29998.5,0,0
M4A4 | Howl (Field-Tested),2026-08-04,30198.0,0,0
M4A4 | Howl (Field-Tested),2026-08-05,30198.5,0,0
M4A4 | Howl (Field-Tested),2026-08-06,30186.44,0,0
M4A4 | Howl (Field-Tested),2026-08-07,29997.96,0,0
M4A4 | Howl (Field-Tested),2026-08-08,29969.99,0,0
M4A4 | Howl (Field-Tested),2026-08-09,29879.88,0,0
M4A4 | Howl (Field-Tested),2026-08-10,29771.96,0,0
M4A4 | Howl (Field-Tested),2026-08-11,29199.99,0,0
M4A4 | Howl (Field-Tested),2026-08-12,28697.47,0,0
M4A4 | Howl (Field-Tested),2026-08-13,28299.49,0,0
M4A4 | Howl (Field-Tested),2026-08-14,28198.48,0,0
M4A4 | Howl (Field-Tested),2026-08-15,28096.96,0,0
M4A4 | Howl (Field-Tested),2026-08-16,28092.88,0,0
M4A4 | Howl (Field-Tested),2026-08-17,28088.8,0,0
M4A4 | Howl (Field-Tested),2026-08-18,28081.7,0,0
M4A4 | Howl (Field-Tested),2026-08-19,28074.09,0,0
M4A4 | Howl (Field-Tested),2026-08-20,28067.49,0,0
M4A4 | Howl (Field-Tested),2026-08-21,28059.36,0,0
M4A4 | Howl (Field-Tested),2026-08-22,27996.46,0,0
M4A4 | Howl (Field-Tested),2026-08-23,27797.96,0,0
M4A4 | Howl (Field-Tested),2026-08-24,27687.48,0,0
M4A4 | Howl (Field-Tested),2026-08-25,27683.46,0,0
M4A4 | Howl (Field-Tested),2026-08-26,27677.96,0,0
M4A4 | Howl (Field-Tested),2026-08-27,27668.46,0,0
M4A4 | Howl (Field-Tested),2026-08-28,27664.84,0,0
M4A4 | Howl (Field-Tested),2026-08-29,27666.96,0,0
M4A4 | Howl (Field-Tested),2026-08-30,27597.5,0,0
M4A4 | Howl (Field-Tested),2026-08-31,27594.5,0,0
M4A4 | Howl (Field-Tested),2026-09-01,27594.5,0,0
M4A4 | Howl (Field-Tested),2026-09-02,27907.77,0,0
M4A4 | Howl (Field-Tested),2026-09-03,28099.5,0,0
M4A4 | Howl (Field-Tested),2026-09-04,27699.5,0,0
M4A4 | Howl (Field-Tested),2026-09-05,27600.0,0,0
M4A4 | Howl (Field-Tested),2026-09-06,27997.24,0,0
M4A4 | Howl (Field-Tested),2026-09-07,28159.65,0,0
M4A4 | Howl (Field-Tested),2026-09-08,28298.5,0,0
M4A4 | Howl (Field-Tested),2026-09-09,28099.0,0,0
M4A4 | Howl (Field-Tested),2026-09-10,28099.0,0,0
M4A4 | Howl (Field-Tested),2026-09-11,27799.0,0,0
M4A4 | Howl (Field-Tested),2026-09-12,27776.5,0,0
M4A4 | Howl (Field-Tested),2026-09-13,27499.0,0,0
M4A4 | Howl (Field-Tested),2026-09-14,27559.5,0,0
M4A4 | Howl (Field-Tested),2026-09-15,27289.0,0,0
M4A4 | Howl (Field-Tested),2026-09-16,27289.0,0,0
M4A4 | Howl (Field-Tested),2026-09-17,27450.0,0,0
M4A4 | Howl (Field-Tested),2026-09-18,27480.0,0,0
M4A4 | Howl (Field-Tested),2026-09-19,27099.0,0,0
M4A4 | Howl (Field-Tested),2026-09-20,28332.0,0,35
M4A4 | The Emperor (Field-Tested),2025-09-21,112.0,0,0
M4A4 | The Emperor (Field-Tested),2025-09-22,112.0,0,0
M4A4 | The Emperor (Field-Tested),2025-09-23,112.4,0,0
M4A4 | The Emperor (Field-Tested),2025-09-24,111.98,0,0
M4A4 | The Emperor (Field-Tested),2025-09-25,111.48,0,0
M4A4 | The Emperor (Field-Tested),2025-09-26,112.0,0,0
M4A4 | The Emperor (Field-Tested),2025-09-27,114.5,0,0
M4A4 | The Emperor (Field-Tested),2025-09-28,116.0,0,0
M4A4 | The Emperor (Field-Tested),2025-09-29,123.5,0,0
M4A4 | The Emperor (Field-Tested),2025-09-30,121.0,0,0
M4A4 | The Emperor (Field-Tested),2025-10-01,119.0,0,0
M4A4 | The Emperor (Field-Tested),2025-10-02,117.8,0,0
M4A4 | The Emperor (Field-Tested),2025-10-03,121.5,0,0
M4A4 | The Emperor (Field-Tested),2025-10-04,118.5,0,0
M4A4 | The Emperor (Field-Tested),2025-10-05,117.0,0,0
M4A4 | The Emperor (Field-Tested),2025-10-06,115.26,0,0
M4A4 | The Emperor (Field-Tested),2025-10-07,114.67,0,0
M4A4 | The Emperor (Field-Tested),2025-10-08,113.5,0,0
M4A4 | The Emperor (Field-Tested),2025-10-09,111.99,0,0
M4A4 | The Emperor (Field-Tested),2025-10-10,116.86,0,0
M4A4 | The Emperor (Field-Tested),2025-10-11,124.4,0,0
M4A4 | The Emperor (Field-Tested),2025-10-12,137.0,0,0
M4A4 | The Emperor (Field-Tested),2025-10-13,185.0,0,0
M4A4 | The Emperor (Field-Tested),2025-10-14,153.71,0,0
M4A4 | The Emperor (Field-Tested),2025-10-15,138.99,0,0
M4A4 | The Emperor (Field-Tested),2025-10-16,153.9,0,0
M4A4 | The Emperor (Field-Tested),2025-10-17,191.0,0,0
M4A4 | The Emperor (Field-Tested),2025-10-18,169.4,0,0
M4A4 | The Emperor (Field-Tested),2025-10-19,158.49,0,0
M4A4 | The Emperor (Field-Tested),2025-10-20,152.0,0,0
M4A4 | The Emperor (Field-Tested),2025-10-21,155.0,0,0
M4A4 | The Emperor (Field-Tested),2025-10-22,175.0,0,0
M4A4 | The Emperor (Field-Tested),2025-10-23,149.5,0,0
M4A4 | The Emperor (Field-Tested),2025-10-24,144.0,0,0
M4A4 | The Emperor (Field-Tested),2025-10-25,138.5,0,0
M4A4 | The Emperor (Field-Tested),2025-10-26,143.0,0,0
M4A4 | The Emperor (Field-Tested),2025-10-27,156.5,0,0
M4A4 | The Emperor (Field-Tested),2025-10-28,152.4,0,0
M4A4 | The Emperor (Field-Tested),2025-10-29,143.0,0,0
M4A4 | The Emperor (Field-Tested),2025-10-30,164.0,0,0
M4A4 | The Emperor (Field-Tested),2025-10-31,197.0,0,0
M4A4 | The Emperor (Field-Tested),2025-11-01,272.38,0,0
M4A4 | The Emperor (Field-Tested),2025-11-02,277.0,0,0
M4A4 | The Emperor (Field-Tested),2025-11-03,279.5,0,0
M4A4 | The Emperor (Field-Tested),2025-11-04,279.0,0,0
M4A4 | The Emperor (Field-Tested),2025-11-05,327.0,0,0
M4A4 | The Emperor (Field-Tested),2025-11-06,334.5,0,0
M4A4 | The Emperor (Field-Tested),2025-11-07,320.8,0,0
M4A4 | The Emperor (Field-Tested),2025-11-08,295.0,0,0
M4A4 | The Emperor (Field-Tested),2025-11-09,285.22,0,0
M4A4 | The Emperor (Field-Tested),2025-11-10,291.5,0,0
M4A4 | The Emperor (Field-Tested),2025-11-11,307.69,0,0
M4A4 | The Emperor (Field-Tested),2025-11-12,323.49,0,0
M4A4 | The Emperor (Field-Tested),2025-11-13,312.5,0,0
M4A4 | The Emperor (Field-Tested),2025-11-14,315.0,0,0
M4A4 | The Emperor (Field-Tested),2025-11-15,314.0,0,0
M4A4 | The Emperor (Field-Tested),2025-11-16,324.0,0,0
M4A4 | The Emperor (Field-Tested),2025-11-17,353.5,0,0
M4A4 | The Emperor (Field-Tested),2025-11-18,354.0,0,0
M4A4 | The Emperor (Field-Tested),2025-11-19,347.0,0,0
M4A4 | The Emperor (Field-Tested),2025-11-20,341.0,0,0
M4A4 | The Emperor (Field-Tested),2025-11-21,345.0,0,0
M4A4 | The Emperor (Field-Tested),2025-11-22,342.0,0,0
M4A4 | The Emperor (Field-Tested),2025-11-23,341.0,0,0
M4A4 | The Emperor (Field-Tested),2025-11-24,346.3,0,0
M4A4 | The Emperor (Field-Tested),2025-11-25,344.9,0,0
M4A4 | The Emperor (Field-Tested),2025-11-26,362.5,0,0
M4A4 | The Emperor (Field-Tested),2025-11-27,360.0,0,0
M4A4 | The Emperor (Field-Tested),2025-11-28,384.0,0,0
M4A4 | The Emperor (Field-Tested),2025-11-29,447.5,0,0
M4A4 | The Emperor (Field-Tested),2025-11-30,414.87,0,0
M4A4 | The Emperor (Field-Tested),2025-12-01,405.0,0,0
M4A4 | The Emperor (Field-Tested),2025-12-02,398.25,0,0
M4A4 | The Emperor (Field-Tested),2025-12-03,394.0,0,0
M4A4 | The Emperor (Field-Tested),2025-12-04,366.0,0,0
M4A4 | The Emperor (Field-Tested),2025-12-05,362.0,0,0
M4A4 | The Emperor (Field-Tested),2025-12-06,356.0,0,0
M4A4 | The Emperor (Field-Tested),2025-12-07,361.8,0,0
M4A4 | The Emperor (Field-Tested),2025-12-08,357.82,0,0
M4A4 | The Emperor (Field-Tested),2025-12-09,364.0,0,0
M4A4 | The Emperor (Field-Tested),2025-12-10,375.2,0,0
M4A4 | The Emperor (Field-Tested),2025-12-11,365.5,0,0
M4A4 | The Emperor (Field-Tested),2025-12-12,364.95,0,0
M4A4 | The Emperor (Field-Tested),2025-12-13,360.0,0,0
M4A4 | The Emperor (Field-Tested),2025-12-14,359.9,0,0
M4A4 | The Emperor (Field-Tested),2025-12-15,363.5,0,0
M4A4 | The Emperor (Field-Tested),2025-12-16,359.5,0,0
M4A4 | The Emperor (Field-Tested),2025-12-17,363.38,0,0
M4A4 | The Emperor (Field-Tested),2025-12-18,360.0,0,0
M4A4 | The Emperor (Field-Tested),2025-12-19,376.0,0,0
M4A4 | The Emperor (Field-Tested),2025-12-20,383.9,0,0
M4A4 | The Emperor (Field-Tested),2025-12-21,383.5,0,0
M4A4 | The Emperor (Field-Tested),2025-12-22,384.0,0,0
M4A4 | The Emperor (Field-Tested),2025-12-23,388.0,0,0
M4A4 | The Emperor (Field-Tested),2025-12-24,385.0,0,0
M4A4 | The Emperor (Field-Tested),2025-12-25,389.9,0,0
M4A4 | The Emperor (Field-Tested),2025-12-26,390.0,0,0
M4A4 | The Emperor (Field-Tested),2025-12-27,384.0,0,0
M4A4 | The Emperor (Field-Tested),2025-12-28,388.0,0,0
M4A4 | The Emperor (Field-Tested),2025-12-29,387.0,0,0
M4A4 | The Emperor (Field-Tested),2025-12-30,391.5,0,0
M4A4 | The Emperor (Field-Tested),2025-12-31,392.5,0,0
M4A4 | The Emperor (Field-Tested),2026-01-01,395.0,0,0
M4A4 | The Emperor (Field-Tested),2026-01-02,399.0,0,0
M4A4 | The Emperor (Field-Tested),2026-01-03,402.0,0,0
M4A4 | The Emperor (Field-Tested),2026-01-04,403.5,0,0
M4A4 | The Emperor (Field-Tested),2026-01-05,403.8,0,0
M4A4 | The Emperor (Field-Tested),2026-01-06,407.44,0,0
M4A4 | The Emperor (Field-Tested),2026-01-07,411.0,0,0
M4A4 | The Emperor (Field-Tested),2026-01-08,406.0,0,0
M4A4 | The Emperor (Field-Tested),2026-01-09,398.8,0,0
M4A4 | The Emperor (Field-Tested),2026-01-10,396.0,0,0
M4A4 | The Emperor (Field-Tested),2026-01-11,392.5,0,0
M4A4 | The Emperor (Field-Tested),2026-01-12,387.0,0,0
M4A4 | The Emperor (Field-Tested),2026-01-13,391.38,0,0
M4A4 | The Emperor (Field-Tested),2026-01-14,391.0,0,0
M4A4 | The Emperor (Field-Tested),2026-01-15,387.0,0,0
M4A4 | The Emperor (Field-Tested),2026-01-16,387.76,0,0
M4A4 | The Emperor (Field-Tested),2026-01-17,386.99,0,0
M4A4 | The Emperor (Field-Tested),2026-01-18,385.89,0,0
M4A4 | The Emperor (Field-Tested),2026-01-19,385.5,0,0
M4A4 | The Emperor (Field-Tested),2026-01-20,390.0,0,0
M4A4 | The Emperor (Field-Tested),2026-01-21,393.0,0,0
M4A4 | The Emperor (Field-Tested),2026-01-22,387.0,0,0
M4A4 | The Emperor (Field-Tested),2026-01-23,386.19,0,0
M4A4 | The Emperor (Field-Tested),2026-01-24,389.0,0,0
M4A4 | The Emperor (Field-Tested),2026-01-25,397.0,0,0
M4A4 | The Emperor (Field-Tested),2026-01-26,394.99,0,0
M4A4 | The Emperor (Field-Tested),2026-01-27,394.2,0,0
M4A4 | The Emperor (Field-Tested),2026-01-28,393.49,0,0
M4A4 | The Emperor (Field-Tested),2026-01-29,393.0,0,0
M4A4 | The Emperor (Field-Tested),2026-01-30,396.1,0,0
M4A4 | The Emperor (Field-Tested),2026-01-31,395.0,0,0
M4A4 | The Emperor (Field-Tested),2026-02-01,397.5,0,0
M4A4 | The Emperor (Field-Tested),2026-02-02,396.0,0,0
M4A4 | The Emperor (Field-Tested),2026-02-03,391.5,0,0
M4A4 | The Emperor (Field-Tested),2026-02-04,390.0,0,0
M4A4 | The Emperor (Field-Tested),2026-02-05,384.5,0,0
M4A4 | The Emperor (Field-Tested),2026-02-06,387.88,0,0
M4A4 | The Emperor (Field-Tested),2026-02-07,390.0,0,0
M4A4 | The Emperor (Field-Tested),2026-02-08,389.5,0,0
M4A4 | The Emperor (Field-Tested),2026-02-09,393.5,0,0
M4A4 | The Emperor (Field-Tested),2026-02-10,398.98,0,0
M4A4 | The Emperor (Field-Tested),2026-02-11,404.0,0,0
M4A4 | The Emperor (Field-Tested),2026-02-12,402.48,0,0
M4A4 | The Emperor (Field-Tested),2026-02-13,399.29,0,0
M4A4 | The Emperor (Field-Tested),2026-02-14,406.0,0,0
M4A4 | The Emperor (Field-Tested),2026-02-15,405.88,0,0
M4A4 | The Emperor (Field-Tested),2026-02-16,406.2,0,0
M4A4 | The Emperor (Field-Tested),2026-02-17,406.4,0,0
M4A4 | The Emperor (Field-Tested),2026-02-18,408.0,0,0
M4A4 | The Emperor (Field-Tested),2026-02-19,406.0,0,0
M4A4 | The Emperor (Field-Tested),2026-02-20,404.0,0,0
M4A4 | The Emperor (Field-Tested),2026-02-21,403.2,0,0
M4A4 | The Emperor (Field-Tested),2026-02-22,402.77,0,0
M4A4 | The Emperor (Field-Tested),2026-02-23,403.0,0,0
M4A4 | The Emperor (Field-Tested),2026-02-24,402.88,0,0
M4A4 | The Emperor (Field-Tested),2026-02-25,400.0,0,0
M4A4 | The Emperor (Field-Tested),2026-02-26,402.5,0,0
M4A4 | The Emperor (Field-Tested),2026-02-27,403.0,0,0
M4A4 | The Emperor (Field-Tested),2026-02-28,397.0,0,0
M4A4 | The Emperor (Field-Tested),2026-03-01,400.0,0,0
M4A4 | The Emperor (Field-Tested),2026-03-02,400.0,0,0
M4A4 | The Emperor (Field-Tested),2026-03-03,401.16,0,0
M4A4 | The Emperor (Field-Tested),2026-03-04,403.0,0,0
M4A4 | The Emperor (Field-Tested),2026-03-05,400.0,0,0
M4A4 | The Emperor (Field-Tested),2026-03-06,397.0,0,0
M4A4 | The Emperor (Field-Tested),2026-03-07,405.48,0,0
M4A4 | The Emperor (Field-Tested),2026-03-08,405.0,0,0
M4A4 | The Emperor (Field-Tested),2026-03-09,404.49,0,0
M4A4 | The Emperor (Field-Tested),2026-03-10,404.0,0,0
M4A4 | The Emperor (Field-Tested),2026-03-11,400.0,0,0
M4A4 | The Emperor (Field-Tested),2026-03-12,398.0,0,0
M4A4 | The Emperor (Field-Tested),2026-03-13,396.9,0,0
M4A4 | The Emperor (Field-Tested),2026-03-14,401.9,0,0
M4A4 | The Emperor (Field-Tested),2026-03-15,397.5,0,0
M4A4 | The Emperor (Field-Tested),2026-03-16,399.0,0,0
M4A4 | The Emperor (Field-Tested),2026-03-17,399.89,0,0
M4A4 | The Emperor (Field-Tested),2026-03-18,402.5,0,0
M4A4 | The Emperor (Field-Tested),2026-03-19,413.5,0,0
M4A4 | The Emperor (Field-Tested),2026-03-20,413.0,0,0
M4A4 | The Emperor (Field-Tested),2026-03-21,413.37,0,0
M4A4 | The Emperor (Field-Tested),2026-03-22,409.5,0,0
M4A4 | The Emperor (Field-Tested),2026-03-23,406.0,0,0
M4A4 | The Emperor (Field-Tested),2026-03-24,412.35,0,0
M4A4 | The Emperor (Field-Tested),2026-03-25,415.0,0,0
M4A4 | The Emperor (Field-Tested),2026-03-26,410.0,0,0
M4A4 | The Emperor (Field-Tested),2026-03-27,403.5,0,0
M4A4 | The Emperor (Field-Tested),2026-03-28,403.0,0,0
M4A4 | The Emperor (Field-Tested),2026-03-29,404.4,0,0
M4A4 | The Emperor (Field-Tested),2026-03-30,405.98,0,0
M4A4 | The Emperor (Field-Tested),2026-03-31,409.48,0,0
M4A4 | The Emperor (Field-Tested),2026-04-01,404.8,0,0
M4A4 | The Emperor (Field-Tested),2026-04-02,412.4,0,0
M4A4 | The Emperor (Field-Tested),2026-04-03,419.4,0,0
M4A4 | The Emperor (Field-Tested),2026-04-04,423.47,0,0
M4A4 | The Emperor (Field-Tested),2026-04-05,419.9,0,0
M4A4 | The Emperor (Field-Tested),2026-04-06,419.69,0,0
M4A4 | The Emperor (Field-Tested),2026-04-07,409.0,0,0
M4A4 | The Emperor (Field-Tested),2026-04-08,413.74,0,0
M4A4 | The Emperor (Field-Tested),2026-04-09,417.4,0,0
M4A4 | The Emperor (Field-Tested),2026-04-10,411.82,0,0
M4A4 | The Emperor (Field-Tested),2026-04-11,415.0,0,0
M4A4 | The Emperor (Field-Tested),2026-04-12,417.49,0,0
M4A4 | The Emperor (Field-Tested),2026-04-13,414.0,0,0
M4A4 | The Emperor (Field-Tested),2026-04-14,416.9,0,0
M4A4 | The Emperor (Field-Tested),2026-04-15,408.0,0,0
M4A4 | The Emperor (Field-Tested),2026-04-16,405.0,0,0
M4A4 | The Emperor (Field-Tested),2026-04-17,398.5,0,0
M4A4 | The Emperor (Field-Tested),2026-04-18,410.0,0,0
M4A4 | The Emperor (Field-Tested),2026-04-19,411.5,0,0
M4A4 | The Emperor (Field-Tested),2026-04-20,410.0,0,0
M4A4 | The Emperor (Field-Tested),2026-04-21,400.0,0,0
M4A4 | The Emperor (Field-Tested),2026-04-22,395.0,0,0
M4A4 | The Emperor (Field-Tested),2026-04-23,384.5,0,0
M4A4 | The Emperor (Field-Tested),2026-04-24,379.47,0,0
M4A4 | The Emperor (Field-Tested),2026-04-25,388.99,0,0
M4A4 | The Emperor (Field-Tested),2026-04-26,388.49,0,0
M4A4 | The Emperor (Field-Tested),2026-04-27,385.0,0,0
M4A4 | The Emperor (Field-Tested),2026-04-28,377.0,0,0
M4A4 | The Emperor (Field-Tested),2026-04-29,376.0,0,0
M4A4 | The Emperor (Field-Tested),2026-04-30,376.29,0,0
M4A4 | The Emperor (Field-Tested),2026-05-01,375.28,0,0
M4A4 | The Emperor (Field-Tested),2026-05-02,374.97,0,0
M4A4 | The Emperor (Field-Tested),2026-05-03,379.5,0,0
M4A4 | The Emperor (Field-Tested),2026-05-04,377.5,0,0
M4A4 | The Emperor (Field-Tested),2026-05-05,379.9,0,0
M4A4 | The Emperor (Field-Tested),2026-05-06,370.0,0,0
M4A4 | The Emperor (Field-Tested),2026-05-07,378.4,0,0
M4A4 | The Emperor (Field-Tested),2026-05-08,377.85,0,0
M4A4 | The Emperor (Field-Tested),2026-05-09,370.0,0,0
M4A4 | The Emperor (Field-Tested),2026-05-10,370.0,0,0
M4A4 | The Emperor (Field-Tested),2026-05-11,354.5,0,0
M4A4 | The Emperor (Field-Tested),2026-05-12,359.5,0,0
M4A4 | The Emperor (Field-Tested),2026-05-13,365.0,0,0
M4A4 | The Emperor (Field-Tested),2026-05-14,361.5,0,0
M4A4 | The Emperor (Field-Tested),2026-05-15,360.0,0,0
M4A4 | The Emperor (Field-Tested),2026-05-16,360.0,0,0
M4A4 | The Emperor (Field-Tested),2026-05-17,360.99,0,0
M4A4 | The Emperor (Field-Tested),2026-05-18,364.0,0,0
M4A4 | The Emperor (Field-Tested),2026-05-19,365.0,0,0
M4A4 | The Emperor (Field-Tested),2026-05-20,368.0,0,0
M4A4 | The Emperor (Field-Tested),2026-05-21,367.5,0,0
M4A4 | The Emperor (Field-Tested),2026-05-22,364.5,0,0
M4A4 | The Emperor (Field-Tested),2026-05-23,359.5,0,0
M4A4 | The Emperor (Field-Tested),2026-05-24,358.0,0,0
M4A4 | The Emperor (Field-Tested),2026-05-25,343.0,0,0
M4A4 | The Emperor (Field-Tested),2026-05-26,328.95,0,0
M4A4 | The Emperor (Field-Tested),2026-05-27,314.9,0,0
M4A4 | The Emperor (Field-Tested),2026-05-28,326.49,0,0
M4A4 | The Emperor (Field-Tested),2026-05-29,330.0,0,0
M4A4 | The Emperor (Field-Tested),2026-05-30,342.0,0,0
M4A4 | The Emperor (Field-Tested),2026-05-31,346.0,0,0
M4A4 | The Emperor (Field-Tested),2026-06-01,348.85,0,0
M4A4 | The Emperor (Field-Tested),2026-06-02,352.5,0,0
M4A4 | The Emperor (Field-Tested),2026-06-03,357.5,0,0
M4A4 | The Emperor (Field-Tested),2026-06-04,366.0,0,0
M4A4 | The Emperor (Field-Tested),2026-06-05,362.0,0,0
M4A4 | The Emperor (Field-Tested),2026-06-06,360.0,0,0
M4A4 | The Emperor (Field-Tested),2026-06-07,361.0,0,0
M4A4 | The Emperor (Field-Tested),2026-06-08,365.29,0,0
M4A4 | The Emperor (Field-Tested),2026-06-09,364.98,0,0
M4A4 | The Emperor (Field-Tested),2026-06-10,364.29,0,0
M4A4 | The Emperor (Field-Tested),2026-06-11,362.4,0,0
M4A4 | The Emperor (Field-Tested),2026-06-12,358.66,0,0
M4A4 | The Emperor (Field-Tested),2026-06-13,358.39,0,0
M4A4 | The Emperor (Field-Tested),2026-06-14,367.65,0,0
M4A4 | The Emperor (Field-Tested),2026-06-15,368.0,0,0
M4A4 | The Emperor (Field-Tested),2026-06-16,363.0,0,0
M4A4 | The Emperor (Field-Tested),2026-06-17,368.4,0,0
M4A4 | The Emperor (Field-Tested),2026-06-18,366.66,0,0
M4A4 | The Emperor (Field-Tested),2026-06-19,364.5,0,0
M4A4 | The Emperor (Field-Tested),2026-06-20,368.5,0,0
M4A4 | The Emperor (Field-Tested),2026-06-21,364.0,0,0
M4A4 | The Emperor (Field-Tested),2026-06-22,365.0,0,0
M4A4 | The Emperor (Field-Tested),2026-06-23,365.0,0,0
M4A4 | The Emperor (Field-Tested),2026-06-24,368.68,0,0
M4A4 | The Emperor (Field-Tested),2026-06-25,375.5,0,0
M4A4 | The Emperor (Field-Tested),2026-06-26,376.65,0,0
M4A4 | The Emperor (Field-Tested),2026-06-27,376.67,0,0
M4A4 | The Emperor (Field-Tested),2026-06-28,380.05,0,0
M4A4 | The Emperor (Field-Tested),2026-06-29,384.9,0,0
M4A4 | The Emperor (Field-Tested),2026-06-30,379.0,0,0
M4A4 | The Emperor (Field-Tested),2026-07-01,382.0,0,0
M4A4 | The Emperor (Field-Tested),2026-07-02,382.0,0,0
M4A4 | The Emperor (Field-Tested),2026-07-03,377.49,0,0
M4A4 | The Emperor (Field-Tested),2026-07-04,378.0,0,0
M4A4 | The Emperor (Field-Tested),2026-07-05,377.8,0,0
M4A4 | The Emperor (Field-Tested),2026-07-06,376.49,0,0
M4A4 | The Emperor (Field-Tested),2026-07-07,370.0,0,0
M4A4 | The Emperor (Field-Tested),2026-07-08,372.0,0,0
M4A4 | The Emperor (Field-Tested),2026-07-09,373.8,0,0
M4A4 | The Emperor (Field-Tested),2026-07-10,376.9,0,0
M4A4 | The Emperor (Field-Tested),2026-07-11,379.5,0,0
M4A4 | The Emperor (Field-Tested),2026-07-12,375.0,0,0
M4A4 | The Emperor (Field-Tested),2026-07-13,378.9,0,0
M4A4 | The Emperor (Field-Tested),2026-07-14,368.5,0,0
M4A4 | The Emperor (Field-Tested),2026-07-15,374.0,0,0
M4A4 | The Emperor (Field-Tested),2026-07-16,377.0,0,0
M4A4 | The Emperor (Field-Tested),2026-07-17,373.0,0,0
M4A4 | The Emperor (Field-Tested),2026-07-18,378.0,0,0
M4A4 | The Emperor (Field-Tested),2026-07-19,383.0,0,0
M4A4 | The Emperor (Field-Tested),2026-07-20,387.5,0,0
M4A4 | The Emperor (Field-Tested),2026-07-21,385.4,0,0
M4A4 | The Emperor (Field-Tested),2026-07-22,375.0,0,0
M4A4 | The Emperor (Field-Tested),2026-07-23,375.33,0,0
M4A4 | The Emperor (Field-Tested),2026-07-24,375.67,0,0
M4A4 | The Emperor (Field-Tested),2026-07-25,376.0,0,0
M4A4 | The Emperor (Field-Tested),2026-07-26,373.78,0,0
M4A4 | The Emperor (Field-Tested),2026-07-27,368.0,0,0
M4A4 | The Emperor (Field-Tested),2026-07-28,367.37,0,0
M4A4 | The Emperor (Field-Tested),2026-07-29,366.2,0,0
M4A4 | The Emperor (Field-Tested),2026-07-30,365.0,0,0
M4A4 | The Emperor (Field-Tested),2026-07-31,362.5,0,0
M4A4 | The Emperor (Field-Tested),2026-08-01,362.5,0,0
M4A4 | The Emperor (Field-Tested),2026-08-02,367.88,0,0
M4A4 | The Emperor (Field-Tested),2026-08-03,365.38,0,0
M4A4 | The Emperor (Field-Tested),2026-08-04,366.9,0,0
M4A4 | The Emperor (Field-Tested),2026-08-05,367.5,0,0
M4A4 | The Emperor (Field-Tested),2026-08-06,368.0,0,0
M4A4 | The Emperor (Field-Tested),2026-08-07,371.4,0,0
M4A4 | The Emperor (Field-Tested),2026-08-08,372.8,0,0
M4A4 | The Emperor (Field-Tested),2026-08-09,368.5,0,0
M4A4 | The Emperor (Field-Tested),2026-08-10,367.0,0,0
M4A4 | The Emperor (Field-Tested),2026-08-11,370.5,0,0
M4A4 | The Emperor (Field-Tested),2026-08-12,367.8,0,0
M4A4 | The Emperor (Field-Tested),2026-08-13,362.6,0,0
M4A4 | The Emperor (Field-Tested),2026-08-14,359.5,0,0
M4A4 | The Emperor (Field-Tested),2026-08-15,359.3,0,0
M4A4 | The Emperor (Field-Tested),2026-08-16,355.8,0,0
M4A4 | The Emperor (Field-Tested),2026-08-17,352.39,0,0
M4A4 | The Emperor (Field-Tested),2026-08-18,352.7,0,0
M4A4 | The Emperor (Field-Tested),2026-08-19,352.2,0,0
M4A4 | The Emperor (Field-Tested),2026-08-20,349.3,0,0
M4A4 | The Emperor (Field-Tested),2026-08-21,344.5,0,0
M4A4 | The Emperor (Field-Tested),2026-08-22,348.47,0,0
M4A4 | The Emperor (Field-Tested),2026-08-23,351.0,0,0
M4A4 | The Emperor (Field-Tested),2026-08-24,349.49,0,0
M4A4 | The Emperor (Field-Tested),2026-08-25,349.49,0,0
M4A4 | The Emperor (Field-Tested),2026-08-26,351.72,0,0
M4A4 | The Emperor (Field-Tested),2026-08-27,361.5,0,0
M4A4 | The Emperor (Field-Tested),2026-08-28,367.38,0,0
M4A4 | The Emperor (Field-Tested),2026-08-29,361.69,0,0
M4A4 | The Emperor (Field-Tested),2026-08-30,362.39,0,0
M4A4 | The Emperor (Field-Tested),2026-08-31,359.28,0,0
M4A4 | The Emperor (Field-Tested),2026-09-01,370.98,0,0
M4A4 | The Emperor (Field-Tested),2026-09-02,369.9,0,0
M4A4 | The Emperor (Field-Tested),2026-09-03,367.99,0,0
M4A4 | The Emperor (Field-Tested),2026-09-04,363.0,0,0
M4A4 | The Emperor (Field-Tested),2026-09-05,361.5,0,0
M4A4 | The Emperor (Field-Tested),2026-09-06,361.07,0,0
M4A4 | The Emperor (Field-Tested),2026-09-07,363.0,0,0
M4A4 | The Emperor (Field-Tested),2026-09-08,363.4,0,0
M4A4 | The Emperor (Field-Tested),2026-09-09,363.0,0,0
M4A4 | The Emperor (Field-Tested),2026-09-10,359.0,0,0
M4A4 | The Emperor (Field-Tested),2026-09-11,361.49,0,0
M4A4 | The Emperor (Field-Tested),2026-09-12,366.89,0,0
M4A4 | The Emperor (Field-Tested),2026-09-13,365.0,0,0
M4A4 | The Emperor (Field-Tested),2026-09-14,359.5,0,0
M4A4 | The Emperor (Field-Tested),2026-09-15,360.0,0,0
M4A4 | The Emperor (Field-Tested),2026-09-16,357.38,0,0
M4A4 | The Emperor (Field-Tested),2026-09-17,348.0,0,0
M4A4 | The Emperor (Field-Tested),2026-09-18,351.0,0,0
M4A4 | The Emperor (Field-Tested),2026-09-19,348.91,0,0
M4A4 | The Emperor (Field-Tested),2026-09-20,349.0,0,435
USP-S | Kill Confirmed (Field-Tested),2025-09-21,519.5,0,0
USP-S | Kill Confirmed (Field-Tested),2025-09-22,518.38,0,0
USP-S | Kill Confirmed (Field-Tested),2025-09-23,519.8,0,0
USP-S | Kill Confirmed (Field-Tested),2025-09-24,513.4,0,0
USP-S | Kill Confirmed (Field-Tested),2025-09-25,508.0,0,0
USP-S | Kill Confirmed (Field-Tested),2025-09-26,515.0,0,0
USP-S | Kill Confirmed (Field-Tested),2025-09-27,505.9,0,0
USP-S | Kill Confirmed (Field-Tested),2025-09-28,498.4,0,0
USP-S | Kill Confirmed (Field-Tested),2025-09-29,498.0,0,0
USP-S | Kill Confirmed (Field-Tested),2025-09-30,493.9,0,0
USP-S | Kill Confirmed (Field-Tested),2025-10-01,492.9,0,0
USP-S | Kill Confirmed (Field-Tested),2025-10-02,489.98,0,0
USP-S | Kill Confirmed (Field-Tested),2025-10-03,491.4,0,0
USP-S | Kill Confirmed (Field-Tested),2025-10-04,485.0,0,0
USP-S | Kill Confirmed (Field-Tested),2025-10-05,485.8,0,0
USP-S | Kill Confirmed (Field-Tested),2025-10-06,486.0,0,0
USP-S | Kill Confirmed (Field-Tested),2025-10-07,484.5,0,0
USP-S | Kill Confirmed (Field-Tested),2025-10-08,464.5,0,0
USP-S | Kill Confirmed (Field-Tested),2025-10-09,459.9,0,0
USP-S | Kill Confirmed (Field-Tested),2025-10-10,463.0,0,0
USP-S | Kill Confirmed (Field-Tested),2025-10-11,458.49,0,0
USP-S | Kill Confirmed (Field-Tested),2025-10-12,467.5,0,0
USP-S | Kill Confirmed (Field-Tested),2025-10-13,487.9,0,0
USP-S | Kill Confirmed (Field-Tested),2025-10-14,475.5,0,0
USP-S | Kill Confirmed (Field-Tested),2025-10-15,469.0,0,0
USP-S | Kill Confirmed (Field-Tested),2025-10-16,469.9,0,0
USP-S | Kill Confirmed (Field-Tested),2025-10-17,470.0,0,0
USP-S | Kill Confirmed (Field-Tested),2025-10-18,469.9,0,0
USP-S | Kill Confirmed (Field-Tested),2025-10-19,459.5,0,0
USP-S | Kill Confirmed (Field-Tested),2025-10-20,451.5,0,0
USP-S | Kill Confirmed (Field-Tested),2025-10-21,463.0,0,0
USP-S | Kill Confirmed (Field-Tested),2025-10-22,474.96,0,0
USP-S | Kill Confirmed (Field-Tested),2025-10-23,374.5,0,0
USP-S | Kill Confirmed (Field-Tested),2025-10-24,293.0,0,0
USP-S | Kill Confirmed (Field-Tested),2025-10-25,378.0,0,0
USP-S | Kill Confirmed (Field-Tested),2025-10-26,343.5,0,0
USP-S | Kill Confirmed (Field-Tested),2025-10-27,378.5,0,0
USP-S | Kill Confirmed (Field-Tested),2025-10-28,362.5,0,0
USP-S | Kill Confirmed (Field-Tested),2025-10-29,359.8,0,0
USP-S | Kill Confirmed (Field-Tested),2025-10-30,387.0,0,0
USP-S | Kill Confirmed (Field-Tested),2025-10-31,395.0,0,0
USP-S | Kill Confirmed (Field-Tested),2025-11-01,410.0,0,0
USP-S | Kill Confirmed (Field-Tested),2025-11-02,414.0,0,0
USP-S | Kill Confirmed (Field-Tested),2025-11-03,417.0,0,0
USP-S | Kill Confirmed (Field-Tested),2025-11-04,403.0,0,0
USP-S | Kill Confirmed (Field-Tested),2025-11-05,424.4,0,0
USP-S | Kill Confirmed (Field-Tested),2025-11-06,436.0,0,0
USP-S | Kill Confirmed (Field-Tested),2025-11-07,435.0,0,0
USP-S | Kill Confirmed (Field-Tested),2025-11-08,429.0,0,0
USP-S | Kill Confirmed (Field-Tested),2025-11-09,415.5,0,0
USP-S | Kill Confirmed (Field-Tested),2025-11-10,418.5,0,0
USP-S | Kill Confirmed (Field-Tested),2025-11-11,420.0,0,0
USP-S | Kill Confirmed (Field-Tested),2025-11-12,420.0,0,0
USP-S | Kill Confirmed (Field-Tested),2025-11-13,433.33,0,0
USP-S | Kill Confirmed (Field-Tested),2025-11-14,432.9,0,0
USP-S | Kill Confirmed (Field-Tested),2025-11-15,435.0,0,0
USP-S | Kill Confirmed (Field-Tested),2025-11-16,445.8,0,0
USP-S | Kill Confirmed (Field-Tested),2025-11-17,438.0,0,0
USP-S | Kill Confirmed (Field-Tested),2025-11-18,460.88,0,0
USP-S | Kill Confirmed (Field-Tested),2025-11-19,472.0,0,0
USP-S | Kill Confirmed (Field-Tested),2025-11-20,463.5,0,0
USP-S | Kill Confirmed (Field-Tested),2025-11-21,458.0,0,0
USP-S | Kill Confirmed (Field-Tested),2025-11-22,462.5,0,0
USP-S | Kill Confirmed (Field-Tested),2025-11-23,479.0,0,0
USP-S | Kill Confirmed (Field-Tested),2025-11-24,507.0,0,0
USP-S | Kill Confirmed (Field-Tested),2025-11-25,499.99,0,0
USP-S | Kill Confirmed (Field-Tested),2025-11-26,502.0,0,0
USP-S | Kill Confirmed (Field-Tested),2025-11-27,502.0,0,0
USP-S | Kill Confirmed (Field-Tested),2025-11-28,545.0,0,0
USP-S | Kill Confirmed (Field-Tested),2025-11-29,568.2,0,0
USP-S | Kill Confirmed (Field-Tested),2025-11-30,548.0,0,0
USP-S | Kill Confirmed (Field-Tested),2025-12-01,541.98,0,0
USP-S | Kill Confirmed (Field-Tested),2025-12-02,539.4,0,0
USP-S | Kill Confirmed (Field-Tested),2025-12-03,557.8,0,0
USP-S | Kill Confirmed (Field-Tested),2025-12-04,547.0,0,0
USP-S | Kill Confirmed (Field-Tested),2025-12-05,529.0,0,0
USP-S | Kill Confirmed (Field-Tested),2025-12-06,508.5,0,0
USP-S | Kill Confirmed (Field-Tested),2025-12-07,514.0,0,0
USP-S | Kill Confirmed (Field-Tested),2025-12-08,493.5,0,0
USP-S | Kill Confirmed (Field-Tested),2025-12-09,506.0,0,0
USP-S | Kill Confirmed (Field-Tested),2025-12-10,528.5,0,0
USP-S | Kill Confirmed (Field-Tested),2025-12-11,528.5,0,0
USP-S | Kill Confirmed (Field-Tested),2025-12-12,518.99,0,0
USP-S | Kill Confirmed (Field-Tested),2025-12-13,520.0,0,0
USP-S | Kill Confirmed (Field-Tested),2025-12-14,506.0,0,0
USP-S | Kill Confirmed (Field-Tested),2025-12-15,519.5,0,0
USP-S | Kill Confirmed (Field-Tested),2025-12-16,514.0,0,0
USP-S | Kill Confirmed (Field-Tested),2025-12-17,513.7,0,0
USP-S | Kill Confirmed (Field-Tested),2025-12-18,507.0,0,0
USP-S | Kill Confirmed (Field-Tested),2025-12-19,515.0,0,0
USP-S | Kill Confirmed (Field-Tested),2025-12-20,521.5,0,0
USP-S | Kill Confirmed (Field-Tested),2025-12-21,519.5,0,0
USP-S | Kill Confirmed (Field-Tested),2025-12-22,512.0,0,0
USP-S | Kill Confirmed (Field-Tested),2025-12-23,503.99,0,0
USP-S | Kill Confirmed (Field-Tested),2025-12-24,515.0,0,0
USP-S | Kill Confirmed (Field-Tested),2025-12-25,509.99,0,0
USP-S | Kill Confirmed (Field-Tested),2025-12-26,510.4,0,0
USP-S | Kill Confirmed (Field-Tested),2025-12-27,504.5,0,0
USP-S | Kill Confirmed (Field-Tested),2025-12-28,517.88,0,0
USP-S | Kill Confirmed (Field-Tested),2025-12-29,508.5,0,0
USP-S | Kill Confirmed (Field-Tested),2025-12-30,514.5,0,0
USP-S | Kill Confirmed (Field-Tested),2025-12-31,513.5,0,0
USP-S | Kill Confirmed (Field-Tested),2026-01-01,515.0,0,0
USP-S | Kill Confirmed (Field-Tested),2026-01-02,514.5,0,0
USP-S | Kill Confirmed (Field-Tested),2026-01-03,510.0,0,0
USP-S | Kill Confirmed (Field-Tested),2026-01-04,513.0,0,0
USP-S | Kill Confirmed (Field-Tested),2026-01-05,514.5,0,0
USP-S | Kill Confirmed (Field-Tested),2026-01-06,514.0,0,0
USP-S | Kill Confirmed (Field-Tested),2026-01-07,516.0,0,0
USP-S | Kill Confirmed (Field-Tested),2026-01-08,516.9,0,0
USP-S | Kill Confirmed (Field-Tested),2026-01-09,515.0,0,0
USP-S | Kill Confirmed (Field-Tested),2026-01-10,514.0,0,0
USP-S | Kill Confirmed (Field-Tested),2026-01-11,509.0,0,0
USP-S | Kill Confirmed (Field-Tested),2026-01-12,498.0,0,0
USP-S | Kill Confirmed (Field-Tested),2026-01-13,509.0,0,0
USP-S | Kill Confirmed (Field-Tested),2026-01-14,508.5,0,0
USP-S | Kill Confirmed (Field-Tested),2026-01-15,505.0,0,0
USP-S | Kill Confirmed (Field-Tested),2026-01-16,505.0,0,0
USP-S | Kill Confirmed (Field-Tested),2026-01-17,506.5,0,0
USP-S | Kill Confirmed (Field-Tested),2026-01-18,500.0,0,0
USP-S | Kill Confirmed (Field-Tested),2026-01-19,495.5,0,0
USP-S | Kill Confirmed (Field-Tested),2026-01-20,497.0,0,0
USP-S | Kill Confirmed (Field-Tested),2026-01-21,499.0,0,0
USP-S | Kill Confirmed (Field-Tested),2026-01-22,495.0,0,0
USP-S | Kill Confirmed (Field-Tested),2026-01-23,475.0,0,0
USP-S | Kill Confirmed (Field-Tested),2026-01-24,458.5,0,0
USP-S | Kill Confirmed (Field-Tested),2026-01-25,485.0,0,0
USP-S | Kill Confirmed (Field-Tested),2026-01-26,488.5,0,0
USP-S | Kill Confirmed (Field-Tested),2026-01-27,490.0,0,0
USP-S | Kill Confirmed (Field-Tested),2026-01-28,489.97,0,0
USP-S | Kill Confirmed (Field-Tested),2026-01-29,493.86,0,0
USP-S | Kill Confirmed (Field-Tested),2026-01-30,491.0,0,0
USP-S | Kill Confirmed (Field-Tested),2026-01-31,490.0,0,0
USP-S | Kill Confirmed (Field-Tested),2026-02-01,491.5,0,0
USP-S | Kill Confirmed (Field-Tested),2026-02-02,485.0,0,0
USP-S | Kill Confirmed (Field-Tested),2026-02-03,488.0,0,0
USP-S | Kill Confirmed (Field-Tested),2026-02-04,487.3,0,0
USP-S | Kill Confirmed (Field-Tested),2026-02-05,483.5,0,0
USP-S | Kill Confirmed (Field-Tested),2026-02-06,479.0,0,0
USP-S | Kill Confirmed (Field-Tested),2026-02-07,480.49,0,0
USP-S | Kill Confirmed (Field-Tested),2026-02-08,480.0,0,0
USP-S | Kill Confirmed (Field-Tested),2026-02-09,475.0,0,0
USP-S | Kill Confirmed (Field-Tested),2026-02-10,478.88,0,0
USP-S | Kill Confirmed (Field-Tested),2026-02-11,483.5,0,0
USP-S | Kill Confirmed (Field-Tested),2026-02-12,487.98,0,0
USP-S | Kill Confirmed (Field-Tested),2026-02-13,487.0,0,0
USP-S | Kill Confirmed (Field-Tested),2026-02-14,492.0,0,0
USP-S | Kill Confirmed (Field-Tested),2026-02-15,493.0,0,0
USP-S | Kill Confirmed (Field-Tested),2026-02-16,499.0,0,0
USP-S | Kill Confirmed (Field-Tested),2026-02-17,511.5,0,0
USP-S | Kill Confirmed (Field-Tested),2026-02-18,504.0,0,0
USP-S | Kill Confirmed (Field-Tested),2026-02-19,517.7,0,0
USP-S | Kill Confirmed (Field-Tested),2026-02-20,507.95,0,0
USP-S | Kill Confirmed (Field-Tested),2026-02-21,510.0,0,0
USP-S | Kill Confirmed (Field-Tested),2026-02-22,508.0,0,0
USP-S | Kill Confirmed (Field-Tested),2026-02-23,512.0,0,0
USP-S | Kill Confirmed (Field-Tested),2026-02-24,510.0,0,0
USP-S | Kill Confirmed (Field-Tested),2026-02-25,511.4,0,0
USP-S | Kill Confirmed (Field-Tested),2026-02-26,510.0,0,0
USP-S | Kill Confirmed (Field-Tested),2026-02-27,514.0,0,0
USP-S | Kill Confirmed (Field-Tested),2026-02-28,508.0,0,0
USP-S | Kill Confirmed (Field-Tested),2026-03-01,513.0,0,0
USP-S | Kill Confirmed (Field-Tested),2026-03-02,510.0,0,0
USP-S | Kill Confirmed (Field-Tested),2026-03-03,516.5,0,0
USP-S | Kill Confirmed (Field-Tested),2026-03-04,517.0,0,0
USP-S | Kill Confirmed (Field-Tested),2026-03-05,518.0,0,0
USP-S | Kill Confirmed (Field-Tested),2026-03-06,516.0,0,0
USP-S | Kill Confirmed (Field-Tested),2026-03-07,521.9,0,0
USP-S | Kill Confirmed (Field-Tested),2026-03-08,520.0,0,0
USP-S | Kill Confirmed (Field-Tested),2026-03-09,524.66,0,0
USP-S | Kill Confirmed (Field-Tested),2026-03-10,524.5,0,0
USP-S | Kill Confirmed (Field-Tested),2026-03-11,524.76,0,0
USP-S | Kill Confirmed (Field-Tested),2026-03-12,519.5,0,0
USP-S | Kill Confirmed (Field-Tested),2026-03-13,517.5,0,0
USP-S | Kill Confirmed (Field-Tested),2026-03-14,522.0,0,0
USP-S | Kill Confirmed (Field-Tested),2026-03-15,522.0,0,0
USP-S | Kill Confirmed (Field-Tested),2026-03-16,523.31,0,0
USP-S | Kill Confirmed (Field-Tested),2026-03-17,524.5,0,0
USP-S | Kill Confirmed (Field-Tested),2026-03-18,520.0,0,0
USP-S | Kill Confirmed (Field-Tested),2026-03-19,509.5,0,0
USP-S | Kill Confirmed (Field-Tested),2026-03-20,514.5,0,0
USP-S | Kill Confirmed (Field-Tested),2026-03-21,511.49,0,0
USP-S | Kill Confirmed (Field-Tested),2026-03-22,510.0,0,0
USP-S | Kill Confirmed (Field-Tested),2026-03-23,510.5,0,0
USP-S | Kill Confirmed (Field-Tested),2026-03-24,505.0,0,0
USP-S | Kill Confirmed (Field-Tested),2026-03-25,504.0,0,0
USP-S | Kill Confirmed (Field-Tested),2026-03-26,507.0,0,0
USP-S | Kill Confirmed (Field-Tested),2026-03-27,506.0,0,0
USP-S | Kill Confirmed (Field-Tested),2026-03-28,506.5,0,0
USP-S | Kill Confirmed (Field-Tested),2026-03-29,505.5,0,0
USP-S | Kill Confirmed (Field-Tested),2026-03-30,506.5,0,0
USP-S | Kill Confirmed (Field-Tested),2026-03-31,500.5,0,0
USP-S | Kill Confirmed (Field-Tested),2026-04-01,500.0,0,0
USP-S | Kill Confirmed (Field-Tested),2026-04-02,503.5,0,0
USP-S | Kill Confirmed (Field-Tested),2026-04-03,507.0,0,0
USP-S | Kill Confirmed (Field-Tested),2026-04-04,500.0,0,0
USP-S | Kill Confirmed (Field-Tested),2026-04-05,498.8,0,0
USP-S | Kill Confirmed (Field-Tested),2026-04-06,493.0,0,0
USP-S | Kill Confirmed (Field-Tested),2026-04-07,502.29,0,0
USP-S | Kill Confirmed (Field-Tested),2026-04-08,498.0,0,0
USP-S | Kill Confirmed (Field-Tested),2026-04-09,496.0,0,0
USP-S | Kill Confirmed (Field-Tested),2026-04-10,497.5,0,0
USP-S | Kill Confirmed (Field-Tested),2026-04-11,494.5,0,0
USP-S | Kill Confirmed (Field-Tested),2026-04-12,499.5,0,0
USP-S | Kill Confirmed (Field-Tested),2026-04-13,496.3,0,0
USP-S | Kill Confirmed (Field-Tested),2026-04-14,496.98,0,0
USP-S | Kill Confirmed (Field-Tested),2026-04-15,488.49,0,0
USP-S | Kill Confirmed (Field-Tested),2026-04-16,489.5,0,0
USP-S | Kill Confirmed (Field-Tested),2026-04-17,480.0,0,0
USP-S | Kill Confirmed (Field-Tested),2026-04-18,481.0,0,0
USP-S | Kill Confirmed (Field-Tested),2026-04-19,480.5,0,0
USP-S | Kill Confirmed (Field-Tested),2026-04-20,486.05,0,0
USP-S | Kill Confirmed (Field-Tested),2026-04-21,475.0,0,0
USP-S | Kill Confirmed (Field-Tested),2026-04-22,477.0,0,0
USP-S | Kill Confirmed (Field-Tested),2026-04-23,456.5,0,0
USP-S | Kill Confirmed (Field-Tested),2026-04-24,462.0,0,0
USP-S | Kill Confirmed (Field-Tested),2026-04-25,474.5,0,0
USP-S | Kill Confirmed (Field-Tested),2026-04-26,479.5,0,0
USP-S | Kill Confirmed (Field-Tested),2026-04-27,475.0,0,0
USP-S | Kill Confirmed (Field-Tested),2026-04-28,483.0,0,0
USP-S | Kill Confirmed (Field-Tested),2026-04-29,481.0,0,0
USP-S | Kill Confirmed (Field-Tested),2026-04-30,469.5,0,0
USP-S | Kill Confirmed (Field-Tested),2026-05-01,476.5,0,0
USP-S | Kill Confirmed (Field-Tested),2026-05-02,481.0,0,0
USP-S | Kill Confirmed (Field-Tested),2026-05-03,482.99,0,0
USP-S | Kill Confirmed (Field-Tested),2026-05-04,480.0,0,0
USP-S | Kill Confirmed (Field-Tested),2026-05-05,482.79,0,0
USP-S | Kill Confirmed (Field-Tested),2026-05-06,480.0,0,0
USP-S | Kill Confirmed (Field-Tested),2026-05-07,481.0,0,0
USP-S | Kill Confirmed (Field-Tested),2026-05-08,480.0,0,0
USP-S | Kill Confirmed (Field-Tested),2026-05-09,478.0,0,0
USP-S | Kill Confirmed (Field-Tested),2026-05-10,469.5,0,0
USP-S | Kill Confirmed (Field-Tested),2026-05-11,460.0,0,0
USP-S | Kill Confirmed (Field-Tested),2026-05-12,463.0,0,0
USP-S | Kill Confirmed (Field-Tested),2026-05-13,457.5,0,0
USP-S | Kill Confirmed (Field-Tested),2026-05-14,448.4,0,0
USP-S | Kill Confirmed (Field-Tested),2026-05-15,443.5,0,0
USP-S | Kill Confirmed (Field-Tested),2026-05-16,449.0,0,0
USP-S | Kill Confirmed (Field-Tested),2026-05-17,467.0,0,0
USP-S | Kill Confirmed (Field-Tested),2026-05-18,469.8,0,0
USP-S | Kill Confirmed (Field-Tested),2026-05-19,473.0,0,0
USP-S | Kill Confirmed (Field-Tested),2026-05-20,473.0,0,0
USP-S | Kill Confirmed (Field-Tested),2026-05-21,470.0,0,0
USP-S | Kill Confirmed (Field-Tested),2026-05-22,446.0,0,0
USP-S | Kill Confirmed (Field-Tested),2026-05-23,454.0,0,0
USP-S | Kill Confirmed (Field-Tested),2026-05-24,466.5,0,0
USP-S | Kill Confirmed (Field-Tested),2026-05-25,438.0,0,0
USP-S | Kill Confirmed (Field-Tested),2026-05-26,417.5,0,0
USP-S | Kill Confirmed (Field-Tested),2026-05-27,421.0,0,0
USP-S | Kill Confirmed (Field-Tested),2026-05-28,430.0,0,0
USP-S | Kill Confirmed (Field-Tested),2026-05-29,437.2,0,0
USP-S | Kill Confirmed (Field-Tested),2026-05-30,439.95,0,0
USP-S | Kill Confirmed (Field-Tested),2026-05-31,439.44,0,0
USP-S | Kill Confirmed (Field-Tested),2026-06-01,450.0,0,0
USP-S | Kill Confirmed (Field-Tested),2026-06-02,459.5,0,0
USP-S | Kill Confirmed (Field-Tested),2026-06-03,455.49,0,0
USP-S | Kill Confirmed (Field-Tested),2026-06-04,458.84,0,0
USP-S | Kill Confirmed (Field-Tested),2026-06-05,456.49,0,0
USP-S | Kill Confirmed (Field-Tested),2026-06-06,456.4,0,0
USP-S | Kill Confirmed (Field-Tested),2026-06-07,457.29,0,0
USP-S | Kill Confirmed (Field-Tested),2026-06-08,450.44,0,0
USP-S | Kill Confirmed (Field-Tested),2026-06-09,465.5,0,0
USP-S | Kill Confirmed (Field-Tested),2026-06-10,464.88,0,0
USP-S | Kill Confirmed (Field-Tested),2026-06-11,456.99,0,0
USP-S | Kill Confirmed (Field-Tested),2026-06-12,458.4,0,0
USP-S | Kill Confirmed (Field-Tested),2026-06-13,462.5,0,0
USP-S | Kill Confirmed (Field-Tested),2026-06-14,465.0,0,0
USP-S | Kill Confirmed (Field-Tested),2026-06-15,473.0,0,0
USP-S | Kill Confirmed (Field-Tested),2026-06-16,472.98,0,0
USP-S | Kill Confirmed (Field-Tested),2026-06-17,481.0,0,0
USP-S | Kill Confirmed (Field-Tested),2026-06-18,490.0,0,0
USP-S | Kill Confirmed (Field-Tested),2026-06-19,480.0,0,0
USP-S | Kill Confirmed (Field-Tested),2026-06-20,483.4,0,0
USP-S | Kill Confirmed (Field-Tested),2026-06-21,484.9,0,0
USP-S | Kill Confirmed (Field-Tested),2026-06-22,487.0,0,0
USP-S | Kill Confirmed (Field-Tested),2026-06-23,494.49,0,0
USP-S | Kill Confirmed (Field-Tested),2026-06-24,488.0,0,0
USP-S | Kill Confirmed (Field-Tested),2026-06-25,496.33,0,0
USP-S | Kill Confirmed (Field-Tested),2026-06-26,494.4,0,0
USP-S | Kill Confirmed (Field-Tested),2026-06-27,493.9,0,0
USP-S | Kill Confirmed (Field-Tested),2026-06-28,496.4,0,0
USP-S | Kill Confirmed (Field-Tested),2026-06-29,492.97,0,0
USP-S | Kill Confirmed (Field-Tested),2026-06-30,479.5,0,0
USP-S | Kill Confirmed (Field-Tested),2026-07-01,474.5,0,0
USP-S | Kill Confirmed (Field-Tested),2026-07-02,471.98,0,0
USP-S | Kill Confirmed (Field-Tested),2026-07-03,479.0,0,0
USP-S | Kill Confirmed (Field-Tested),2026-07-04,482.45,0,0
USP-S | Kill Confirmed (Field-Tested),2026-07-05,485.5,0,0
USP-S | Kill Confirmed (Field-Tested),2026-07-06,481.1,0,0
USP-S | Kill Confirmed (Field-Tested),2026-07-07,479.88,0,0
USP-S | Kill Confirmed (Field-Tested),2026-07-08,479.0,0,0
USP-S | Kill Confirmed (Field-Tested),2026-07-09,477.5,0,0
USP-S | Kill Confirmed (Field-Tested),2026-07-10,482.7,0,0
USP-S | Kill Confirmed (Field-Tested),2026-07-11,483.49,0,0
USP-S | Kill Confirmed (Field-Tested),2026-07-12,485.9,0,0
USP-S | Kill Confirmed (Field-Tested),2026-07-13,485.9,0,0
USP-S | Kill Confirmed (Field-Tested),2026-07-14,485.0,0,0
USP-S | Kill Confirmed (Field-Tested),2026-07-15,482.5,0,0
USP-S | Kill Confirmed (Field-Tested),2026-07-16,481.4,0,0
USP-S | Kill Confirmed (Field-Tested),2026-07-17,484.95,0,0
USP-S | Kill Confirmed (Field-Tested),2026-07-18,485.45,0,0
USP-S | Kill Confirmed (Field-Tested),2026-07-19,481.0,0,0
USP-S | Kill Confirmed (Field-Tested),2026-07-20,476.5,0,0
USP-S | Kill Confirmed (Field-Tested),2026-07-21,477.4,0,0
USP-S | Kill Confirmed (Field-Tested),2026-07-22,474.0,0,0
USP-S | Kill Confirmed (Field-Tested),2026-07-23,470.33,0,0
USP-S | Kill Confirmed (Field-Tested),2026-07-24,466.67,0,0
USP-S | Kill Confirmed (Field-Tested),2026-07-25,463.0,0,0
USP-S | Kill Confirmed (Field-Tested),2026-07-26,469.0,0,0
USP-S | Kill Confirmed (Field-Tested),2026-07-27,464.0,0,0
USP-S | Kill Confirmed (Field-Tested),2026-07-28,466.0,0,0
USP-S | Kill Confirmed (Field-Tested),2026-07-29,460.0,0,0
USP-S | Kill Confirmed (Field-Tested),2026-07-30,457.5,0,0
USP-S | Kill Confirmed (Field-Tested),2026-07-31,454.5,0,0
USP-S | Kill Confirmed (Field-Tested),2026-08-01,459.0,0,0
USP-S | Kill Confirmed (Field-Tested),2026-08-02,450.5,0,0
USP-S | Kill Confirmed (Field-Tested),2026-08-03,449.99,0,0
USP-S | Kill Confirmed (Field-Tested),2026-08-04,440.0,0,0
USP-S | Kill Confirmed (Field-Tested),2026-08-05,443.5,0,0
USP-S | Kill Confirmed (Field-Tested),2026-08-06,449.0,0,0
USP-S | Kill Confirmed (Field-Tested),2026-08-07,449.0,0,0
USP-S | Kill Confirmed (Field-Tested),2026-08-08,448.1,0,0
USP-S | Kill Confirmed (Field-Tested),2026-08-09,449.0,0,0
USP-S | Kill Confirmed (Field-Tested),2026-08-10,447.9,0,0
USP-S | Kill Confirmed (Field-Tested),2026-08-11,448.5,0,0
USP-S | Kill Confirmed (Field-Tested),2026-08-12,442.98,0,0
USP-S | Kill Confirmed (Field-Tested),2026-08-13,450.0,0,0
USP-S | Kill Confirmed (Field-Tested),2026-08-14,447.0,0,0
USP-S | Kill Confirmed (Field-Tested),2026-08-15,439.0,0,0
USP-S | Kill Confirmed (Field-Tested),2026-08-16,433.5,0,0
USP-S | Kill Confirmed (Field-Tested),2026-08-17,428.9,0,0
USP-S | Kill Confirmed (Field-Tested),2026-08-18,420.7,0,0
USP-S | Kill Confirmed (Field-Tested),2026-08-19,414.5,0,0
USP-S | Kill Confirmed (Field-Tested),2026-08-20,406.47,0,0
USP-S | Kill Confirmed (Field-Tested),2026-08-21,402.5,0,0
USP-S | Kill Confirmed (Field-Tested),2026-08-22,430.0,0,0
USP-S | Kill Confirmed (Field-Tested),2026-08-23,434.0,0,0
USP-S | Kill Confirmed (Field-Tested),2026-08-24,429.5,0,0
USP-S | Kill Confirmed (Field-Tested),2026-08-25,428.02,0,0
USP-S | Kill Confirmed (Field-Tested),2026-08-26,429.0,0,0
USP-S | Kill Confirmed (Field-Tested),2026-08-27,427.0,0,0
USP-S | Kill Confirmed (Field-Tested),2026-08-28,429.0,0,0
USP-S | Kill Confirmed (Field-Tested),2026-08-29,444.5,0,0
USP-S | Kill Confirmed (Field-Tested),2026-08-30,442.94,0,0
USP-S | Kill Confirmed (Field-Tested),2026-08-31,442.4,0,0
USP-S | Kill Confirmed (Field-Tested),2026-09-01,444.5,0,0
USP-S | Kill Confirmed (Field-Tested),2026-09-02,435.5,0,0
USP-S | Kill Confirmed (Field-Tested),2026-09-03,435.0,0,0
USP-S | Kill Confirmed (Field-Tested),2026-09-04,433.5,0,0
USP-S | Kill Confirmed (Field-Tested),2026-09-05,437.49,0,0
USP-S | Kill Confirmed (Field-Tested),2026-09-06,433.97,0,0
USP-S | Kill Confirmed (Field-Tested),2026-09-07,442.0,0,0
USP-S | Kill Confirmed (Field-Tested),2026-09-08,439.0,0,0
USP-S | Kill Confirmed (Field-Tested),2026-09-09,441.99,0,0
USP-S | Kill Confirmed (Field-Tested),2026-09-10,440.0,0,0
USP-S | Kill Confirmed (Field-Tested),2026-09-11,439.5,0,0
USP-S | Kill Confirmed (Field-Tested),2026-09-12,443.0,0,0
USP-S | Kill Confirmed (Field-Tested),2026-09-13,440.0,0,0
USP-S | Kill Confirmed (Field-Tested),2026-09-14,440.0,0,0
USP-S | Kill Confirmed (Field-Tested),2026-09-15,440.99,0,0
USP-S | Kill Confirmed (Field-Tested),2026-09-16,441.0,0,0
USP-S | Kill Confirmed (Field-Tested),2026-09-17,432.1,0,0
USP-S | Kill Confirmed (Field-Tested),2026-09-18,430.9,0,0
USP-S | Kill Confirmed (Field-Tested),2026-09-19,430.49,0,0
USP-S | Kill Confirmed (Field-Tested),2026-09-20,429.0,0,249
